Sequence,Timestamp,Latitude,Longitude,Signal_dbm,Signal_level,MCC,MNC,CellId,Tac/Lac,Mobile_Network,RSRQ,RSSNR,NRARFCN
1,2024.01.26_12.23.25,-22.8613956,-43.2277819,-113,1,724,05,53821471,44521,6,-11,2147483647
2,2024.01.26_12.23.26,-22.8613956,-43.2277819,-113,1,724,05,53821471,44521,6,-11,2147483647
3,2024.01.26_12.23.27,-22.8613956,-43.2277819,-113,1,724,05,53821471,44521,6,-11,2147483647
4,2024.01.26_12.23.28,-22.8613956,-43.2277819,-113,1,724,05,53821471,44521,6,-11,2147483647
5,2024.01.26_12.23.29,-22.8613956,-43.2277819,-113,1,724,05,53821471,44521,6,-11,2147483647
6,2024.01.26_12.23.30,-22.8613956,-43.2277819,-113,1,724,05,53821471,44521,6,-11,2147483647
7,2024.01.26_12.23.31,-22.8613956,-43.2277819,-113,1,724,05,53821471,44521,6,-11,2147483647
8,2024.01.26_12.23.32,-22.8613956,-43.2277819,-113,1,724,05,53821471,44521,6,-11,2147483647
9,2024.01.26_12.23.33,-22.8613956,-43.2277819,-113,1,724,05,53821471,44521,6,-11,2147483647
10,2024.01.26_12.23.35,-22.8613956,-43.2277819,-113,1,724,05,53821471,44521,6,-11,2147483647
11,2024.01.26_12.23.35,-22.8613956,-43.2277819,-113,1,724,05,53821471,44521,6,-11,2147483647
12,2024.01.26_12.23.35,-22.8613956,-43.2277819,-113,1,724,05,53821471,44521,6,-11,2147483647
13,2024.01.26_12.23.36,-22.8613956,-43.2277819,-113,1,724,05,53821471,44521,6,-11,2147483647
14,2024.01.26_12.23.37,-22.8613956,-43.2277819,-113,1,724,05,53821471,44521,6,-11,2147483647
15,2024.01.26_12.23.38,-22.8613956,-43.2277819,-113,1,724,05,53821471,44521,6,-11,2147483647
16,2024.01.26_12.23.39,-22.8613956,-43.2277819,-113,1,724,05,53821471,44521,6,-11,2147483647
17,2024.01.26_12.23.40,-22.8613956,-43.2277819,-113,1,724,05,53821471,44521,6,-11,2147483647
18,2024.01.26_12.23.41,-22.8613956,-43.2277819,-113,1,724,05,53821471,44521,6,-11,2147483647
19,2024.01.26_12.23.42,-22.8613956,-43.2277819,-113,1,724,05,53821471,44521,6,-11,2147483647
20,2024.01.26_12.23.43,-22.8613956,-43.2277819,-113,1,724,05,53821471,44521,6,-11,2147483647
21,2024.01.26_12.23.44,-22.8613956,-43.2277819,-113,1,724,05,53821471,44521,6,-11,2147483647
22,2024.01.26_12.23.45,-22.8613956,-43.2277819,-113,1,724,05,53821471,44521,6,-11,2147483647
23,2024.01.26_12.23.46,-22.8613956,-43.2277819,-113,1,724,05,53821471,44521,6,-11,2147483647
24,2024.01.26_12.23.47,-22.8613956,-43.2277819,-113,1,724,05,53821471,44521,6,-11,2147483647
25,2024.01.26_12.23.48,-22.8613956,-43.2277819,-113,1,724,05,53821471,44521,6,-11,2147483647
26,2024.01.26_12.23.49,-22.8613956,-43.2277819,-113,1,724,05,53821471,44521,6,-11,2147483647
27,2024.01.26_12.23.50,-22.8613956,-43.2277819,-113,1,724,05,53821471,44521,6,-11,2147483647
28,2024.01.26_12.23.52,-22.8613956,-43.2277819,-113,1,724,05,53821471,44521,6,-11,2147483647
29,2024.01.26_12.23.53,-22.8613956,-43.2277819,-113,1,724,05,53821471,44521,6,-11,2147483647
30,2024.01.26_12.23.53,-22.8613956,-43.2277819,-113,1,724,05,53821471,44521,6,-11,2147483647
31,2024.01.26_12.23.55,-22.8613956,-43.2277819,-113,1,724,05,53821471,44521,6,-11,2147483647
32,2024.01.26_12.23.56,-22.8613956,-43.2277819,-113,1,724,05,53821471,44521,6,-11,2147483647
33,2024.01.26_12.23.56,-22.8613956,-43.2277819,-113,1,724,05,53821471,44521,6,-11,2147483647
34,2024.01.26_12.23.58,-22.8613956,-43.2277819,-113,1,724,05,53821471,44521,6,-11,2147483647
35,2024.01.26_12.23.59,-22.8613956,-43.2277819,-113,1,724,05,53821471,44521,6,-11,2147483647
36,2024.01.26_12.23.59,-22.8613956,-43.2277819,-113,1,724,05,53821471,44521,6,-11,2147483647
37,2024.01.26_12.24.00,-22.8613956,-43.2277819,-113,1,724,05,53821471,44521,6,-11,2147483647
38,2024.01.26_12.24.01,-22.8613956,-43.2277819,-113,1,724,05,53821471,44521,6,-11,2147483647
39,2024.01.26_12.24.02,-22.8613956,-43.2277819,-113,1,724,05,53821471,44521,6,-11,2147483647
40,2024.01.26_12.24.04,-22.8613956,-43.2277819,-113,1,724,05,53821471,44521,6,-11,2147483647
41,2024.01.26_12.24.04,-22.8613956,-43.2277819,-113,1,724,05,53821471,44521,6,-11,2147483647
42,2024.01.26_12.24.06,-22.8613956,-43.2277819,-113,1,724,05,53821471,44521,6,-11,2147483647
43,2024.01.26_12.24.07,-22.8613956,-43.2277819,-113,1,724,05,53821471,44521,6,-11,2147483647
44,2024.01.26_12.24.07,-22.8613956,-43.2277819,-113,1,724,05,53821471,44521,6,-11,2147483647
45,2024.01.26_12.24.09,-22.8613956,-43.2277819,-113,1,724,05,53821471,44521,6,-11,2147483647
46,2024.01.26_12.24.10,-22.8613956,-43.2277819,-113,1,724,05,53821471,44521,6,-11,2147483647
47,2024.01.26_12.24.11,-22.8613956,-43.2277819,-113,1,724,05,53821471,44521,6,-11,2147483647
48,2024.01.26_12.24.12,-22.8613956,-43.2277819,-113,1,724,05,53821471,44521,6,-11,2147483647
49,2024.01.26_12.24.13,-22.8613956,-43.2277819,-113,1,724,05,53821471,44521,6,-11,2147483647
50,2024.01.26_12.24.14,-22.8613956,-43.2277819,-113,1,724,05,53821471,44521,6,-11,2147483647
51,2024.01.26_12.24.15,-22.8613956,-43.2277819,-113,1,724,05,53821471,44521,6,-11,2147483647
52,2024.01.26_12.24.16,-22.8613956,-43.2277819,-113,1,724,05,53821471,44521,6,-11,2147483647
53,2024.01.26_12.24.17,-22.8613956,-43.2277819,-113,1,724,05,53821471,44521,6,-11,2147483647
54,2024.01.26_12.24.18,-22.8613956,-43.2277819,-113,1,724,05,53821471,44521,6,-11,2147483647
55,2024.01.26_12.24.19,-22.8613956,-43.2277819,-113,1,724,05,53821471,44521,6,-11,2147483647
56,2024.01.26_12.24.20,-22.8613956,-43.2277819,-113,1,724,05,53821471,44521,6,-11,2147483647
57,2024.01.26_12.24.21,-22.8613956,-43.2277819,-113,1,724,05,53821471,44521,6,-11,2147483647
58,2024.01.26_12.24.22,-22.8613956,-43.2277819,-113,1,724,05,53821471,44521,6,-11,2147483647
59,2024.01.26_12.24.23,-22.8613956,-43.2277819,-113,1,724,05,53821471,44521,6,-11,2147483647
60,2024.01.26_12.24.24,-22.8613956,-43.2277819,-113,1,724,05,53821471,44521,6,-11,2147483647
61,2024.01.26_12.24.25,-22.8613956,-43.2277819,-113,1,724,05,53821471,44521,6,-11,2147483647
62,2024.01.26_12.24.26,-22.8613956,-43.2277819,-113,1,724,05,53821471,44521,6,-11,2147483647
63,2024.01.26_12.24.27,-22.8613956,-43.2277819,-113,1,724,05,53821471,44521,6,-11,2147483647
64,2024.01.26_12.24.28,-22.8613956,-43.2277819,-113,1,724,05,53821471,44521,6,-11,2147483647
65,2024.01.26_12.24.29,-22.8613956,-43.2277819,-113,1,724,05,53821471,44521,6,-11,2147483647
66,2024.01.26_12.24.30,-22.8613956,-43.2277819,-113,1,724,05,53821471,44521,6,-11,2147483647
67,2024.01.26_12.24.31,-22.8613956,-43.2277819,-113,1,724,05,53821471,44521,6,-11,2147483647
68,2024.01.26_12.24.32,-22.8613956,-43.2277819,-113,1,724,05,53821471,44521,6,-11,2147483647
69,2024.01.26_12.24.33,-22.8613956,-43.2277819,-113,1,724,05,53821471,44521,6,-11,2147483647
70,2024.01.26_12.24.34,-22.8613956,-43.2277819,-113,1,724,05,53821471,44521,6,-11,2147483647
71,2024.01.26_12.24.35,-22.8613956,-43.2277819,-113,1,724,05,53821471,44521,6,-11,2147483647
72,2024.01.26_12.24.36,-22.8613956,-43.2277819,-113,1,724,05,53821471,44521,6,-11,2147483647
73,2024.01.26_12.24.37,-22.8613956,-43.2277819,-113,1,724,05,53821471,44521,6,-11,2147483647
74,2024.01.26_12.24.38,-22.8613956,-43.2277819,-113,1,724,05,53821471,44521,6,-11,2147483647
75,2024.01.26_12.24.39,-22.8613956,-43.2277819,-113,1,724,05,53821471,44521,6,-11,2147483647
76,2024.01.26_12.24.40,-22.8613956,-43.2277819,-113,1,724,05,53821471,44521,6,-11,2147483647
77,2024.01.26_12.24.41,-22.8613956,-43.2277819,-113,1,724,05,53821471,44521,6,-11,2147483647
78,2024.01.26_12.24.42,-22.8613956,-43.2277819,-113,1,724,05,53821471,44521,6,-11,2147483647
79,2024.01.26_12.24.43,-22.8613956,-43.2277819,-113,1,724,05,53821471,44521,6,-11,2147483647
80,2024.01.26_12.24.44,-22.8613956,-43.2277819,-113,1,724,05,53821471,44521,6,-11,2147483647
81,2024.01.26_12.24.45,-22.8613956,-43.2277819,-113,1,724,05,53821471,44521,6,-11,2147483647
82,2024.01.26_12.24.46,-22.8613956,-43.2277819,-113,1,724,05,53821471,44521,6,-11,2147483647
83,2024.01.26_12.24.47,-22.8613956,-43.2277819,-113,1,724,05,53821471,44521,6,-11,2147483647
84,2024.01.26_12.24.48,-22.8613956,-43.2277819,-113,1,724,05,53821471,44521,6,-11,2147483647
85,2024.01.26_12.24.49,-22.8613956,-43.2277819,-113,1,724,05,53821471,44521,6,-11,2147483647
86,2024.01.26_12.24.50,-22.8613956,-43.2277819,-113,1,724,05,53821471,44521,6,-11,2147483647
87,2024.01.26_12.24.51,-22.8613956,-43.2277819,-113,1,724,05,53821471,44521,6,-11,2147483647
88,2024.01.26_12.24.52,-22.8613956,-43.2277819,-113,1,724,05,53821471,44521,6,-11,2147483647
89,2024.01.26_12.24.53,-22.8613956,-43.2277819,-113,1,724,05,53821471,44521,6,-11,2147483647
90,2024.01.26_12.24.54,-22.8613956,-43.2277819,-113,1,724,05,53821471,44521,6,-11,2147483647
91,2024.01.26_12.24.55,-22.8613956,-43.2277819,-113,1,724,05,53821471,44521,6,-11,2147483647
92,2024.01.26_12.24.56,-22.8613956,-43.2277819,-113,1,724,05,53821471,44521,6,-11,2147483647
93,2024.01.26_12.24.57,-22.8613956,-43.2277819,-113,1,724,05,53821471,44521,6,-11,2147483647
94,2024.01.26_12.24.58,-22.8613956,-43.2277819,-113,1,724,05,53821471,44521,6,-11,2147483647
95,2024.01.26_12.24.59,-22.8613956,-43.2277819,-113,1,724,05,53821471,44521,6,-11,2147483647
96,2024.01.26_12.25.00,-22.8613956,-43.2277819,-113,1,724,05,53821471,44521,6,-11,2147483647
97,2024.01.26_12.25.01,-22.8613956,-43.2277819,-113,1,724,05,53821471,44521,6,-11,2147483647
98,2024.01.26_12.25.02,-22.8613956,-43.2277819,-113,1,724,05,53821471,44521,6,-11,2147483647
99,2024.01.26_12.25.03,-22.8613956,-43.2277819,-113,1,724,05,53821471,44521,6,-11,2147483647
100,2024.01.26_12.25.04,-22.8613956,-43.2277819,-113,1,724,05,53821471,44521,6,-11,2147483647
101,2024.01.26_12.25.05,-22.8613956,-43.2277819,-113,1,724,05,53821471,44521,6,-11,2147483647
102,2024.01.26_12.25.06,-22.8613956,-43.2277819,-113,1,724,05,53821471,44521,6,-11,2147483647
103,2024.01.26_12.25.07,-22.8613956,-43.2277819,-113,1,724,05,53821471,44521,6,-11,2147483647
104,2024.01.26_12.25.08,-22.8613956,-43.2277819,-113,1,724,05,53821471,44521,6,-11,2147483647
105,2024.01.26_12.25.09,-22.8613956,-43.2277819,-113,1,724,05,53821471,44521,6,-11,2147483647
106,2024.01.26_12.25.10,-22.8613956,-43.2277819,-113,1,724,05,53821471,44521,6,-11,2147483647
107,2024.01.26_12.25.11,-22.8613956,-43.2277819,-113,1,724,05,53821471,44521,6,-11,2147483647
108,2024.01.26_12.25.12,-22.8613956,-43.2277819,-113,1,724,05,53821471,44521,6,-11,2147483647
109,2024.01.26_12.25.13,-22.8613956,-43.2277819,-113,1,724,05,53821471,44521,6,-11,2147483647
110,2024.01.26_12.25.14,-22.8613956,-43.2277819,-113,1,724,05,53821471,44521,6,-11,2147483647
111,2024.01.26_12.25.15,-22.8613956,-43.2277819,-113,1,724,05,53821471,44521,6,-11,2147483647
112,2024.01.26_12.25.16,-22.8613956,-43.2277819,-113,1,724,05,53821471,44521,6,-11,2147483647
113,2024.01.26_12.25.17,-22.8613956,-43.2277819,-113,1,724,05,53821471,44521,6,-11,2147483647
114,2024.01.26_12.25.18,-22.8613956,-43.2277819,-113,1,724,05,53821471,44521,6,-11,2147483647
115,2024.01.26_12.25.19,-22.8613956,-43.2277819,-113,1,724,05,53821471,44521,6,-11,2147483647
116,2024.01.26_12.25.20,-22.8613956,-43.2277819,-113,1,724,05,53821471,44521,6,-11,2147483647
117,2024.01.26_12.25.21,-22.8613956,-43.2277819,-113,1,724,05,53821471,44521,6,-11,2147483647
118,2024.01.26_12.25.22,-22.8613956,-43.2277819,-113,1,724,05,53821471,44521,6,-11,2147483647
119,2024.01.26_12.25.23,-22.8613956,-43.2277819,-113,1,724,05,53821471,44521,6,-11,2147483647
120,2024.01.26_12.25.24,-22.8613956,-43.2277819,-113,1,724,05,53821471,44521,6,-11,2147483647
121,2024.01.26_12.25.25,-22.8613956,-43.2277819,-113,1,724,05,53821471,44521,6,-11,2147483647
122,2024.01.26_12.25.26,-22.8613956,-43.2277819,-113,1,724,05,53821471,44521,6,-11,2147483647
123,2024.01.26_12.25.27,-22.8613956,-43.2277819,-113,1,724,05,53821471,44521,6,-11,2147483647
124,2024.01.26_12.25.28,-22.8613956,-43.2277819,-113,1,724,05,53821471,44521,6,-11,2147483647
125,2024.01.26_12.25.29,-22.8613956,-43.2277819,-113,1,724,05,53821471,44521,6,-11,2147483647
126,2024.01.26_12.25.30,-22.8613956,-43.2277819,-113,1,724,05,53821471,44521,6,-11,2147483647
127,2024.01.26_12.25.31,-22.8613956,-43.2277819,-113,1,724,05,53821471,44521,6,-11,2147483647
128,2024.01.26_12.25.32,-22.8613956,-43.2277819,-113,1,724,05,53821471,44521,6,-11,2147483647
129,2024.01.26_12.25.33,-22.8613956,-43.2277819,-113,1,724,05,53821471,44521,6,-11,2147483647
130,2024.01.26_12.25.34,-22.8613956,-43.2277819,-113,1,724,05,53821471,44521,6,-11,2147483647
131,2024.01.26_12.25.35,-22.8613956,-43.2277819,-113,1,724,05,53821471,44521,6,-11,2147483647
132,2024.01.26_12.25.36,-22.8613956,-43.2277819,-113,1,724,05,53821471,44521,6,-11,2147483647
133,2024.01.26_12.25.37,-22.8613956,-43.2277819,-113,1,724,05,53821471,44521,6,-11,2147483647
134,2024.01.26_12.25.38,-22.8613956,-43.2277819,-113,1,724,05,53821471,44521,6,-11,2147483647
135,2024.01.26_12.25.39,-22.8613956,-43.2277819,-113,1,724,05,53821471,44521,6,-11,2147483647
136,2024.01.26_12.25.40,-22.8613956,-43.2277819,-113,1,724,05,53821471,44521,6,-11,2147483647
137,2024.01.26_12.25.41,-22.8613956,-43.2277819,-113,1,724,05,53821471,44521,6,-11,2147483647
138,2024.01.26_12.25.42,-22.8613956,-43.2277819,-113,1,724,05,53821471,44521,6,-11,2147483647
139,2024.01.26_12.25.49,-22.8613956,-43.2277819,-91,3,724,05,53821470,44521,6,-8,2
140,2024.01.26_12.25.50,-22.8613956,-43.2277819,-91,3,724,05,53821470,44521,6,-8,2
141,2024.01.26_12.25.50,-22.8613956,-43.2277819,-91,3,724,05,53821470,44521,6,-8,2
142,2024.01.26_12.25.50,-22.8613956,-43.2277819,-91,3,724,05,53821470,44521,6,-8,2
143,2024.01.26_12.25.51,-22.8613956,-43.2277819,-91,3,724,05,53821470,44521,6,-8,2
144,2024.01.26_12.25.51,-22.8613956,-43.2277819,-91,3,724,05,53821470,44521,6,-8,2
145,2024.01.26_12.25.52,-22.8613956,-43.2277819,-91,3,724,05,53821470,44521,6,-8,2
146,2024.01.26_12.25.52,-22.8613956,-43.2277819,-91,3,724,05,53821470,44521,6,-8,2
147,2024.01.26_12.25.53,-22.8613956,-43.2277819,-91,3,724,05,53821470,44521,6,-8,2
148,2024.01.26_12.25.53,-22.8613956,-43.2277819,-91,3,724,05,53821470,44521,6,-8,2
149,2024.01.26_12.25.54,-22.8613956,-43.2277819,-91,3,724,05,53821470,44521,6,-8,2
150,2024.01.26_12.25.55,-22.8613956,-43.2277819,-91,3,724,05,53821470,44521,6,-8,2
151,2024.01.26_12.25.56,-22.8613956,-43.2277819,-91,3,724,05,53821470,44521,6,-8,2
152,2024.01.26_12.25.57,-22.8613956,-43.2277819,-91,3,724,05,53821470,44521,6,-8,2
153,2024.01.26_12.25.59,-22.8613956,-43.2277819,-91,3,724,05,53821470,44521,6,-8,2
154,2024.01.26_12.25.59,-22.8613956,-43.2277819,-91,3,724,05,53821470,44521,6,-8,2
155,2024.01.26_12.26.02,-22.8613956,-43.2277819,-91,3,724,05,53821470,44521,6,-8,2
156,2024.01.26_12.26.02,-22.8613956,-43.2277819,-91,3,724,05,53821470,44521,6,-8,2
157,2024.01.26_12.26.02,-22.8613956,-43.2277819,-91,3,724,05,53821470,44521,6,-8,2
158,2024.01.26_12.26.03,-22.8613956,-43.2277819,-91,3,724,05,53821470,44521,6,-8,2
159,2024.01.26_12.26.04,-22.8613956,-43.2277819,-91,3,724,05,53821470,44521,6,-8,2
160,2024.01.26_12.26.05,-22.8613956,-43.2277819,-91,3,724,05,53821470,44521,6,-8,2
161,2024.01.26_12.26.06,-22.8613956,-43.2277819,-91,3,724,05,53821470,44521,6,-8,2
162,2024.01.26_12.26.07,-22.8613956,-43.2277819,-91,3,724,05,53821470,44521,6,-8,2
163,2024.01.26_12.26.08,-22.8613956,-43.2277819,-91,3,724,05,53821470,44521,6,-8,2
164,2024.01.26_12.26.09,-22.8613956,-43.2277819,-91,3,724,05,53821470,44521,6,-8,2
165,2024.01.26_12.26.10,-22.8613956,-43.2277819,-91,3,724,05,53821470,44521,6,-8,2
166,2024.01.26_12.26.11,-22.8613956,-43.2277819,-91,3,724,05,53821470,44521,6,-8,2
167,2024.01.26_12.26.13,-22.8613956,-43.2277819,-91,3,724,05,53821470,44521,6,-8,2
168,2024.01.26_12.26.13,-22.8613956,-43.2277819,-91,3,724,05,53821470,44521,6,-8,2
169,2024.01.26_12.26.14,-22.8613956,-43.2277819,-91,3,724,05,53821470,44521,6,-8,2
170,2024.01.26_12.26.15,-22.8613956,-43.2277819,-91,3,724,05,53821470,44521,6,-8,2
171,2024.01.26_12.26.16,-22.8613956,-43.2277819,-91,3,724,05,53821470,44521,6,-8,2
172,2024.01.26_12.26.17,-22.8613956,-43.2277819,-91,3,724,05,53821470,44521,6,-8,2
173,2024.01.26_12.26.18,-22.8613956,-43.2277819,-91,3,724,05,53821470,44521,6,-8,2
174,2024.01.26_12.26.19,-22.8613956,-43.2277819,-91,3,724,05,53821470,44521,6,-8,2
175,2024.01.26_12.26.20,-22.8613956,-43.2277819,-91,3,724,05,53821470,44521,6,-8,2
176,2024.01.26_12.26.21,-22.8613956,-43.2277819,-91,3,724,05,53821470,44521,6,-8,2
177,2024.01.26_12.26.22,-22.8613956,-43.2277819,-91,3,724,05,53821470,44521,6,-8,2
178,2024.01.26_12.26.26,-22.8613956,-43.2277819,-91,3,724,05,53821470,44521,6,-8,2
179,2024.01.26_12.26.27,-22.8613956,-43.2277819,-91,3,724,05,53821470,44521,6,-8,2
180,2024.01.26_12.26.28,-22.8613956,-43.2277819,-91,3,724,05,53821470,44521,6,-8,2
181,2024.01.26_12.26.29,-22.8613956,-43.2277819,-91,3,724,05,53821470,44521,6,-8,2
182,2024.01.26_12.26.48,-22.8613956,-43.2277819,-91,3,724,05,53821470,44521,6,-8,2
183,2024.01.26_12.26.48,-22.8613956,-43.2277819,-91,3,724,05,53821470,44521,6,-8,2
184,2024.01.26_12.26.49,-22.8613956,-43.2277819,-91,3,724,05,53821470,44521,6,-8,2
185,2024.01.26_12.26.49,-22.8613956,-43.2277819,-91,3,724,05,53821470,44521,6,-8,2
186,2024.01.26_12.26.49,-22.8613956,-43.2277819,-91,3,724,05,53821470,44521,6,-8,2
187,2024.01.26_12.26.50,-22.8613956,-43.2277819,-91,3,724,05,53821470,44521,6,-8,2
188,2024.01.26_12.26.50,-22.8613956,-43.2277819,-91,3,724,05,53821470,44521,6,-8,2
189,2024.01.26_12.26.50,-22.8613956,-43.2277819,-91,3,724,05,53821470,44521,6,-8,2
190,2024.01.26_12.26.51,-22.8613956,-43.2277819,-91,3,724,05,53821470,44521,6,-8,2
191,2024.01.26_12.26.51,-22.8613956,-43.2277819,-91,3,724,05,53821470,44521,6,-8,2
192,2024.01.26_12.26.51,-22.8613956,-43.2277819,-91,3,724,05,53821470,44521,6,-8,2
193,2024.01.26_12.26.52,-22.8613956,-43.2277819,-91,3,724,05,53821470,44521,6,-8,2
194,2024.01.26_12.26.53,-22.8613956,-43.2277819,-91,3,724,05,53821470,44521,6,-8,2
195,2024.01.26_12.26.54,-22.8613956,-43.2277819,-91,3,724,05,53821470,44521,6,-8,2
196,2024.01.26_12.26.55,-22.8586422,-43.2300172,-91,3,724,05,53821470,44521,6,-8,2
197,2024.01.26_12.26.56,-22.8586422,-43.2300172,-91,3,724,05,53821470,44521,6,-8,2
198,2024.01.26_12.26.57,-22.8586422,-43.2300172,-91,3,724,05,53821470,44521,6,-8,2
199,2024.01.26_12.26.58,-22.8586422,-43.2300172,-91,3,724,05,53821470,44521,6,-8,2
200,2024.01.26_12.26.59,-22.8586422,-43.2300172,-91,3,724,05,53821470,44521,6,-8,2
201,2024.01.26_12.27.01,-22.8586422,-43.2300172,-91,3,724,05,53821470,44521,6,-8,2
202,2024.01.26_12.27.01,-22.8586422,-43.2300172,-91,3,724,05,53821470,44521,6,-8,2
203,2024.01.26_12.27.02,-22.8586422,-43.2300172,-91,3,724,05,53821470,44521,6,-8,2
204,2024.01.26_12.27.03,-22.8586422,-43.2300172,-91,3,724,05,53821470,44521,6,-8,2
205,2024.01.26_12.27.04,-22.8586422,-43.2300172,-91,3,724,05,53821470,44521,6,-8,2
206,2024.01.26_12.27.05,-22.8586422,-43.2300172,-91,3,724,05,53821470,44521,6,-8,2
207,2024.01.26_12.27.06,-22.8586422,-43.2300172,-91,3,724,05,53821470,44521,6,-8,2
208,2024.01.26_12.27.07,-22.8586422,-43.2300172,-91,3,724,05,53821470,44521,6,-8,2
209,2024.01.26_12.27.08,-22.8586422,-43.2300172,-91,3,724,05,53821470,44521,6,-8,2
210,2024.01.26_12.27.09,-22.8586422,-43.2300172,-91,3,724,05,53821470,44521,6,-8,2
211,2024.01.26_12.27.10,-22.8586422,-43.2300172,-91,3,724,05,53821470,44521,6,-8,2
212,2024.01.26_12.27.12,-22.8586422,-43.2300172,-91,3,724,05,53821470,44521,6,-8,2
213,2024.01.26_12.27.12,-22.8586422,-43.2300172,-91,3,724,05,53821470,44521,6,-8,2
214,2024.01.26_12.27.13,-22.8586422,-43.2300172,-91,3,724,05,53821470,44521,6,-8,2
215,2024.01.26_12.27.14,-22.8586422,-43.2300172,-91,3,724,05,53821470,44521,6,-8,2
216,2024.01.26_12.27.15,-22.8586422,-43.2300172,-91,3,724,05,53821470,44521,6,-8,2
217,2024.01.26_12.27.16,-22.8586422,-43.2300172,-91,3,724,05,53821470,44521,6,-8,2
218,2024.01.26_12.27.17,-22.8586422,-43.2300172,-91,3,724,05,53821470,44521,6,-8,2
219,2024.01.26_12.27.18,-22.8586422,-43.2300172,-91,3,724,05,53821470,44521,6,-8,2
220,2024.01.26_12.27.19,-22.8586422,-43.2300172,-91,3,724,05,53821470,44521,6,-8,2
221,2024.01.26_12.27.21,-22.8586422,-43.2300172,-91,3,724,05,53821470,44521,6,-8,2
222,2024.01.26_12.27.21,-22.8586422,-43.2300172,-91,3,724,05,53821470,44521,6,-8,2
223,2024.01.26_12.27.22,-22.8586422,-43.2300172,-91,3,724,05,53821470,44521,6,-8,2
224,2024.01.26_12.27.23,-22.8586422,-43.2300172,-91,3,724,05,53821470,44521,6,-8,2
225,2024.01.26_12.27.24,-22.8586422,-43.2300172,-91,3,724,05,53821470,44521,6,-8,2
226,2024.01.26_12.27.26,-22.8586422,-43.2300172,-91,3,724,05,53821470,44521,6,-8,2
227,2024.01.26_12.27.27,-22.8586422,-43.2300172,-91,3,724,05,53821470,44521,6,-8,2
228,2024.01.26_12.27.27,-22.8586422,-43.2300172,-91,3,724,05,53821470,44521,6,-8,2
229,2024.01.26_12.27.28,-22.8586422,-43.2300172,-91,3,724,05,53821470,44521,6,-8,2
230,2024.01.26_12.27.29,-22.8586422,-43.2300172,-91,3,724,05,53821470,44521,6,-8,2
231,2024.01.26_12.27.30,-22.8586422,-43.2300172,-91,3,724,05,53821470,44521,6,-8,2
232,2024.01.26_12.27.31,-22.8586422,-43.2300172,-91,3,724,05,53821470,44521,6,-8,2
233,2024.01.26_12.27.32,-22.8586422,-43.2300172,-91,3,724,05,53821470,44521,6,-8,2
234,2024.01.26_12.27.33,-22.8586422,-43.2300172,-91,3,724,05,53821470,44521,6,-8,2
235,2024.01.26_12.27.34,-22.8586422,-43.2300172,-91,3,724,05,53821470,44521,6,-8,2
236,2024.01.26_12.27.35,-22.8586422,-43.2300172,-91,3,724,05,53821470,44521,6,-8,2
237,2024.01.26_12.27.36,-22.8586422,-43.2300172,-91,3,724,05,53821470,44521,6,-8,2
238,2024.01.26_12.27.37,-22.8586422,-43.2300172,-91,3,724,05,53821470,44521,6,-8,2
239,2024.01.26_12.27.38,-22.8586422,-43.2300172,-91,3,724,05,53821470,44521,6,-8,2
240,2024.01.26_12.27.39,-22.8586422,-43.2300172,-91,3,724,05,53821470,44521,6,-8,2
241,2024.01.26_12.27.40,-22.8586422,-43.2300172,-91,3,724,05,53821470,44521,6,-8,2
242,2024.01.26_12.27.41,-22.8586422,-43.2300172,-91,3,724,05,53821470,44521,6,-8,2
243,2024.01.26_12.27.42,-22.8586422,-43.2300172,-91,3,724,05,53821470,44521,6,-8,2
244,2024.01.26_12.27.43,-22.8586422,-43.2300172,-91,3,724,05,53821470,44521,6,-8,2
245,2024.01.26_12.27.44,-22.8586422,-43.2300172,-91,3,724,05,53821470,44521,6,-8,2
246,2024.01.26_12.27.45,-22.8586422,-43.2300172,-91,3,724,05,53821470,44521,6,-8,2
247,2024.01.26_12.27.46,-22.8586422,-43.2300172,-91,3,724,05,53821470,44521,6,-8,2
248,2024.01.26_12.27.47,-22.8586422,-43.2300172,-91,3,724,05,53821470,44521,6,-8,2
249,2024.01.26_12.27.48,-22.8586422,-43.2300172,-91,3,724,05,53821470,44521,6,-8,2
250,2024.01.26_12.27.49,-22.8586422,-43.2300172,-91,3,724,05,53821470,44521,6,-8,2
251,2024.01.26_12.27.50,-22.8586422,-43.2300172,-91,3,724,05,53821470,44521,6,-8,2
252,2024.01.26_12.27.51,-22.8586422,-43.2300172,-91,3,724,05,53821470,44521,6,-8,2
253,2024.01.26_12.27.52,-22.8586422,-43.2300172,-91,3,724,05,53821470,44521,6,-8,2
254,2024.01.26_12.27.53,-22.8586422,-43.2300172,-91,3,724,05,53821470,44521,6,-8,2
255,2024.01.26_12.27.54,-22.8586422,-43.2300172,-91,3,724,05,53821470,44521,6,-8,2
256,2024.01.26_12.27.55,-22.8586422,-43.2300172,-91,3,724,05,53821470,44521,6,-8,2
257,2024.01.26_12.27.56,-22.8586422,-43.2300172,-91,3,724,05,53821470,44521,6,-8,2
258,2024.01.26_12.27.57,-22.8586422,-43.2300172,-91,3,724,05,53821470,44521,6,-8,2
259,2024.01.26_12.27.58,-22.8586422,-43.2300172,-91,3,724,05,53821470,44521,6,-8,2
260,2024.01.26_12.27.59,-22.8586422,-43.2300172,-91,3,724,05,53821470,44521,6,-8,2
261,2024.01.26_12.28.00,-22.8586422,-43.2300172,-91,3,724,05,53821470,44521,6,-8,2
262,2024.01.26_12.28.01,-22.8586422,-43.2300172,-91,3,724,05,53821470,44521,6,-8,2
263,2024.01.26_12.28.02,-22.8586422,-43.2300172,-91,3,724,05,53821470,44521,6,-8,2
264,2024.01.26_12.28.03,-22.8586422,-43.2300172,-91,3,724,05,53821470,44521,6,-8,2
265,2024.01.26_12.28.04,-22.8586422,-43.2300172,-91,3,724,05,53821470,44521,6,-8,2
266,2024.01.26_12.28.05,-22.8586422,-43.2300172,-91,3,724,05,53821470,44521,6,-8,2
267,2024.01.26_12.28.06,-22.8586422,-43.2300172,-91,3,724,05,53821470,44521,6,-8,2
268,2024.01.26_12.28.07,-22.8586422,-43.2300172,-91,3,724,05,53821470,44521,6,-8,2
269,2024.01.26_12.28.08,-22.8586422,-43.2300172,-91,3,724,05,53821470,44521,6,-8,2
270,2024.01.26_12.28.09,-22.8586422,-43.2300172,-91,3,724,05,53821470,44521,6,-8,2
271,2024.01.26_12.28.10,-22.8586422,-43.2300172,-91,3,724,05,53821470,44521,6,-8,2
272,2024.01.26_12.28.11,-22.8586422,-43.2300172,-91,3,724,05,53821470,44521,6,-8,2
273,2024.01.26_12.28.12,-22.8586422,-43.2300172,-91,3,724,05,53821470,44521,6,-8,2
274,2024.01.26_12.28.13,-22.8586422,-43.2300172,-91,3,724,05,53821470,44521,6,-8,2
275,2024.01.26_12.28.14,-22.8586422,-43.2300172,-91,3,724,05,53821470,44521,6,-8,2
276,2024.01.26_12.28.15,-22.8586422,-43.2300172,-91,3,724,05,53821470,44521,6,-8,2
277,2024.01.26_12.28.16,-22.8586422,-43.2300172,-91,3,724,05,53821470,44521,6,-8,2
278,2024.01.26_12.28.17,-22.8586422,-43.2300172,-91,3,724,05,53821470,44521,6,-8,2
279,2024.01.26_12.28.18,-22.8586422,-43.2300172,-91,3,724,05,53821470,44521,6,-8,2
280,2024.01.26_12.28.20,-22.8586422,-43.2300172,-91,3,724,05,53821470,44521,6,-8,2
281,2024.01.26_12.28.20,-22.8586422,-43.2300172,-91,3,724,05,53821470,44521,6,-8,2
282,2024.01.26_12.28.22,-22.8586422,-43.2300172,-91,3,724,05,53821470,44521,6,-8,2
283,2024.01.26_12.28.23,-22.8586422,-43.2300172,-91,3,724,05,53821470,44521,6,-8,2
284,2024.01.26_12.28.24,-22.8586422,-43.2300172,-91,3,724,05,53821470,44521,6,-8,2
285,2024.01.26_12.28.24,-22.8586422,-43.2300172,-91,3,724,05,53821470,44521,6,-8,2
286,2024.01.26_12.28.25,-22.8586422,-43.2300172,-91,3,724,05,53821470,44521,6,-8,2
287,2024.01.26_12.28.26,-22.8586422,-43.2300172,-91,3,724,05,53821470,44521,6,-8,2
288,2024.01.26_12.28.27,-22.8586422,-43.2300172,-91,3,724,05,53821470,44521,6,-8,2
289,2024.01.26_12.28.28,-22.8586422,-43.2300172,-91,3,724,05,53821470,44521,6,-8,2
290,2024.01.26_12.28.29,-22.8586422,-43.2300172,-91,3,724,05,53821470,44521,6,-8,2
291,2024.01.26_12.28.30,-22.8586422,-43.2300172,-91,3,724,05,53821470,44521,6,-8,2
292,2024.01.26_12.28.31,-22.8586422,-43.2300172,-91,3,724,05,53821470,44521,6,-8,2
293,2024.01.26_12.28.33,-22.8586422,-43.2300172,-91,3,724,05,53821470,44521,6,-8,2
294,2024.01.26_12.28.34,-22.8586422,-43.2300172,-91,3,724,05,53821470,44521,6,-8,2
295,2024.01.26_12.28.35,-22.8586422,-43.2300172,-91,3,724,05,53821470,44521,6,-8,2
296,2024.01.26_12.28.36,-22.8586422,-43.2300172,-91,3,724,05,53821470,44521,6,-8,2
297,2024.01.26_12.28.36,-22.8586422,-43.2300172,-91,3,724,05,53821470,44521,6,-8,2
298,2024.01.26_12.28.37,-22.8586422,-43.2300172,-91,3,724,05,53821470,44521,6,-8,2
299,2024.01.26_12.28.39,-22.8586422,-43.2300172,-91,3,724,05,53821470,44521,6,-8,2
300,2024.01.26_12.28.40,-22.8586422,-43.2300172,-91,3,724,05,53821470,44521,6,-8,2
301,2024.01.26_12.28.42,-22.8586422,-43.2300172,-91,3,724,05,53821470,44521,6,-8,2
302,2024.01.26_12.28.42,-22.8586422,-43.2300172,-91,3,724,05,53821470,44521,6,-8,2
303,2024.01.26_12.28.43,-22.8586422,-43.2300172,-91,3,724,05,53821470,44521,6,-8,2
304,2024.01.26_12.28.44,-22.8586422,-43.2300172,-91,3,724,05,53821470,44521,6,-8,2
305,2024.01.26_12.28.45,-22.8586422,-43.2300172,-91,3,724,05,53821470,44521,6,-8,2
306,2024.01.26_12.28.46,-22.8586422,-43.2300172,-91,3,724,05,53821470,44521,6,-8,2
307,2024.01.26_12.28.47,-22.8586422,-43.2300172,-91,3,724,05,53821470,44521,6,-8,2
308,2024.01.26_12.28.48,-22.8586422,-43.2300172,-91,3,724,05,53821470,44521,6,-8,2
309,2024.01.26_12.28.49,-22.8586422,-43.2300172,-91,3,724,05,53821470,44521,6,-8,2
310,2024.01.26_12.28.50,-22.8586422,-43.2300172,-91,3,724,05,53821470,44521,6,-8,2
311,2024.01.26_12.28.51,-22.8586422,-43.2300172,-91,3,724,05,53821470,44521,6,-8,2
312,2024.01.26_12.28.52,-22.8586422,-43.2300172,-91,3,724,05,53821470,44521,6,-8,2
313,2024.01.26_12.28.53,-22.8586422,-43.2300172,-91,3,724,05,53821470,44521,6,-8,2
314,2024.01.26_12.28.54,-22.8586422,-43.2300172,-91,3,724,05,53821470,44521,6,-8,2
315,2024.01.26_12.28.55,-22.8586422,-43.2300172,-91,3,724,05,53821470,44521,6,-8,2
316,2024.01.26_12.28.56,-22.8586422,-43.2300172,-91,3,724,05,53821470,44521,6,-8,2
317,2024.01.26_12.29.02,-22.8586422,-43.2300172,-91,3,724,05,53821470,44521,6,-8,2
318,2024.01.26_12.29.02,-22.8586422,-43.2300172,-91,3,724,05,53821470,44521,6,-8,2
319,2024.01.26_12.29.02,-22.8586422,-43.2300172,-91,3,724,05,53821470,44521,6,-8,2
320,2024.01.26_12.29.03,-22.8586422,-43.2300172,-91,3,724,05,53821470,44521,6,-8,2
321,2024.01.26_12.29.03,-22.8586422,-43.2300172,-91,3,724,05,53821470,44521,6,-8,2
322,2024.01.26_12.29.03,-22.8586422,-43.2300172,-91,3,724,05,53821470,44521,6,-8,2
323,2024.01.26_12.29.04,-22.8586422,-43.2300172,-91,3,724,05,53821470,44521,6,-8,2
324,2024.01.26_12.29.04,-22.8586422,-43.2300172,-91,3,724,05,53821470,44521,6,-8,2
325,2024.01.26_12.29.05,-22.8586422,-43.2300172,-91,3,724,05,53821470,44521,6,-8,2
326,2024.01.26_12.29.06,-22.8586422,-43.2300172,-91,3,724,05,53821470,44521,6,-8,2
327,2024.01.26_12.29.07,-22.8586422,-43.2300172,-91,3,724,05,53821470,44521,6,-8,2
328,2024.01.26_12.29.08,-22.8586422,-43.2300172,-91,3,724,05,53821470,44521,6,-8,2
329,2024.01.26_12.29.09,-22.8586422,-43.2300172,-91,3,724,05,53821470,44521,6,-8,2
330,2024.01.26_12.29.10,-22.8586422,-43.2300172,-91,3,724,05,53821470,44521,6,-8,2
331,2024.01.26_12.29.11,-22.8586422,-43.2300172,-91,3,724,05,53821470,44521,6,-8,2
332,2024.01.26_12.29.12,-22.8586422,-43.2300172,-91,3,724,05,53821470,44521,6,-8,2
333,2024.01.26_12.29.13,-22.8586422,-43.2300172,-91,3,724,05,53821470,44521,6,-8,2
334,2024.01.26_12.29.14,-22.8586422,-43.2300172,-91,3,724,05,53821470,44521,6,-8,2
335,2024.01.26_12.29.15,-22.8586422,-43.2300172,-91,3,724,05,53821470,44521,6,-8,2
336,2024.01.26_12.29.16,-22.8586422,-43.2300172,-91,3,724,05,53821470,44521,6,-8,2
337,2024.01.26_12.29.17,-22.8586422,-43.2300172,-91,3,724,05,53821470,44521,6,-8,2
338,2024.01.26_12.29.18,-22.8586422,-43.2300172,-91,3,724,05,53821470,44521,6,-8,2
339,2024.01.26_12.29.19,-22.8586422,-43.2300172,-91,3,724,05,53821470,44521,6,-8,2
340,2024.01.26_12.29.20,-22.8586422,-43.2300172,-91,3,724,05,53821470,44521,6,-8,2
341,2024.01.26_12.29.21,-22.8586422,-43.2300172,-91,3,724,05,53821470,44521,6,-8,2
342,2024.01.26_12.29.22,-22.8586422,-43.2300172,-91,3,724,05,53821470,44521,6,-8,2
343,2024.01.26_12.29.23,-22.8586422,-43.2300172,-91,3,724,05,53821470,44521,6,-8,2
344,2024.01.26_12.29.24,-22.8586422,-43.2300172,-91,3,724,05,53821470,44521,6,-8,2
345,2024.01.26_12.29.25,-22.8586422,-43.2300172,-91,3,724,05,53821470,44521,6,-8,2
346,2024.01.26_12.29.26,-22.8586422,-43.2300172,-91,3,724,05,53821470,44521,6,-8,2
347,2024.01.26_12.29.27,-22.8586422,-43.2300172,-91,3,724,05,53821470,44521,6,-8,2
348,2024.01.26_12.29.28,-22.8586422,-43.2300172,-91,3,724,05,53821470,44521,6,-8,2
349,2024.01.26_12.29.29,-22.8586422,-43.2300172,-91,3,724,05,53821470,44521,6,-8,2
350,2024.01.26_12.29.30,-22.8586422,-43.2300172,-91,3,724,05,53821470,44521,6,-8,2
351,2024.01.26_12.29.31,-22.8586422,-43.2300172,-91,3,724,05,53821470,44521,6,-8,2
352,2024.01.26_12.29.32,-22.8586422,-43.2300172,-91,3,724,05,53821470,44521,6,-8,2
353,2024.01.26_12.29.33,-22.8586422,-43.2300172,-91,3,724,05,53821470,44521,6,-8,2
354,2024.01.26_12.29.34,-22.8586422,-43.2300172,-91,3,724,05,53821470,44521,6,-8,2
355,2024.01.26_12.29.35,-22.8586422,-43.2300172,-91,3,724,05,53821470,44521,6,-8,2
356,2024.01.26_12.29.36,-22.8586422,-43.2300172,-91,3,724,05,53821470,44521,6,-8,2
357,2024.01.26_12.29.37,-22.8586422,-43.2300172,-91,3,724,05,53821470,44521,6,-8,2
358,2024.01.26_12.29.38,-22.8586422,-43.2300172,-91,3,724,05,53821470,44521,6,-8,2
359,2024.01.26_12.29.39,-22.8586422,-43.2300172,-91,3,724,05,53821470,44521,6,-8,2
360,2024.01.26_12.29.40,-22.8586422,-43.2300172,-91,3,724,05,53821470,44521,6,-8,2
361,2024.01.26_12.29.41,-22.8586422,-43.2300172,-91,3,724,05,53821470,44521,6,-8,2
362,2024.01.26_12.29.42,-22.8586422,-43.2300172,-91,3,724,05,53821470,44521,6,-8,2
363,2024.01.26_12.29.43,-22.8586422,-43.2300172,-91,3,724,05,53821470,44521,6,-8,2
364,2024.01.26_12.29.44,-22.8586422,-43.2300172,-91,3,724,05,53821470,44521,6,-8,2
365,2024.01.26_12.29.45,-22.8586422,-43.2300172,-91,3,724,05,53821470,44521,6,-8,2
366,2024.01.26_12.29.46,-22.8586422,-43.2300172,-91,3,724,05,53821470,44521,6,-8,2
367,2024.01.26_12.29.47,-22.8586422,-43.2300172,-91,3,724,05,53821470,44521,6,-8,2
368,2024.01.26_12.29.48,-22.8586422,-43.2300172,-91,3,724,05,53821470,44521,6,-8,2
369,2024.01.26_12.29.49,-22.8586422,-43.2300172,-91,3,724,05,53821470,44521,6,-8,2
370,2024.01.26_12.29.50,-22.8586422,-43.2300172,-91,3,724,05,53821470,44521,6,-8,2
371,2024.01.26_12.29.51,-22.8586422,-43.2300172,-91,3,724,05,53821470,44521,6,-8,2
372,2024.01.26_12.29.52,-22.8586422,-43.2300172,-91,3,724,05,53821470,44521,6,-8,2
373,2024.01.26_12.29.55,-22.8586422,-43.2300172,-91,3,724,05,53821470,44521,6,-8,2
374,2024.01.26_12.29.55,-22.8586422,-43.2300172,-91,3,724,05,53821470,44521,6,-8,2
375,2024.01.26_12.29.56,-22.8586422,-43.2300172,-91,3,724,05,53821470,44521,6,-8,2
376,2024.01.26_12.29.56,-22.8586422,-43.2300172,-91,3,724,05,53821470,44521,6,-8,2
377,2024.01.26_12.29.57,-22.8586422,-43.2300172,-91,3,724,05,53821470,44521,6,-8,2
378,2024.01.26_12.29.58,-22.8586422,-43.2300172,-91,3,724,05,53821470,44521,6,-8,2
379,2024.01.26_12.30.00,-22.8586422,-43.2300172,-91,3,724,05,53821470,44521,6,-8,2
380,2024.01.26_12.30.01,-22.8586422,-43.2300172,-91,3,724,05,53821470,44521,6,-8,2
381,2024.01.26_12.30.01,-22.8586422,-43.2300172,-91,3,724,05,53821470,44521,6,-8,2
382,2024.01.26_12.30.02,-22.8586422,-43.2300172,-91,3,724,05,53821470,44521,6,-8,2
383,2024.01.26_12.30.03,-22.8586422,-43.2300172,-91,3,724,05,53821470,44521,6,-8,2
384,2024.01.26_12.30.04,-22.8586422,-43.2300172,-91,3,724,05,53821470,44521,6,-8,2
385,2024.01.26_12.30.05,-22.8586422,-43.2300172,-91,3,724,05,53821470,44521,6,-8,2
386,2024.01.26_12.30.06,-22.8586422,-43.2300172,-91,3,724,05,53821470,44521,6,-8,2
387,2024.01.26_12.30.07,-22.8586422,-43.2300172,-91,3,724,05,53821470,44521,6,-8,2
388,2024.01.26_12.30.08,-22.8586422,-43.2300172,-91,3,724,05,53821470,44521,6,-8,2
389,2024.01.26_12.30.09,-22.8586422,-43.2300172,-91,3,724,05,53821470,44521,6,-8,2
390,2024.01.26_12.30.10,-22.8586422,-43.2300172,-91,3,724,05,53821470,44521,6,-8,2
391,2024.01.26_12.30.11,-22.8586422,-43.2300172,-91,3,724,05,53821470,44521,6,-8,2
392,2024.01.26_12.30.12,-22.8586422,-43.2300172,-91,3,724,05,53821470,44521,6,-8,2
393,2024.01.26_12.30.13,-22.8586422,-43.2300172,-91,3,724,05,53821470,44521,6,-8,2
394,2024.01.26_12.30.14,-22.8586422,-43.2300172,-91,3,724,05,53821470,44521,6,-8,2
395,2024.01.26_12.30.15,-22.8586422,-43.2300172,-91,3,724,05,53821470,44521,6,-8,2
396,2024.01.26_12.30.16,-22.8586422,-43.2300172,-91,3,724,05,53821470,44521,6,-8,2
397,2024.01.26_12.30.17,-22.8586422,-43.2300172,-91,3,724,05,53821470,44521,6,-8,2
398,2024.01.26_12.30.18,-22.8586422,-43.2300172,-91,3,724,05,53821470,44521,6,-8,2
399,2024.01.26_12.30.19,-22.8586422,-43.2300172,-91,3,724,05,53821470,44521,6,-8,2
400,2024.01.26_12.30.20,-22.8586422,-43.2300172,-91,3,724,05,53821470,44521,6,-8,2
401,2024.01.26_12.30.21,-22.8586422,-43.2300172,-91,3,724,05,53821470,44521,6,-8,2
402,2024.01.26_12.30.22,-22.8586422,-43.2300172,-91,3,724,05,53821470,44521,6,-8,2
403,2024.01.26_12.30.23,-22.8586422,-43.2300172,-91,3,724,05,53821470,44521,6,-8,2
404,2024.01.26_12.30.24,-22.8586422,-43.2300172,-91,3,724,05,53821470,44521,6,-8,2
405,2024.01.26_12.30.25,-22.8586422,-43.2300172,-91,3,724,05,53821470,44521,6,-8,2
406,2024.01.26_12.30.26,-22.8586422,-43.2300172,-91,3,724,05,53821470,44521,6,-8,2
407,2024.01.26_12.30.27,-22.8586422,-43.2300172,-91,3,724,05,53821470,44521,6,-8,2
408,2024.01.26_12.30.28,-22.8586422,-43.2300172,-91,3,724,05,53821470,44521,6,-8,2
409,2024.01.26_12.30.29,-22.8586422,-43.2300172,-91,3,724,05,53821470,44521,6,-8,2
410,2024.01.26_12.30.30,-22.8586422,-43.2300172,-91,3,724,05,53821470,44521,6,-8,2
411,2024.01.26_12.30.31,-22.8586422,-43.2300172,-91,3,724,05,53821470,44521,6,-8,2
412,2024.01.26_12.30.32,-22.8586422,-43.2300172,-91,3,724,05,53821470,44521,6,-8,2
413,2024.01.26_12.30.34,-22.8586422,-43.2300172,-91,3,724,05,53821470,44521,6,-8,2
414,2024.01.26_12.30.34,-22.8586422,-43.2300172,-91,3,724,05,53821470,44521,6,-8,2
415,2024.01.26_12.30.35,-22.8586422,-43.2300172,-91,3,724,05,53821470,44521,6,-8,2
416,2024.01.26_12.30.36,-22.8586422,-43.2300172,-91,3,724,05,53821470,44521,6,-8,2
417,2024.01.26_12.30.37,-22.8586422,-43.2300172,-91,3,724,05,53821470,44521,6,-8,2
418,2024.01.26_12.30.38,-22.8586422,-43.2300172,-91,3,724,05,53821470,44521,6,-8,2
419,2024.01.26_12.30.40,-22.8586422,-43.2300172,-91,3,724,05,53821470,44521,6,-8,2
420,2024.01.26_12.30.40,-22.8586422,-43.2300172,-91,3,724,05,53821470,44521,6,-8,2
421,2024.01.26_12.30.42,-22.8586422,-43.2300172,-91,3,724,05,53821470,44521,6,-8,2
422,2024.01.26_12.30.43,-22.8586422,-43.2300172,-91,3,724,05,53821470,44521,6,-8,2
423,2024.01.26_12.30.43,-22.8586422,-43.2300172,-91,3,724,05,53821470,44521,6,-8,2
424,2024.01.26_12.30.45,-22.8586422,-43.2300172,-91,3,724,05,53821470,44521,6,-8,2
425,2024.01.26_12.30.46,-22.8586422,-43.2300172,-91,3,724,05,53821470,44521,6,-8,2
426,2024.01.26_12.30.47,-22.8586422,-43.2300172,-91,3,724,05,53821470,44521,6,-8,2
427,2024.01.26_12.30.47,-22.8586422,-43.2300172,-91,3,724,05,53821470,44521,6,-8,2
428,2024.01.26_12.30.49,-22.8586422,-43.2300172,-91,3,724,05,53821470,44521,6,-8,2
429,2024.01.26_12.30.50,-22.8586422,-43.2300172,-91,3,724,05,53821470,44521,6,-8,2
430,2024.01.26_12.30.51,-22.8586422,-43.2300172,-91,3,724,05,53821470,44521,6,-8,2
431,2024.01.26_12.30.52,-22.8586422,-43.2300172,-91,3,724,05,53821470,44521,6,-8,2
432,2024.01.26_12.30.53,-22.8586422,-43.2300172,-91,3,724,05,53821470,44521,6,-8,2
433,2024.01.26_12.30.54,-22.8586422,-43.2300172,-91,3,724,05,53821470,44521,6,-8,2
434,2024.01.26_12.30.55,-22.8586422,-43.2300172,-91,3,724,05,53821470,44521,6,-8,2
435,2024.01.26_12.30.55,-22.8586422,-43.2300172,-91,3,724,05,53821470,44521,6,-8,2
436,2024.01.26_12.30.57,-22.8586422,-43.2300172,-91,3,724,05,53821470,44521,6,-8,2
437,2024.01.26_12.30.58,-22.8586422,-43.2300172,-91,3,724,05,53821470,44521,6,-8,2
438,2024.01.26_12.30.59,-22.8586422,-43.2300172,-91,3,724,05,53821470,44521,6,-8,2
439,2024.01.26_12.31.00,-22.8586422,-43.2300172,-91,3,724,05,53821470,44521,6,-8,2
440,2024.01.26_12.31.01,-22.8586422,-43.2300172,-91,3,724,05,53821470,44521,6,-8,2
441,2024.01.26_12.31.02,-22.8586422,-43.2300172,-91,3,724,05,53821470,44521,6,-8,2
442,2024.01.26_12.31.03,-22.8586422,-43.2300172,-91,3,724,05,53821470,44521,6,-8,2
443,2024.01.26_12.31.05,-22.8586422,-43.2300172,-91,3,724,05,53821470,44521,6,-8,2
444,2024.01.26_12.31.05,-22.8586422,-43.2300172,-91,3,724,05,53821470,44521,6,-8,2
445,2024.01.26_12.31.06,-22.8586422,-43.2300172,-91,3,724,05,53821470,44521,6,-8,2
446,2024.01.26_12.31.07,-22.8586422,-43.2300172,-91,3,724,05,53821470,44521,6,-8,2
447,2024.01.26_12.31.08,-22.8586422,-43.2300172,-91,3,724,05,53821470,44521,6,-8,2
448,2024.01.26_12.31.09,-22.8586422,-43.2300172,-91,3,724,05,53821470,44521,6,-8,2
449,2024.01.26_12.31.10,-22.8586422,-43.2300172,-91,3,724,05,53821470,44521,6,-8,2
450,2024.01.26_12.31.12,-22.8586422,-43.2300172,-91,3,724,05,53821470,44521,6,-8,2
451,2024.01.26_12.31.12,-22.8586422,-43.2300172,-91,3,724,05,53821470,44521,6,-8,2
452,2024.01.26_12.31.13,-22.8586422,-43.2300172,-91,3,724,05,53821470,44521,6,-8,2
453,2024.01.26_12.31.14,-22.8586422,-43.2300172,-91,3,724,05,53821470,44521,6,-8,2
454,2024.01.26_12.31.15,-22.8586422,-43.2300172,-91,3,724,05,53821470,44521,6,-8,2
455,2024.01.26_12.31.16,-22.8586422,-43.2300172,-91,3,724,05,53821470,44521,6,-8,2
456,2024.01.26_12.31.17,-22.8586422,-43.2300172,-91,3,724,05,53821470,44521,6,-8,2
457,2024.01.26_12.31.18,-22.8586422,-43.2300172,-91,3,724,05,53821470,44521,6,-8,2
458,2024.01.26_12.31.19,-22.8586422,-43.2300172,-91,3,724,05,53821470,44521,6,-8,2
459,2024.01.26_12.31.20,-22.8586422,-43.2300172,-91,3,724,05,53821470,44521,6,-8,2
460,2024.01.26_12.31.21,-22.8586422,-43.2300172,-91,3,724,05,53821470,44521,6,-8,2
461,2024.01.26_12.31.22,-22.8586422,-43.2300172,-91,3,724,05,53821470,44521,6,-8,2
462,2024.01.26_12.31.23,-22.8586422,-43.2300172,-91,3,724,05,53821470,44521,6,-8,2
463,2024.01.26_12.31.24,-22.8586422,-43.2300172,-91,3,724,05,53821470,44521,6,-8,2
464,2024.01.26_12.31.25,-22.8586422,-43.2300172,-91,3,724,05,53821470,44521,6,-8,2
465,2024.01.26_12.31.26,-22.8586422,-43.2300172,-91,3,724,05,53821470,44521,6,-8,2
466,2024.01.26_12.31.27,-22.8586422,-43.2300172,-91,3,724,05,53821470,44521,6,-8,2
467,2024.01.26_12.31.28,-22.8586422,-43.2300172,-91,3,724,05,53821470,44521,6,-8,2
468,2024.01.26_12.31.29,-22.8586422,-43.2300172,-91,3,724,05,53821470,44521,6,-8,2
469,2024.01.26_12.31.30,-22.8586422,-43.2300172,-91,3,724,05,53821470,44521,6,-8,2
470,2024.01.26_12.31.31,-22.8586422,-43.2300172,-91,3,724,05,53821470,44521,6,-8,2
471,2024.01.26_12.31.32,-22.8586422,-43.2300172,-91,3,724,05,53821470,44521,6,-8,2
472,2024.01.26_12.31.33,-22.8586422,-43.2300172,-91,3,724,05,53821470,44521,6,-8,2
473,2024.01.26_12.31.34,-22.8586422,-43.2300172,-91,3,724,05,53821470,44521,6,-8,2
474,2024.01.26_12.31.36,-22.8586422,-43.2300172,-91,3,724,05,53821470,44521,6,-8,2
475,2024.01.26_12.31.36,-22.8586422,-43.2300172,-91,3,724,05,53821470,44521,6,-8,2
476,2024.01.26_12.31.37,-22.8586422,-43.2300172,-91,3,724,05,53821470,44521,6,-8,2
477,2024.01.26_12.31.38,-22.8586422,-43.2300172,-91,3,724,05,53821470,44521,6,-8,2
478,2024.01.26_12.31.39,-22.8586422,-43.2300172,-91,3,724,05,53821470,44521,6,-8,2
479,2024.01.26_12.31.40,-22.8586422,-43.2300172,-91,3,724,05,53821470,44521,6,-8,2
480,2024.01.26_12.31.41,-22.8586422,-43.2300172,-91,3,724,05,53821470,44521,6,-8,2
481,2024.01.26_12.31.42,-22.8586422,-43.2300172,-91,3,724,05,53821470,44521,6,-8,2
482,2024.01.26_12.31.43,-22.8586422,-43.2300172,-91,3,724,05,53821470,44521,6,-8,2
483,2024.01.26_12.31.44,-22.8586422,-43.2300172,-91,3,724,05,53821470,44521,6,-8,2
484,2024.01.26_12.31.45,-22.8586422,-43.2300172,-91,3,724,05,53821470,44521,6,-8,2
485,2024.01.26_12.31.47,-22.8586422,-43.2300172,-91,3,724,05,53821470,44521,6,-8,2
486,2024.01.26_12.31.47,-22.8586422,-43.2300172,-91,3,724,05,53821470,44521,6,-8,2
487,2024.01.26_12.31.48,-22.8586422,-43.2300172,-91,3,724,05,53821470,44521,6,-8,2
488,2024.01.26_12.31.50,-22.8586422,-43.2300172,-91,3,724,05,53821470,44521,6,-8,2
489,2024.01.26_12.31.53,-22.8586422,-43.2300172,-91,3,724,05,53821470,44521,6,-8,2
490,2024.01.26_12.31.53,-22.8586422,-43.2300172,-91,3,724,05,53821470,44521,6,-8,2
491,2024.01.26_12.31.54,-22.8586422,-43.2300172,-91,3,724,05,53821470,44521,6,-8,2
492,2024.01.26_12.31.55,-22.8586422,-43.2300172,-91,3,724,05,53821470,44521,6,-8,2
493,2024.01.26_12.31.55,-22.8586422,-43.2300172,-91,3,724,05,53821470,44521,6,-8,2
494,2024.01.26_12.31.55,-22.8586422,-43.2300172,-91,3,724,05,53821470,44521,6,-8,2
495,2024.01.26_12.31.56,-22.8586422,-43.2300172,-91,3,724,05,53821470,44521,6,-8,2
496,2024.01.26_12.31.57,-22.8586422,-43.2300172,-91,3,724,05,53821470,44521,6,-8,2
497,2024.01.26_12.31.58,-22.8586422,-43.2300172,-91,3,724,05,53821470,44521,6,-8,2
498,2024.01.26_12.31.59,-22.8586422,-43.2300172,-91,3,724,05,53821470,44521,6,-8,2
499,2024.01.26_12.32.00,-22.8586422,-43.2300172,-91,3,724,05,53821470,44521,6,-8,2
500,2024.01.26_12.32.01,-22.8586422,-43.2300172,-91,3,724,05,53821470,44521,6,-8,2
501,2024.01.26_12.32.02,-22.8586422,-43.2300172,-91,3,724,05,53821470,44521,6,-8,2
502,2024.01.26_12.32.03,-22.8586422,-43.2300172,-91,3,724,05,53821470,44521,6,-8,2
503,2024.01.26_12.32.04,-22.8586422,-43.2300172,-91,3,724,05,53821470,44521,6,-8,2
504,2024.01.26_12.32.05,-22.8586422,-43.2300172,-91,3,724,05,53821470,44521,6,-8,2
505,2024.01.26_12.32.06,-22.8586422,-43.2300172,-91,3,724,05,53821470,44521,6,-8,2
506,2024.01.26_12.32.07,-22.8586422,-43.2300172,-91,3,724,05,53821470,44521,6,-8,2
507,2024.01.26_12.32.08,-22.8586422,-43.2300172,-91,3,724,05,53821470,44521,6,-8,2
508,2024.01.26_12.32.09,-22.8586422,-43.2300172,-91,3,724,05,53821470,44521,6,-8,2
509,2024.01.26_12.32.10,-22.8586422,-43.2300172,-91,3,724,05,53821470,44521,6,-8,2
510,2024.01.26_12.32.11,-22.8586422,-43.2300172,-91,3,724,05,53821470,44521,6,-8,2
511,2024.01.26_12.32.12,-22.8586422,-43.2300172,-91,3,724,05,53821470,44521,6,-8,2
512,2024.01.26_12.32.13,-22.8586422,-43.2300172,-91,3,724,05,53821470,44521,6,-8,2
513,2024.01.26_12.32.18,-22.8586422,-43.2300172,-91,3,724,05,53821470,44521,6,-8,2
514,2024.01.26_12.32.18,-22.8586422,-43.2300172,-91,3,724,05,53821470,44521,6,-8,2
515,2024.01.26_12.32.19,-22.8586422,-43.2300172,-91,3,724,05,53821470,44521,6,-8,2
516,2024.01.26_12.32.19,-22.8586422,-43.2300172,-91,3,724,05,53821470,44521,6,-8,2
517,2024.01.26_12.32.20,-22.8586422,-43.2300172,-91,3,724,05,53821470,44521,6,-8,2
518,2024.01.26_12.32.20,-22.8586422,-43.2300172,-91,3,724,05,53821470,44521,6,-8,2
519,2024.01.26_12.32.20,-22.8586422,-43.2300172,-91,3,724,05,53821470,44521,6,-8,2
520,2024.01.26_12.32.21,-22.8586422,-43.2300172,-91,3,724,05,53821470,44521,6,-8,2
521,2024.01.26_12.32.22,-22.8586422,-43.2300172,-91,3,724,05,53821470,44521,6,-8,2
522,2024.01.26_12.32.23,-22.8586422,-43.2300172,-91,3,724,05,53821470,44521,6,-8,2
523,2024.01.26_12.32.24,-22.8586422,-43.2300172,-91,3,724,05,53821470,44521,6,-8,2
524,2024.01.26_12.32.26,-22.8586422,-43.2300172,-91,3,724,05,53821470,44521,6,-8,2
525,2024.01.26_12.32.26,-22.8586422,-43.2300172,-91,3,724,05,53821470,44521,6,-8,2
526,2024.01.26_12.32.27,-22.8586422,-43.2300172,-91,3,724,05,53821470,44521,6,-8,2
527,2024.01.26_12.32.28,-22.8586422,-43.2300172,-91,3,724,05,53821470,44521,6,-8,2
528,2024.01.26_12.32.29,-22.8586422,-43.2300172,-91,3,724,05,53821470,44521,6,-8,2
529,2024.01.26_12.32.30,-22.8586422,-43.2300172,-91,3,724,05,53821470,44521,6,-8,2
530,2024.01.26_12.32.31,-22.8586422,-43.2300172,-91,3,724,05,53821470,44521,6,-8,2
531,2024.01.26_12.32.32,-22.8586422,-43.2300172,-91,3,724,05,53821470,44521,6,-8,2
532,2024.01.26_12.32.33,-22.8586422,-43.2300172,-91,3,724,05,53821470,44521,6,-8,2
533,2024.01.26_12.32.34,-22.8586422,-43.2300172,-91,3,724,05,53821470,44521,6,-8,2
534,2024.01.26_12.32.35,-22.8586422,-43.2300172,-91,3,724,05,53821470,44521,6,-8,2
535,2024.01.26_12.32.36,-22.8586422,-43.2300172,-91,3,724,05,53821470,44521,6,-8,2
536,2024.01.26_12.32.37,-22.8586422,-43.2300172,-91,3,724,05,53821470,44521,6,-8,2
537,2024.01.26_12.32.38,-22.8586422,-43.2300172,-91,3,724,05,53821470,44521,6,-8,2
538,2024.01.26_12.32.39,-22.8586422,-43.2300172,-91,3,724,05,53821470,44521,6,-8,2
539,2024.01.26_12.32.40,-22.8586422,-43.2300172,-91,3,724,05,53821470,44521,6,-8,2
540,2024.01.26_12.32.41,-22.8586422,-43.2300172,-91,3,724,05,53821470,44521,6,-8,2
541,2024.01.26_12.32.42,-22.8586422,-43.2300172,-91,3,724,05,53821470,44521,6,-8,2
542,2024.01.26_12.32.43,-22.8586422,-43.2300172,-91,3,724,05,53821470,44521,6,-8,2
543,2024.01.26_12.32.44,-22.8586422,-43.2300172,-91,3,724,05,53821470,44521,6,-8,2
544,2024.01.26_12.32.45,-22.8586422,-43.2300172,-91,3,724,05,53821470,44521,6,-8,2
545,2024.01.26_12.32.46,-22.8586422,-43.2300172,-91,3,724,05,53821470,44521,6,-8,2
546,2024.01.26_12.32.47,-22.8586422,-43.2300172,-91,3,724,05,53821470,44521,6,-8,2
547,2024.01.26_12.32.48,-22.8586422,-43.2300172,-91,3,724,05,53821470,44521,6,-8,2
548,2024.01.26_12.32.49,-22.8586422,-43.2300172,-91,3,724,05,53821470,44521,6,-8,2
549,2024.01.26_12.32.50,-22.8586422,-43.2300172,-91,3,724,05,53821470,44521,6,-8,2
550,2024.01.26_12.32.51,-22.8586422,-43.2300172,-91,3,724,05,53821470,44521,6,-8,2
551,2024.01.26_12.32.52,-22.8586422,-43.2300172,-91,3,724,05,53821470,44521,6,-8,2
552,2024.01.26_12.32.53,-22.8586422,-43.2300172,-91,3,724,05,53821470,44521,6,-8,2
553,2024.01.26_12.32.54,-22.8586422,-43.2300172,-91,3,724,05,53821470,44521,6,-8,2
554,2024.01.26_12.32.55,-22.8586422,-43.2300172,-91,3,724,05,53821470,44521,6,-8,2
555,2024.01.26_12.32.56,-22.8586422,-43.2300172,-91,3,724,05,53821470,44521,6,-8,2
556,2024.01.26_12.32.57,-22.8586422,-43.2300172,-91,3,724,05,53821470,44521,6,-8,2
557,2024.01.26_12.32.58,-22.8586422,-43.2300172,-91,3,724,05,53821470,44521,6,-8,2
558,2024.01.26_12.32.59,-22.8586422,-43.2300172,-91,3,724,05,53821470,44521,6,-8,2
559,2024.01.26_12.33.00,-22.8586422,-43.2300172,-91,3,724,05,53821470,44521,6,-8,2
560,2024.01.26_12.33.01,-22.8586422,-43.2300172,-91,3,724,05,53821470,44521,6,-8,2
561,2024.01.26_12.33.02,-22.8586422,-43.2300172,-91,3,724,05,53821470,44521,6,-8,2
562,2024.01.26_12.33.03,-22.8586422,-43.2300172,-91,3,724,05,53821470,44521,6,-8,2
563,2024.01.26_12.33.04,-22.8586422,-43.2300172,-91,3,724,05,53821470,44521,6,-8,2
564,2024.01.26_12.33.05,-22.8586422,-43.2300172,-91,3,724,05,53821470,44521,6,-8,2
565,2024.01.26_12.33.06,-22.8586422,-43.2300172,-91,3,724,05,53821470,44521,6,-8,2
566,2024.01.26_12.33.07,-22.8586422,-43.2300172,-91,3,724,05,53821470,44521,6,-8,2
567,2024.01.26_12.33.08,-22.8586422,-43.2300172,-91,3,724,05,53821470,44521,6,-8,2
568,2024.01.26_12.33.09,-22.8586422,-43.2300172,-91,3,724,05,53821470,44521,6,-8,2
569,2024.01.26_12.33.10,-22.8586422,-43.2300172,-91,3,724,05,53821470,44521,6,-8,2
570,2024.01.26_12.33.11,-22.8586422,-43.2300172,-91,3,724,05,53821470,44521,6,-8,2
571,2024.01.26_12.33.12,-22.8586422,-43.2300172,-91,3,724,05,53821470,44521,6,-8,2
572,2024.01.26_12.33.13,-22.8586422,-43.2300172,-91,3,724,05,53821470,44521,6,-8,2
573,2024.01.26_12.33.14,-22.8586422,-43.2300172,-91,3,724,05,53821470,44521,6,-8,2
574,2024.01.26_12.33.15,-22.8586422,-43.2300172,-91,3,724,05,53821470,44521,6,-8,2
575,2024.01.26_12.33.17,-22.8586422,-43.2300172,-91,3,724,05,53821470,44521,6,-8,2
576,2024.01.26_12.33.17,-22.8586422,-43.2300172,-91,3,724,05,53821470,44521,6,-8,2
577,2024.01.26_12.33.19,-22.8586422,-43.2300172,-91,3,724,05,53821470,44521,6,-8,2
578,2024.01.26_12.33.20,-22.8586422,-43.2300172,-91,3,724,05,53821470,44521,6,-8,2
579,2024.01.26_12.33.21,-22.8586422,-43.2300172,-91,3,724,05,53821470,44521,6,-8,2
580,2024.01.26_12.33.22,-22.8586422,-43.2300172,-91,3,724,05,53821470,44521,6,-8,2
581,2024.01.26_12.33.23,-22.8586422,-43.2300172,-91,3,724,05,53821470,44521,6,-8,2
582,2024.01.26_12.33.23,-22.8586422,-43.2300172,-91,3,724,05,53821470,44521,6,-8,2
583,2024.01.26_12.33.24,-22.8586422,-43.2300172,-91,3,724,05,53821470,44521,6,-8,2
584,2024.01.26_12.33.25,-22.8586422,-43.2300172,-91,3,724,05,53821470,44521,6,-8,2
585,2024.01.26_12.33.26,-22.8586422,-43.2300172,-91,3,724,05,53821470,44521,6,-8,2
586,2024.01.26_12.33.28,-22.8586422,-43.2300172,-91,3,724,05,53821470,44521,6,-8,2
587,2024.01.26_12.33.29,-22.8586422,-43.2300172,-91,3,724,05,53821470,44521,6,-8,2
588,2024.01.26_12.33.30,-22.8586422,-43.2300172,-91,3,724,05,53821470,44521,6,-8,2
589,2024.01.26_12.33.31,-22.8586422,-43.2300172,-91,3,724,05,53821470,44521,6,-8,2
590,2024.01.26_12.33.32,-22.8586422,-43.2300172,-91,3,724,05,53821470,44521,6,-8,2
591,2024.01.26_12.33.33,-22.8586422,-43.2300172,-91,3,724,05,53821470,44521,6,-8,2
592,2024.01.26_12.33.34,-22.8586422,-43.2300172,-91,3,724,05,53821470,44521,6,-8,2
593,2024.01.26_12.33.35,-22.8586422,-43.2300172,-91,3,724,05,53821470,44521,6,-8,2
594,2024.01.26_12.33.36,-22.8586422,-43.2300172,-91,3,724,05,53821470,44521,6,-8,2
595,2024.01.26_12.33.37,-22.8586422,-43.2300172,-91,3,724,05,53821470,44521,6,-8,2
596,2024.01.26_12.33.38,-22.8586422,-43.2300172,-91,3,724,05,53821470,44521,6,-8,2
597,2024.01.26_12.33.39,-22.8586422,-43.2300172,-91,3,724,05,53821470,44521,6,-8,2
598,2024.01.26_12.33.40,-22.8586422,-43.2300172,-91,3,724,05,53821470,44521,6,-8,2
599,2024.01.26_12.33.41,-22.8586422,-43.2300172,-91,3,724,05,53821470,44521,6,-8,2
600,2024.01.26_12.33.42,-22.8586422,-43.2300172,-91,3,724,05,53821470,44521,6,-8,2
601,2024.01.26_12.33.43,-22.8586422,-43.2300172,-91,3,724,05,53821470,44521,6,-8,2
602,2024.01.26_12.33.44,-22.8586422,-43.2300172,-91,3,724,05,53821470,44521,6,-8,2
603,2024.01.26_12.33.45,-22.8586422,-43.2300172,-91,3,724,05,53821470,44521,6,-8,2
604,2024.01.26_12.33.46,-22.8586422,-43.2300172,-91,3,724,05,53821470,44521,6,-8,2
605,2024.01.26_12.33.47,-22.8586422,-43.2300172,-91,3,724,05,53821470,44521,6,-8,2
606,2024.01.26_12.33.48,-22.8586422,-43.2300172,-91,3,724,05,53821470,44521,6,-8,2
607,2024.01.26_12.33.49,-22.8586422,-43.2300172,-91,3,724,05,53821470,44521,6,-8,2
608,2024.01.26_12.33.50,-22.8586422,-43.2300172,-91,3,724,05,53821470,44521,6,-8,2
609,2024.01.26_12.33.51,-22.8586422,-43.2300172,-91,3,724,05,53821470,44521,6,-8,2
610,2024.01.26_12.33.52,-22.8586422,-43.2300172,-91,3,724,05,53821470,44521,6,-8,2
611,2024.01.26_12.33.53,-22.8586422,-43.2300172,-91,3,724,05,53821470,44521,6,-8,2
612,2024.01.26_12.33.54,-22.8586422,-43.2300172,-91,3,724,05,53821470,44521,6,-8,2
613,2024.01.26_12.33.55,-22.8586422,-43.2300172,-91,3,724,05,53821470,44521,6,-8,2
614,2024.01.26_12.33.56,-22.8586422,-43.2300172,-91,3,724,05,53821470,44521,6,-8,2
615,2024.01.26_12.33.57,-22.8586422,-43.2300172,-91,3,724,05,53821470,44521,6,-8,2
616,2024.01.26_12.33.58,-22.8586422,-43.2300172,-91,3,724,05,53821470,44521,6,-8,2
617,2024.01.26_12.33.59,-22.8586422,-43.2300172,-91,3,724,05,53821470,44521,6,-8,2
618,2024.01.26_12.34.00,-22.8586422,-43.2300172,-91,3,724,05,53821470,44521,6,-8,2
619,2024.01.26_12.34.01,-22.8586422,-43.2300172,-91,3,724,05,53821470,44521,6,-8,2
620,2024.01.26_12.34.02,-22.8586422,-43.2300172,-91,3,724,05,53821470,44521,6,-8,2
621,2024.01.26_12.34.03,-22.8586422,-43.2300172,-91,3,724,05,53821470,44521,6,-8,2
622,2024.01.26_12.34.04,-22.8586422,-43.2300172,-91,3,724,05,53821470,44521,6,-8,2
623,2024.01.26_12.34.05,-22.8586422,-43.2300172,-91,3,724,05,53821470,44521,6,-8,2
624,2024.01.26_12.34.06,-22.8586422,-43.2300172,-91,3,724,05,53821470,44521,6,-8,2
625,2024.01.26_12.34.07,-22.8586422,-43.2300172,-91,3,724,05,53821470,44521,6,-8,2
626,2024.01.26_12.34.08,-22.8586422,-43.2300172,-91,3,724,05,53821470,44521,6,-8,2
627,2024.01.26_12.34.09,-22.8586422,-43.2300172,-91,3,724,05,53821470,44521,6,-8,2
628,2024.01.26_12.34.10,-22.8586422,-43.2300172,-91,3,724,05,53821470,44521,6,-8,2
629,2024.01.26_12.34.11,-22.8586422,-43.2300172,-91,3,724,05,53821470,44521,6,-8,2
630,2024.01.26_12.34.12,-22.8586422,-43.2300172,-91,3,724,05,53821470,44521,6,-8,2
631,2024.01.26_12.34.13,-22.8586422,-43.2300172,-91,3,724,05,53821470,44521,6,-8,2
632,2024.01.26_12.34.14,-22.8586422,-43.2300172,-91,3,724,05,53821470,44521,6,-8,2
633,2024.01.26_12.34.15,-22.8586422,-43.2300172,-91,3,724,05,53821470,44521,6,-8,2
634,2024.01.26_12.34.16,-22.8586422,-43.2300172,-91,3,724,05,53821470,44521,6,-8,2
635,2024.01.26_12.34.17,-22.8586422,-43.2300172,-91,3,724,05,53821470,44521,6,-8,2
636,2024.01.26_12.34.18,-22.8586422,-43.2300172,-91,3,724,05,53821470,44521,6,-8,2
637,2024.01.26_12.34.19,-22.8586422,-43.2300172,-91,3,724,05,53821470,44521,6,-8,2
638,2024.01.26_12.34.20,-22.8586422,-43.2300172,-91,3,724,05,53821470,44521,6,-8,2
639,2024.01.26_12.34.21,-22.8586422,-43.2300172,-91,3,724,05,53821470,44521,6,-8,2
640,2024.01.26_12.34.22,-22.8586422,-43.2300172,-91,3,724,05,53821470,44521,6,-8,2
641,2024.01.26_12.34.23,-22.8586422,-43.2300172,-91,3,724,05,53821470,44521,6,-8,2
642,2024.01.26_12.34.24,-22.8586422,-43.2300172,-91,3,724,05,53821470,44521,6,-8,2
643,2024.01.26_12.34.25,-22.8586422,-43.2300172,-91,3,724,05,53821470,44521,6,-8,2
644,2024.01.26_12.34.26,-22.8586422,-43.2300172,-91,3,724,05,53821470,44521,6,-8,2
645,2024.01.26_12.34.27,-22.8586422,-43.2300172,-91,3,724,05,53821470,44521,6,-8,2
646,2024.01.26_12.34.28,-22.8586422,-43.2300172,-91,3,724,05,53821470,44521,6,-8,2
647,2024.01.26_12.34.29,-22.8586422,-43.2300172,-91,3,724,05,53821470,44521,6,-8,2
648,2024.01.26_12.34.30,-22.8586422,-43.2300172,-91,3,724,05,53821470,44521,6,-8,2
649,2024.01.26_12.34.31,-22.8586422,-43.2300172,-91,3,724,05,53821470,44521,6,-8,2
650,2024.01.26_12.34.32,-22.8586422,-43.2300172,-91,3,724,05,53821470,44521,6,-8,2
651,2024.01.26_12.34.33,-22.8586422,-43.2300172,-91,3,724,05,53821470,44521,6,-8,2
652,2024.01.26_12.34.34,-22.8586422,-43.2300172,-91,3,724,05,53821470,44521,6,-8,2
653,2024.01.26_12.34.35,-22.8586422,-43.2300172,-91,3,724,05,53821470,44521,6,-8,2
654,2024.01.26_12.34.36,-22.8586422,-43.2300172,-91,3,724,05,53821470,44521,6,-8,2
655,2024.01.26_12.34.37,-22.8586422,-43.2300172,-91,3,724,05,53821470,44521,6,-8,2
656,2024.01.26_12.34.38,-22.8586422,-43.2300172,-91,3,724,05,53821470,44521,6,-8,2
657,2024.01.26_12.34.39,-22.8586422,-43.2300172,-91,3,724,05,53821470,44521,6,-8,2
658,2024.01.26_12.34.40,-22.8586422,-43.2300172,-91,3,724,05,53821470,44521,6,-8,2
659,2024.01.26_12.34.41,-22.8586422,-43.2300172,-91,3,724,05,53821470,44521,6,-8,2
660,2024.01.26_12.34.42,-22.8586422,-43.2300172,-91,3,724,05,53821470,44521,6,-8,2
661,2024.01.26_12.34.43,-22.8586422,-43.2300172,-91,3,724,05,53821470,44521,6,-8,2
662,2024.01.26_12.34.44,-22.8586422,-43.2300172,-91,3,724,05,53821470,44521,6,-8,2
663,2024.01.26_12.34.45,-22.8586422,-43.2300172,-91,3,724,05,53821470,44521,6,-8,2
664,2024.01.26_12.34.46,-22.8586422,-43.2300172,-91,3,724,05,53821470,44521,6,-8,2
665,2024.01.26_12.34.47,-22.8586422,-43.2300172,-91,3,724,05,53821470,44521,6,-8,2
666,2024.01.26_12.34.48,-22.8586422,-43.2300172,-91,3,724,05,53821470,44521,6,-8,2
667,2024.01.26_12.34.49,-22.8586422,-43.2300172,-91,3,724,05,53821470,44521,6,-8,2
668,2024.01.26_12.34.50,-22.8586422,-43.2300172,-91,3,724,05,53821470,44521,6,-8,2
669,2024.01.26_12.34.51,-22.8586422,-43.2300172,-91,3,724,05,53821470,44521,6,-8,2
670,2024.01.26_12.34.52,-22.8586422,-43.2300172,-91,3,724,05,53821470,44521,6,-8,2
671,2024.01.26_12.34.53,-22.8586422,-43.2300172,-91,3,724,05,53821470,44521,6,-8,2
672,2024.01.26_12.34.54,-22.8586422,-43.2300172,-91,3,724,05,53821470,44521,6,-8,2
673,2024.01.26_12.34.55,-22.8586422,-43.2300172,-91,3,724,05,53821470,44521,6,-8,2
674,2024.01.26_12.34.56,-22.8586422,-43.2300172,-91,3,724,05,53821470,44521,6,-8,2
675,2024.01.26_12.34.57,-22.8586422,-43.2300172,-91,3,724,05,53821470,44521,6,-8,2
676,2024.01.26_12.34.58,-22.8586422,-43.2300172,-91,3,724,05,53821470,44521,6,-8,2
677,2024.01.26_12.34.59,-22.8586422,-43.2300172,-91,3,724,05,53821470,44521,6,-8,2
678,2024.01.26_12.35.00,-22.8586422,-43.2300172,-91,3,724,05,53821470,44521,6,-8,2
679,2024.01.26_12.35.01,-22.8586422,-43.2300172,-91,3,724,05,53821470,44521,6,-8,2
680,2024.01.26_12.35.02,-22.8586422,-43.2300172,-91,3,724,05,53821470,44521,6,-8,2
681,2024.01.26_12.35.03,-22.8586422,-43.2300172,-91,3,724,05,53821470,44521,6,-8,2
682,2024.01.26_12.35.04,-22.8586422,-43.2300172,-91,3,724,05,53821470,44521,6,-8,2
683,2024.01.26_12.35.05,-22.8586422,-43.2300172,-91,3,724,05,53821470,44521,6,-8,2
684,2024.01.26_12.35.06,-22.8586422,-43.2300172,-91,3,724,05,53821470,44521,6,-8,2
685,2024.01.26_12.35.07,-22.8586422,-43.2300172,-91,3,724,05,53821470,44521,6,-8,2
686,2024.01.26_12.35.08,-22.8586422,-43.2300172,-91,3,724,05,53821470,44521,6,-8,2
687,2024.01.26_12.35.09,-22.8586422,-43.2300172,-91,3,724,05,53821470,44521,6,-8,2
688,2024.01.26_12.35.10,-22.8586422,-43.2300172,-91,3,724,05,53821470,44521,6,-8,2
689,2024.01.26_12.35.11,-22.8586422,-43.2300172,-91,3,724,05,53821470,44521,6,-8,2
690,2024.01.26_12.35.12,-22.8586422,-43.2300172,-91,3,724,05,53821470,44521,6,-8,2
691,2024.01.26_12.35.13,-22.8586422,-43.2300172,-91,3,724,05,53821470,44521,6,-8,2
692,2024.01.26_12.35.14,-22.8586422,-43.2300172,-91,3,724,05,53821470,44521,6,-8,2
693,2024.01.26_12.35.15,-22.8586422,-43.2300172,-91,3,724,05,53821470,44521,6,-8,2
694,2024.01.26_12.35.16,-22.8586422,-43.2300172,-91,3,724,05,53821470,44521,6,-8,2
695,2024.01.26_12.35.17,-22.8586422,-43.2300172,-91,3,724,05,53821470,44521,6,-8,2
696,2024.01.26_12.35.18,-22.8586422,-43.2300172,-91,3,724,05,53821470,44521,6,-8,2
697,2024.01.26_12.35.19,-22.8586422,-43.2300172,-91,3,724,05,53821470,44521,6,-8,2
698,2024.01.26_12.35.20,-22.8586422,-43.2300172,-91,3,724,05,53821470,44521,6,-8,2
699,2024.01.26_12.35.21,-22.8586422,-43.2300172,-91,3,724,05,53821470,44521,6,-8,2
700,2024.01.26_12.35.22,-22.8586422,-43.2300172,-91,3,724,05,53821470,44521,6,-8,2
701,2024.01.26_12.35.23,-22.8586422,-43.2300172,-91,3,724,05,53821470,44521,6,-8,2
702,2024.01.26_12.35.24,-22.8586422,-43.2300172,-91,3,724,05,53821470,44521,6,-8,2
703,2024.01.26_12.35.25,-22.8586422,-43.2300172,-91,3,724,05,53821470,44521,6,-8,2
704,2024.01.26_12.35.26,-22.8586422,-43.2300172,-91,3,724,05,53821470,44521,6,-8,2
705,2024.01.26_12.35.27,-22.8586422,-43.2300172,-91,3,724,05,53821470,44521,6,-8,2
706,2024.01.26_12.35.28,-22.8586422,-43.2300172,-91,3,724,05,53821470,44521,6,-8,2
707,2024.01.26_12.35.29,-22.8586422,-43.2300172,-91,3,724,05,53821470,44521,6,-8,2
708,2024.01.26_12.35.30,-22.8586422,-43.2300172,-91,3,724,05,53821470,44521,6,-8,2
709,2024.01.26_12.35.31,-22.8586422,-43.2300172,-91,3,724,05,53821470,44521,6,-8,2
710,2024.01.26_12.35.32,-22.8586422,-43.2300172,-91,3,724,05,53821470,44521,6,-8,2
711,2024.01.26_12.35.33,-22.8586422,-43.2300172,-91,3,724,05,53821470,44521,6,-8,2
712,2024.01.26_12.35.35,-22.8586422,-43.2300172,-91,3,724,05,53821470,44521,6,-8,2
713,2024.01.26_12.35.35,-22.8586422,-43.2300172,-91,3,724,05,53821470,44521,6,-8,2
714,2024.01.26_12.35.36,-22.8586422,-43.2300172,-91,3,724,05,53821470,44521,6,-8,2
715,2024.01.26_12.35.37,-22.8586422,-43.2300172,-91,3,724,05,53821470,44521,6,-8,2
716,2024.01.26_12.35.38,-22.8586422,-43.2300172,-91,3,724,05,53821470,44521,6,-8,2
717,2024.01.26_12.35.39,-22.8586422,-43.2300172,-91,3,724,05,53821470,44521,6,-8,2
718,2024.01.26_12.35.40,-22.8586422,-43.2300172,-91,3,724,05,53821470,44521,6,-8,2
719,2024.01.26_12.35.41,-22.8586422,-43.2300172,-91,3,724,05,53821470,44521,6,-8,2
720,2024.01.26_12.35.42,-22.8586422,-43.2300172,-91,3,724,05,53821470,44521,6,-8,2
721,2024.01.26_12.35.43,-22.8586422,-43.2300172,-91,3,724,05,53821470,44521,6,-8,2
722,2024.01.26_12.35.45,-22.8586422,-43.2300172,-91,3,724,05,53821470,44521,6,-8,2
723,2024.01.26_12.35.46,-22.8586422,-43.2300172,-91,3,724,05,53821470,44521,6,-8,2
724,2024.01.26_12.35.46,-22.8586422,-43.2300172,-91,3,724,05,53821470,44521,6,-8,2
725,2024.01.26_12.35.47,-22.8586422,-43.2300172,-91,3,724,05,53821470,44521,6,-8,2
726,2024.01.26_12.35.49,-22.8586422,-43.2300172,-91,3,724,05,53821470,44521,6,-8,2
727,2024.01.26_12.35.50,-22.8586422,-43.2300172,-91,3,724,05,53821470,44521,6,-8,2
728,2024.01.26_12.35.51,-22.8586422,-43.2300172,-91,3,724,05,53821470,44521,6,-8,2
729,2024.01.26_12.35.51,-22.8586422,-43.2300172,-91,3,724,05,53821470,44521,6,-8,2
730,2024.01.26_12.35.52,-22.8586422,-43.2300172,-91,3,724,05,53821470,44521,6,-8,2
731,2024.01.26_12.35.53,-22.8586422,-43.2300172,-91,3,724,05,53821470,44521,6,-8,2
732,2024.01.26_12.35.54,-22.8586422,-43.2300172,-91,3,724,05,53821470,44521,6,-8,2
733,2024.01.26_12.35.56,-22.8586422,-43.2300172,-91,3,724,05,53821470,44521,6,-8,2
734,2024.01.26_12.35.56,-22.8586422,-43.2300172,-91,3,724,05,53821470,44521,6,-8,2
735,2024.01.26_12.35.58,-22.8586422,-43.2300172,-91,3,724,05,53821470,44521,6,-8,2
736,2024.01.26_12.35.59,-22.8586422,-43.2300172,-91,3,724,05,53821470,44521,6,-8,2
737,2024.01.26_12.36.00,-22.8586422,-43.2300172,-91,3,724,05,53821470,44521,6,-8,2
738,2024.01.26_12.36.01,-22.8586422,-43.2300172,-91,3,724,05,53821470,44521,6,-8,2
739,2024.01.26_12.36.01,-22.8586422,-43.2300172,-91,3,724,05,53821470,44521,6,-8,2
740,2024.01.26_12.36.02,-22.8586422,-43.2300172,-91,3,724,05,53821470,44521,6,-8,2
741,2024.01.26_12.36.04,-22.8586422,-43.2300172,-91,3,724,05,53821470,44521,6,-8,2
742,2024.01.26_12.36.04,-22.8586422,-43.2300172,-91,3,724,05,53821470,44521,6,-8,2
743,2024.01.26_12.36.05,-22.8586422,-43.2300172,-91,3,724,05,53821470,44521,6,-8,2
744,2024.01.26_12.36.06,-22.8586422,-43.2300172,-91,3,724,05,53821470,44521,6,-8,2
745,2024.01.26_12.36.07,-22.8586422,-43.2300172,-91,3,724,05,53821470,44521,6,-8,2
746,2024.01.26_12.36.08,-22.8586422,-43.2300172,-91,3,724,05,53821470,44521,6,-8,2
747,2024.01.26_12.36.09,-22.8586422,-43.2300172,-91,3,724,05,53821470,44521,6,-8,2
748,2024.01.26_12.36.10,-22.8586422,-43.2300172,-91,3,724,05,53821470,44521,6,-8,2
749,2024.01.26_12.36.12,-22.8586422,-43.2300172,-91,3,724,05,53821470,44521,6,-8,2
750,2024.01.26_12.36.13,-22.8586422,-43.2300172,-91,3,724,05,53821470,44521,6,-8,2
751,2024.01.26_12.36.14,-22.8586422,-43.2300172,-91,3,724,05,53821470,44521,6,-8,2
752,2024.01.26_12.36.15,-22.8586422,-43.2300172,-91,3,724,05,53821470,44521,6,-8,2
753,2024.01.26_12.36.16,-22.8586422,-43.2300172,-91,3,724,05,53821470,44521,6,-8,2
754,2024.01.26_12.36.17,-22.8586422,-43.2300172,-91,3,724,05,53821470,44521,6,-8,2
755,2024.01.26_12.36.18,-22.8586422,-43.2300172,-91,3,724,05,53821470,44521,6,-8,2
756,2024.01.26_12.36.19,-22.8586422,-43.2300172,-91,3,724,05,53821470,44521,6,-8,2
757,2024.01.26_12.36.20,-22.8586422,-43.2300172,-91,3,724,05,53821470,44521,6,-8,2
758,2024.01.26_12.36.21,-22.8586422,-43.2300172,-91,3,724,05,53821470,44521,6,-8,2
759,2024.01.26_12.36.22,-22.8586422,-43.2300172,-91,3,724,05,53821470,44521,6,-8,2
760,2024.01.26_12.36.23,-22.8586422,-43.2300172,-91,3,724,05,53821470,44521,6,-8,2
761,2024.01.26_12.36.24,-22.8586422,-43.2300172,-91,3,724,05,53821470,44521,6,-8,2
762,2024.01.26_12.36.25,-22.8586422,-43.2300172,-91,3,724,05,53821470,44521,6,-8,2
763,2024.01.26_12.36.26,-22.8586422,-43.2300172,-91,3,724,05,53821470,44521,6,-8,2
764,2024.01.26_12.36.27,-22.8586422,-43.2300172,-91,3,724,05,53821470,44521,6,-8,2
765,2024.01.26_12.36.28,-22.8586422,-43.2300172,-91,3,724,05,53821470,44521,6,-8,2
766,2024.01.26_12.36.29,-22.8586422,-43.2300172,-91,3,724,05,53821470,44521,6,-8,2
767,2024.01.26_12.36.30,-22.8586422,-43.2300172,-91,3,724,05,53821470,44521,6,-8,2
768,2024.01.26_12.36.31,-22.8586422,-43.2300172,-91,3,724,05,53821470,44521,6,-8,2
769,2024.01.26_12.36.32,-22.8586422,-43.2300172,-91,3,724,05,53821470,44521,6,-8,2
770,2024.01.26_12.36.33,-22.8586422,-43.2300172,-91,3,724,05,53821470,44521,6,-8,2
771,2024.01.26_12.36.34,-22.8586422,-43.2300172,-91,3,724,05,53821470,44521,6,-8,2
772,2024.01.26_12.36.35,-22.8586422,-43.2300172,-91,3,724,05,53821470,44521,6,-8,2
773,2024.01.26_12.36.36,-22.8586422,-43.2300172,-91,3,724,05,53821470,44521,6,-8,2
774,2024.01.26_12.36.37,-22.8586422,-43.2300172,-91,3,724,05,53821470,44521,6,-8,2
775,2024.01.26_12.36.38,-22.8586422,-43.2300172,-91,3,724,05,53821470,44521,6,-8,2
776,2024.01.26_12.36.39,-22.8586422,-43.2300172,-91,3,724,05,53821470,44521,6,-8,2
777,2024.01.26_12.36.40,-22.8586422,-43.2300172,-91,3,724,05,53821470,44521,6,-8,2
778,2024.01.26_12.36.41,-22.8586422,-43.2300172,-91,3,724,05,53821470,44521,6,-8,2
779,2024.01.26_12.36.42,-22.8586422,-43.2300172,-91,3,724,05,53821470,44521,6,-8,2
780,2024.01.26_12.36.43,-22.8586422,-43.2300172,-91,3,724,05,53821470,44521,6,-8,2
781,2024.01.26_12.36.44,-22.8586422,-43.2300172,-91,3,724,05,53821470,44521,6,-8,2
782,2024.01.26_12.36.45,-22.8586422,-43.2300172,-91,3,724,05,53821470,44521,6,-8,2
783,2024.01.26_12.36.46,-22.8586422,-43.2300172,-91,3,724,05,53821470,44521,6,-8,2
784,2024.01.26_12.36.47,-22.8586422,-43.2300172,-91,3,724,05,53821470,44521,6,-8,2
785,2024.01.26_12.36.48,-22.8586422,-43.2300172,-91,3,724,05,53821470,44521,6,-8,2
786,2024.01.26_12.36.49,-22.8586422,-43.2300172,-91,3,724,05,53821470,44521,6,-8,2
787,2024.01.26_12.36.50,-22.8586422,-43.2300172,-91,3,724,05,53821470,44521,6,-8,2
788,2024.01.26_12.36.51,-22.8586422,-43.2300172,-91,3,724,05,53821470,44521,6,-8,2
789,2024.01.26_12.36.52,-22.8586422,-43.2300172,-91,3,724,05,53821470,44521,6,-8,2
790,2024.01.26_12.36.53,-22.8586422,-43.2300172,-91,3,724,05,53821470,44521,6,-8,2
791,2024.01.26_12.36.54,-22.8586422,-43.2300172,-91,3,724,05,53821470,44521,6,-8,2
792,2024.01.26_12.36.55,-22.8592433,-43.2307911,-91,3,724,05,53821470,44521,6,-8,2
793,2024.01.26_12.36.56,-22.8592433,-43.2307911,-91,3,724,05,53821470,44521,6,-8,2
794,2024.01.26_12.36.57,-22.8592433,-43.2307911,-91,3,724,05,53821470,44521,6,-8,2
795,2024.01.26_12.36.58,-22.8592433,-43.2307911,-91,3,724,05,53821470,44521,6,-8,2
796,2024.01.26_12.36.59,-22.8592433,-43.2307911,-91,3,724,05,53821470,44521,6,-8,2
797,2024.01.26_12.37.00,-22.8592433,-43.2307911,-91,3,724,05,53821470,44521,6,-8,2
798,2024.01.26_12.37.01,-22.8592433,-43.2307911,-91,3,724,05,53821470,44521,6,-8,2
799,2024.01.26_12.37.02,-22.8592433,-43.2307911,-91,3,724,05,53821470,44521,6,-8,2
800,2024.01.26_12.37.03,-22.8592433,-43.2307911,-91,3,724,05,53821470,44521,6,-8,2
801,2024.01.26_12.37.04,-22.8592433,-43.2307911,-91,3,724,05,53821470,44521,6,-8,2
802,2024.01.26_12.37.05,-22.8592433,-43.2307911,-91,3,724,05,53821470,44521,6,-8,2
803,2024.01.26_12.37.06,-22.8592433,-43.2307911,-91,3,724,05,53821470,44521,6,-8,2
804,2024.01.26_12.37.07,-22.8592433,-43.2307911,-91,3,724,05,53821470,44521,6,-8,2
805,2024.01.26_12.37.08,-22.8592433,-43.2307911,-91,3,724,05,53821470,44521,6,-8,2
806,2024.01.26_12.37.09,-22.8592433,-43.2307911,-91,3,724,05,53821470,44521,6,-8,2
807,2024.01.26_12.37.10,-22.8592433,-43.2307911,-91,3,724,05,53821470,44521,6,-8,2
808,2024.01.26_12.37.11,-22.8592433,-43.2307911,-91,3,724,05,53821470,44521,6,-8,2
809,2024.01.26_12.37.12,-22.8592433,-43.2307911,-91,3,724,05,53821470,44521,6,-8,2
810,2024.01.26_12.37.13,-22.8592433,-43.2307911,-91,3,724,05,53821470,44521,6,-8,2
811,2024.01.26_12.37.14,-22.8592433,-43.2307911,-91,3,724,05,53821470,44521,6,-8,2
812,2024.01.26_12.37.15,-22.8592433,-43.2307911,-91,3,724,05,53821470,44521,6,-8,2
813,2024.01.26_12.37.16,-22.8592433,-43.2307911,-91,3,724,05,53821470,44521,6,-8,2
814,2024.01.26_12.37.17,-22.8592433,-43.2307911,-91,3,724,05,53821470,44521,6,-8,2
815,2024.01.26_12.37.18,-22.8592433,-43.2307911,-91,3,724,05,53821470,44521,6,-8,2
816,2024.01.26_12.37.19,-22.8592433,-43.2307911,-91,3,724,05,53821470,44521,6,-8,2
817,2024.01.26_12.37.20,-22.8592433,-43.2307911,-91,3,724,05,53821470,44521,6,-8,2
818,2024.01.26_12.37.21,-22.8592433,-43.2307911,-91,3,724,05,53821470,44521,6,-8,2
819,2024.01.26_12.37.22,-22.8592433,-43.2307911,-91,3,724,05,53821470,44521,6,-8,2
820,2024.01.26_12.37.23,-22.8592433,-43.2307911,-91,3,724,05,53821470,44521,6,-8,2
821,2024.01.26_12.37.24,-22.8592433,-43.2307911,-91,3,724,05,53821470,44521,6,-8,2
822,2024.01.26_12.37.25,-22.8592433,-43.2307911,-91,3,724,05,53821470,44521,6,-8,2
823,2024.01.26_12.37.26,-22.8592433,-43.2307911,-91,3,724,05,53821470,44521,6,-8,2
824,2024.01.26_12.37.27,-22.8592433,-43.2307911,-91,3,724,05,53821470,44521,6,-8,2
825,2024.01.26_12.37.28,-22.8592433,-43.2307911,-91,3,724,05,53821470,44521,6,-8,2
826,2024.01.26_12.37.29,-22.8592433,-43.2307911,-91,3,724,05,53821470,44521,6,-8,2
827,2024.01.26_12.37.30,-22.8592433,-43.2307911,-91,3,724,05,53821470,44521,6,-8,2
828,2024.01.26_12.37.31,-22.8592433,-43.2307911,-91,3,724,05,53821470,44521,6,-8,2
829,2024.01.26_12.37.32,-22.8592433,-43.2307911,-91,3,724,05,53821470,44521,6,-8,2
830,2024.01.26_12.37.33,-22.8592433,-43.2307911,-91,3,724,05,53821470,44521,6,-8,2
831,2024.01.26_12.37.35,-22.8592433,-43.2307911,-91,3,724,05,53821470,44521,6,-8,2
832,2024.01.26_12.37.35,-22.8592433,-43.2307911,-91,3,724,05,53821470,44521,6,-8,2
833,2024.01.26_12.37.36,-22.8592433,-43.2307911,-91,3,724,05,53821470,44521,6,-8,2
834,2024.01.26_12.37.37,-22.8592433,-43.2307911,-91,3,724,05,53821470,44521,6,-8,2
835,2024.01.26_12.37.38,-22.8592433,-43.2307911,-91,3,724,05,53821470,44521,6,-8,2
836,2024.01.26_12.37.39,-22.8592433,-43.2307911,-91,3,724,05,53821470,44521,6,-8,2
837,2024.01.26_12.37.40,-22.8592433,-43.2307911,-91,3,724,05,53821470,44521,6,-8,2
838,2024.01.26_12.37.41,-22.8592433,-43.2307911,-91,3,724,05,53821470,44521,6,-8,2
839,2024.01.26_12.37.42,-22.8592433,-43.2307911,-91,3,724,05,53821470,44521,6,-8,2
840,2024.01.26_12.37.43,-22.8592433,-43.2307911,-91,3,724,05,53821470,44521,6,-8,2
841,2024.01.26_12.37.45,-22.8592433,-43.2307911,-91,3,724,05,53821470,44521,6,-8,2
842,2024.01.26_12.37.49,-22.8592433,-43.2307911,-91,3,724,05,53821470,44521,6,-8,2
843,2024.01.26_12.37.49,-22.8592433,-43.2307911,-91,3,724,05,53821470,44521,6,-8,2
844,2024.01.26_12.37.49,-22.8592433,-43.2307911,-91,3,724,05,53821470,44521,6,-8,2
845,2024.01.26_12.37.50,-22.8592433,-43.2307911,-91,3,724,05,53821470,44521,6,-8,2
846,2024.01.26_12.37.50,-22.8592433,-43.2307911,-91,3,724,05,53821470,44521,6,-8,2
847,2024.01.26_12.37.51,-22.8592433,-43.2307911,-91,3,724,05,53821470,44521,6,-8,2
848,2024.01.26_12.37.51,-22.8592433,-43.2307911,-91,3,724,05,53821470,44521,6,-8,2
849,2024.01.26_12.37.52,-22.8592433,-43.2307911,-91,3,724,05,53821470,44521,6,-8,2
850,2024.01.26_12.37.53,-22.8592433,-43.2307911,-91,3,724,05,53821470,44521,6,-8,2
851,2024.01.26_12.37.54,-22.8592433,-43.2307911,-91,3,724,05,53821470,44521,6,-8,2
852,2024.01.26_12.37.55,-22.8592433,-43.2307911,-91,3,724,05,53821470,44521,6,-8,2
853,2024.01.26_12.37.56,-22.8592433,-43.2307911,-91,3,724,05,53821470,44521,6,-8,2
854,2024.01.26_12.37.57,-22.8592433,-43.2307911,-91,3,724,05,53821470,44521,6,-8,2
855,2024.01.26_12.37.58,-22.8592433,-43.2307911,-91,3,724,05,53821470,44521,6,-8,2
856,2024.01.26_12.37.59,-22.8592433,-43.2307911,-91,3,724,05,53821470,44521,6,-8,2
857,2024.01.26_12.38.00,-22.8592433,-43.2307911,-91,3,724,05,53821470,44521,6,-8,2
858,2024.01.26_12.38.01,-22.8592433,-43.2307911,-91,3,724,05,53821470,44521,6,-8,2
859,2024.01.26_12.38.02,-22.8592433,-43.2307911,-91,3,724,05,53821470,44521,6,-8,2
860,2024.01.26_12.38.03,-22.8592433,-43.2307911,-91,3,724,05,53821470,44521,6,-8,2
861,2024.01.26_12.38.04,-22.8592433,-43.2307911,-91,3,724,05,53821470,44521,6,-8,2
862,2024.01.26_12.38.05,-22.8592433,-43.2307911,-91,3,724,05,53821470,44521,6,-8,2
863,2024.01.26_12.38.06,-22.8592433,-43.2307911,-91,3,724,05,53821470,44521,6,-8,2
864,2024.01.26_12.38.07,-22.8592433,-43.2307911,-91,3,724,05,53821470,44521,6,-8,2
865,2024.01.26_12.38.08,-22.8592433,-43.2307911,-91,3,724,05,53821470,44521,6,-8,2
866,2024.01.26_12.38.09,-22.8592433,-43.2307911,-91,3,724,05,53821470,44521,6,-8,2
867,2024.01.26_12.38.10,-22.8592433,-43.2307911,-91,3,724,05,53821470,44521,6,-8,2
868,2024.01.26_12.38.11,-22.8592433,-43.2307911,-91,3,724,05,53821470,44521,6,-8,2
869,2024.01.26_12.38.12,-22.8592433,-43.2307911,-91,3,724,05,53821470,44521,6,-8,2
870,2024.01.26_12.38.13,-22.8592433,-43.2307911,-91,3,724,05,53821470,44521,6,-8,2
871,2024.01.26_12.38.14,-22.8592433,-43.2307911,-91,3,724,05,53821470,44521,6,-8,2
872,2024.01.26_12.38.15,-22.8592433,-43.2307911,-91,3,724,05,53821470,44521,6,-8,2
873,2024.01.26_12.38.16,-22.8592433,-43.2307911,-91,3,724,05,53821470,44521,6,-8,2
874,2024.01.26_12.38.18,-22.8592433,-43.2307911,-91,3,724,05,53821470,44521,6,-8,2
875,2024.01.26_12.38.18,-22.8592433,-43.2307911,-91,3,724,05,53821470,44521,6,-8,2
876,2024.01.26_12.38.19,-22.8592433,-43.2307911,-91,3,724,05,53821470,44521,6,-8,2
877,2024.01.26_12.38.20,-22.8592433,-43.2307911,-91,3,724,05,53821470,44521,6,-8,2
878,2024.01.26_12.38.21,-22.8592433,-43.2307911,-91,3,724,05,53821470,44521,6,-8,2
879,2024.01.26_12.38.22,-22.8592433,-43.2307911,-91,3,724,05,53821470,44521,6,-8,2
880,2024.01.26_12.38.23,-22.8592433,-43.2307911,-91,3,724,05,53821470,44521,6,-8,2
881,2024.01.26_12.38.24,-22.8592433,-43.2307911,-91,3,724,05,53821470,44521,6,-8,2
882,2024.01.26_12.38.25,-22.8592433,-43.2307911,-91,3,724,05,53821470,44521,6,-8,2
883,2024.01.26_12.38.26,-22.8592433,-43.2307911,-91,3,724,05,53821470,44521,6,-8,2
884,2024.01.26_12.38.27,-22.8592433,-43.2307911,-91,3,724,05,53821470,44521,6,-8,2
885,2024.01.26_12.38.28,-22.8592433,-43.2307911,-91,3,724,05,53821470,44521,6,-8,2
886,2024.01.26_12.38.29,-22.8592433,-43.2307911,-91,3,724,05,53821470,44521,6,-8,2
887,2024.01.26_12.38.30,-22.8592433,-43.2307911,-91,3,724,05,53821470,44521,6,-8,2
888,2024.01.26_12.38.31,-22.8592433,-43.2307911,-91,3,724,05,53821470,44521,6,-8,2
889,2024.01.26_12.38.32,-22.8592433,-43.2307911,-91,3,724,05,53821470,44521,6,-8,2
890,2024.01.26_12.38.33,-22.8592433,-43.2307911,-91,3,724,05,53821470,44521,6,-8,2
891,2024.01.26_12.38.34,-22.8592433,-43.2307911,-91,3,724,05,53821470,44521,6,-8,2
892,2024.01.26_12.38.35,-22.8592433,-43.2307911,-91,3,724,05,53821470,44521,6,-8,2
893,2024.01.26_12.38.36,-22.8592433,-43.2307911,-91,3,724,05,53821470,44521,6,-8,2
894,2024.01.26_12.38.37,-22.8592433,-43.2307911,-91,3,724,05,53821470,44521,6,-8,2
895,2024.01.26_12.38.38,-22.8592433,-43.2307911,-91,3,724,05,53821470,44521,6,-8,2
896,2024.01.26_12.38.39,-22.8592433,-43.2307911,-91,3,724,05,53821470,44521,6,-8,2
897,2024.01.26_12.38.40,-22.8592433,-43.2307911,-91,3,724,05,53821470,44521,6,-8,2
898,2024.01.26_12.38.42,-22.8592433,-43.2307911,-91,3,724,05,53821470,44521,6,-8,2
899,2024.01.26_12.38.43,-22.8592433,-43.2307911,-91,3,724,05,53821470,44521,6,-8,2
900,2024.01.26_12.38.44,-22.8592433,-43.2307911,-91,3,724,05,53821470,44521,6,-8,2
901,2024.01.26_12.38.45,-22.8592433,-43.2307911,-91,3,724,05,53821470,44521,6,-8,2
902,2024.01.26_12.38.46,-22.8592433,-43.2307911,-91,3,724,05,53821470,44521,6,-8,2
903,2024.01.26_12.38.47,-22.8592433,-43.2307911,-91,3,724,05,53821470,44521,6,-8,2
904,2024.01.26_12.38.48,-22.8592433,-43.2307911,-91,3,724,05,53821470,44521,6,-8,2
905,2024.01.26_12.38.49,-22.8592433,-43.2307911,-91,3,724,05,53821470,44521,6,-8,2
906,2024.01.26_12.38.49,-22.8592433,-43.2307911,-91,3,724,05,53821470,44521,6,-8,2
907,2024.01.26_12.38.50,-22.8592433,-43.2307911,-91,3,724,05,53821470,44521,6,-8,2
908,2024.01.26_12.38.52,-22.8592433,-43.2307911,-91,3,724,05,53821470,44521,6,-8,2
909,2024.01.26_12.38.53,-22.8592433,-43.2307911,-91,3,724,05,53821470,44521,6,-8,2
910,2024.01.26_12.38.54,-22.8592433,-43.2307911,-91,3,724,05,53821470,44521,6,-8,2
911,2024.01.26_12.38.55,-22.8592433,-43.2307911,-91,3,724,05,53821470,44521,6,-8,2
912,2024.01.26_12.38.56,-22.8592433,-43.2307911,-91,3,724,05,53821470,44521,6,-8,2
913,2024.01.26_12.38.57,-22.8592433,-43.2307911,-91,3,724,05,53821470,44521,6,-8,2
914,2024.01.26_12.38.58,-22.8592433,-43.2307911,-91,3,724,05,53821470,44521,6,-8,2
915,2024.01.26_12.38.59,-22.8592433,-43.2307911,-91,3,724,05,53821470,44521,6,-8,2
916,2024.01.26_12.39.00,-22.8592433,-43.2307911,-91,3,724,05,53821470,44521,6,-8,2
917,2024.01.26_12.39.01,-22.8592433,-43.2307911,-91,3,724,05,53821470,44521,6,-8,2
918,2024.01.26_12.39.02,-22.8592433,-43.2307911,-91,3,724,05,53821470,44521,6,-8,2
919,2024.01.26_12.39.03,-22.8592433,-43.2307911,-91,3,724,05,53821470,44521,6,-8,2
920,2024.01.26_12.39.04,-22.8592433,-43.2307911,-91,3,724,05,53821470,44521,6,-8,2
921,2024.01.26_12.39.05,-22.8592433,-43.2307911,-91,3,724,05,53821470,44521,6,-8,2
922,2024.01.26_12.39.06,-22.8592433,-43.2307911,-91,3,724,05,53821470,44521,6,-8,2
923,2024.01.26_12.39.07,-22.8592433,-43.2307911,-91,3,724,05,53821470,44521,6,-8,2
924,2024.01.26_12.39.08,-22.8592433,-43.2307911,-91,3,724,05,53821470,44521,6,-8,2
925,2024.01.26_12.39.09,-22.8592433,-43.2307911,-91,3,724,05,53821470,44521,6,-8,2
926,2024.01.26_12.39.10,-22.8592433,-43.2307911,-91,3,724,05,53821470,44521,6,-8,2
927,2024.01.26_12.39.11,-22.8592433,-43.2307911,-91,3,724,05,53821470,44521,6,-8,2
928,2024.01.26_12.39.12,-22.8592433,-43.2307911,-91,3,724,05,53821470,44521,6,-8,2
929,2024.01.26_12.39.13,-22.8592433,-43.2307911,-91,3,724,05,53821470,44521,6,-8,2
930,2024.01.26_12.39.14,-22.8592433,-43.2307911,-91,3,724,05,53821470,44521,6,-8,2
931,2024.01.26_12.39.15,-22.8592433,-43.2307911,-91,3,724,05,53821470,44521,6,-8,2
932,2024.01.26_12.39.16,-22.8592433,-43.2307911,-91,3,724,05,53821470,44521,6,-8,2
933,2024.01.26_12.39.17,-22.8592433,-43.2307911,-91,3,724,05,53821470,44521,6,-8,2
934,2024.01.26_12.39.18,-22.8592433,-43.2307911,-91,3,724,05,53821470,44521,6,-8,2
935,2024.01.26_12.39.19,-22.8592433,-43.2307911,-91,3,724,05,53821470,44521,6,-8,2
936,2024.01.26_12.39.20,-22.8592433,-43.2307911,-91,3,724,05,53821470,44521,6,-8,2
937,2024.01.26_12.39.21,-22.8592433,-43.2307911,-91,3,724,05,53821470,44521,6,-8,2
938,2024.01.26_12.39.22,-22.8592433,-43.2307911,-91,3,724,05,53821470,44521,6,-8,2
939,2024.01.26_12.39.23,-22.8592433,-43.2307911,-91,3,724,05,53821470,44521,6,-8,2
940,2024.01.26_12.39.24,-22.8592433,-43.2307911,-91,3,724,05,53821470,44521,6,-8,2
941,2024.01.26_12.39.25,-22.8592433,-43.2307911,-91,3,724,05,53821470,44521,6,-8,2
942,2024.01.26_12.39.26,-22.8592433,-43.2307911,-91,3,724,05,53821470,44521,6,-8,2
943,2024.01.26_12.39.27,-22.8592433,-43.2307911,-91,3,724,05,53821470,44521,6,-8,2
944,2024.01.26_12.39.28,-22.8592433,-43.2307911,-91,3,724,05,53821470,44521,6,-8,2
945,2024.01.26_12.39.29,-22.8592433,-43.2307911,-91,3,724,05,53821470,44521,6,-8,2
946,2024.01.26_12.39.30,-22.8592433,-43.2307911,-91,3,724,05,53821470,44521,6,-8,2
947,2024.01.26_12.39.31,-22.8592433,-43.2307911,-91,3,724,05,53821470,44521,6,-8,2
948,2024.01.26_12.39.32,-22.8592433,-43.2307911,-91,3,724,05,53821470,44521,6,-8,2
949,2024.01.26_12.39.33,-22.8592433,-43.2307911,-91,3,724,05,53821470,44521,6,-8,2
950,2024.01.26_12.39.34,-22.8592433,-43.2307911,-91,3,724,05,53821470,44521,6,-8,2
951,2024.01.26_12.39.36,-22.8592433,-43.2307911,-91,3,724,05,53821470,44521,6,-8,2
952,2024.01.26_12.39.37,-22.8592433,-43.2307911,-91,3,724,05,53821470,44521,6,-8,2
953,2024.01.26_12.39.39,-22.8592433,-43.2307911,-91,3,724,05,53821470,44521,6,-8,2
954,2024.01.26_12.39.40,-22.8592433,-43.2307911,-91,3,724,05,53821470,44521,6,-8,2
955,2024.01.26_12.39.40,-22.8592433,-43.2307911,-91,3,724,05,53821470,44521,6,-8,2
956,2024.01.26_12.39.41,-22.8592433,-43.2307911,-91,3,724,05,53821470,44521,6,-8,2
957,2024.01.26_12.39.41,-22.8592433,-43.2307911,-91,3,724,05,53821470,44521,6,-8,2
958,2024.01.26_12.39.42,-22.8592433,-43.2307911,-91,3,724,05,53821470,44521,6,-8,2
959,2024.01.26_12.39.43,-22.8592433,-43.2307911,-91,3,724,05,53821470,44521,6,-8,2
960,2024.01.26_12.39.44,-22.8592433,-43.2307911,-91,3,724,05,53821470,44521,6,-8,2
961,2024.01.26_12.39.45,-22.8592433,-43.2307911,-91,3,724,05,53821470,44521,6,-8,2
962,2024.01.26_12.39.46,-22.8592433,-43.2307911,-91,3,724,05,53821470,44521,6,-8,2
963,2024.01.26_12.39.47,-22.8592433,-43.2307911,-91,3,724,05,53821470,44521,6,-8,2
964,2024.01.26_12.39.48,-22.8592433,-43.2307911,-91,3,724,05,53821470,44521,6,-8,2
965,2024.01.26_12.39.49,-22.8592433,-43.2307911,-91,3,724,05,53821470,44521,6,-8,2
966,2024.01.26_12.39.50,-22.8592433,-43.2307911,-91,3,724,05,53821470,44521,6,-8,2
967,2024.01.26_12.39.51,-22.8592433,-43.2307911,-91,3,724,05,53821470,44521,6,-8,2
968,2024.01.26_12.39.52,-22.8592433,-43.2307911,-91,3,724,05,53821470,44521,6,-8,2
969,2024.01.26_12.39.53,-22.8592433,-43.2307911,-91,3,724,05,53821470,44521,6,-8,2
970,2024.01.26_12.39.54,-22.8592433,-43.2307911,-91,3,724,05,53821470,44521,6,-8,2
971,2024.01.26_12.39.55,-22.8592433,-43.2307911,-91,3,724,05,53821470,44521,6,-8,2
972,2024.01.26_12.39.56,-22.8592433,-43.2307911,-91,3,724,05,53821470,44521,6,-8,2
973,2024.01.26_12.39.57,-22.8592433,-43.2307911,-91,3,724,05,53821470,44521,6,-8,2
974,2024.01.26_12.39.58,-22.8592433,-43.2307911,-91,3,724,05,53821470,44521,6,-8,2
975,2024.01.26_12.39.59,-22.8592433,-43.2307911,-91,3,724,05,53821470,44521,6,-8,2
976,2024.01.26_12.40.00,-22.8592433,-43.2307911,-91,3,724,05,53821470,44521,6,-8,2
977,2024.01.26_12.40.02,-22.8592433,-43.2307911,-91,3,724,05,53821470,44521,6,-8,2
978,2024.01.26_12.40.03,-22.8592433,-43.2307911,-91,3,724,05,53821470,44521,6,-8,2
979,2024.01.26_12.40.05,-22.8592433,-43.2307911,-91,3,724,05,53821470,44521,6,-8,2
980,2024.01.26_12.40.05,-22.8592433,-43.2307911,-91,3,724,05,53821470,44521,6,-8,2
981,2024.01.26_12.40.06,-22.8592433,-43.2307911,-91,3,724,05,53821470,44521,6,-8,2
982,2024.01.26_12.40.06,-22.8592433,-43.2307911,-91,3,724,05,53821470,44521,6,-8,2
983,2024.01.26_12.40.07,-22.8592433,-43.2307911,-91,3,724,05,53821470,44521,6,-8,2
984,2024.01.26_12.40.08,-22.8592433,-43.2307911,-91,3,724,05,53821470,44521,6,-8,2
985,2024.01.26_12.40.09,-22.8592433,-43.2307911,-91,3,724,05,53821470,44521,6,-8,2
986,2024.01.26_12.40.10,-22.8592433,-43.2307911,-91,3,724,05,53821470,44521,6,-8,2
987,2024.01.26_12.40.11,-22.8592433,-43.2307911,-91,3,724,05,53821470,44521,6,-8,2
988,2024.01.26_12.40.12,-22.8592433,-43.2307911,-91,3,724,05,53821470,44521,6,-8,2
989,2024.01.26_12.40.14,-22.8592433,-43.2307911,-91,3,724,05,53821470,44521,6,-8,2
990,2024.01.26_12.40.15,-22.8592433,-43.2307911,-91,3,724,05,53821470,44521,6,-8,2
991,2024.01.26_12.40.15,-22.8592433,-43.2307911,-91,3,724,05,53821470,44521,6,-8,2
992,2024.01.26_12.40.17,-22.8592433,-43.2307911,-91,3,724,05,53821470,44521,6,-8,2
993,2024.01.26_12.40.17,-22.8592433,-43.2307911,-91,3,724,05,53821470,44521,6,-8,2
994,2024.01.26_12.40.18,-22.8592433,-43.2307911,-91,3,724,05,53821470,44521,6,-8,2
995,2024.01.26_12.40.19,-22.8592433,-43.2307911,-91,3,724,05,53821470,44521,6,-8,2
996,2024.01.26_12.40.21,-22.8592433,-43.2307911,-91,3,724,05,53821470,44521,6,-8,2
997,2024.01.26_12.40.22,-22.8592433,-43.2307911,-91,3,724,05,53821470,44521,6,-8,2
998,2024.01.26_12.40.22,-22.8592433,-43.2307911,-91,3,724,05,53821470,44521,6,-8,2
999,2024.01.26_12.40.23,-22.8592433,-43.2307911,-91,3,724,05,53821470,44521,6,-8,2
1000,2024.01.26_12.40.24,-22.8592433,-43.2307911,-91,3,724,05,53821470,44521,6,-8,2
1001,2024.01.26_12.40.25,-22.8592433,-43.2307911,-91,3,724,05,53821470,44521,6,-8,2
1002,2024.01.26_12.40.26,-22.8592433,-43.2307911,-91,3,724,05,53821470,44521,6,-8,2
1003,2024.01.26_12.40.27,-22.8592433,-43.2307911,-91,3,724,05,53821470,44521,6,-8,2
1004,2024.01.26_12.40.28,-22.8592433,-43.2307911,-91,3,724,05,53821470,44521,6,-8,2
1005,2024.01.26_12.40.29,-22.8592433,-43.2307911,-91,3,724,05,53821470,44521,6,-8,2
1006,2024.01.26_12.40.30,-22.8592433,-43.2307911,-91,3,724,05,53821470,44521,6,-8,2
1007,2024.01.26_12.40.31,-22.8592433,-43.2307911,-91,3,724,05,53821470,44521,6,-8,2
1008,2024.01.26_12.40.32,-22.8592433,-43.2307911,-91,3,724,05,53821470,44521,6,-8,2
1009,2024.01.26_12.40.33,-22.8592433,-43.2307911,-91,3,724,05,53821470,44521,6,-8,2
1010,2024.01.26_12.40.34,-22.8592433,-43.2307911,-91,3,724,05,53821470,44521,6,-8,2
1011,2024.01.26_12.40.35,-22.8592433,-43.2307911,-91,3,724,05,53821470,44521,6,-8,2
1012,2024.01.26_12.40.36,-22.8592433,-43.2307911,-91,3,724,05,53821470,44521,6,-8,2
1013,2024.01.26_12.40.37,-22.8592433,-43.2307911,-91,3,724,05,53821470,44521,6,-8,2
1014,2024.01.26_12.40.38,-22.8592433,-43.2307911,-91,3,724,05,53821470,44521,6,-8,2
1015,2024.01.26_12.40.39,-22.8592433,-43.2307911,-91,3,724,05,53821470,44521,6,-8,2
1016,2024.01.26_12.40.40,-22.8592433,-43.2307911,-91,3,724,05,53821470,44521,6,-8,2
1017,2024.01.26_12.40.41,-22.8592433,-43.2307911,-91,3,724,05,53821470,44521,6,-8,2
1018,2024.01.26_12.40.42,-22.8592433,-43.2307911,-91,3,724,05,53821470,44521,6,-8,2
1019,2024.01.26_12.40.43,-22.8592433,-43.2307911,-91,3,724,05,53821470,44521,6,-8,2
1020,2024.01.26_12.40.44,-22.8592433,-43.2307911,-91,3,724,05,53821470,44521,6,-8,2
1021,2024.01.26_12.40.45,-22.8592433,-43.2307911,-91,3,724,05,53821470,44521,6,-8,2
1022,2024.01.26_12.40.46,-22.8592433,-43.2307911,-91,3,724,05,53821470,44521,6,-8,2
1023,2024.01.26_12.40.47,-22.8592433,-43.2307911,-91,3,724,05,53821470,44521,6,-8,2
1024,2024.01.26_12.40.48,-22.8592433,-43.2307911,-91,3,724,05,53821470,44521,6,-8,2
1025,2024.01.26_12.40.49,-22.8592433,-43.2307911,-91,3,724,05,53821470,44521,6,-8,2
1026,2024.01.26_12.40.50,-22.8592433,-43.2307911,-91,3,724,05,53821470,44521,6,-8,2
1027,2024.01.26_12.40.51,-22.8592433,-43.2307911,-91,3,724,05,53821470,44521,6,-8,2
1028,2024.01.26_12.40.52,-22.8592433,-43.2307911,-91,3,724,05,53821470,44521,6,-8,2
1029,2024.01.26_12.40.53,-22.8592433,-43.2307911,-91,3,724,05,53821470,44521,6,-8,2
1030,2024.01.26_12.40.54,-22.8592433,-43.2307911,-91,3,724,05,53821470,44521,6,-8,2
1031,2024.01.26_12.40.55,-22.8592433,-43.2307911,-91,3,724,05,53821470,44521,6,-8,2
1032,2024.01.26_12.40.56,-22.8592433,-43.2307911,-91,3,724,05,53821470,44521,6,-8,2
1033,2024.01.26_12.40.57,-22.8592433,-43.2307911,-91,3,724,05,53821470,44521,6,-8,2
1034,2024.01.26_12.40.59,-22.8592433,-43.2307911,-91,3,724,05,53821470,44521,6,-8,2
1035,2024.01.26_12.41.00,-22.8592433,-43.2307911,-91,3,724,05,53821470,44521,6,-8,2
1036,2024.01.26_12.41.00,-22.8592433,-43.2307911,-91,3,724,05,53821470,44521,6,-8,2
1037,2024.01.26_12.41.02,-22.8592433,-43.2307911,-91,3,724,05,53821470,44521,6,-8,2
1038,2024.01.26_12.41.02,-22.8592433,-43.2307911,-91,3,724,05,53821470,44521,6,-8,2
1039,2024.01.26_12.41.03,-22.8592433,-43.2307911,-91,3,724,05,53821470,44521,6,-8,2
1040,2024.01.26_12.41.04,-22.8592433,-43.2307911,-91,3,724,05,53821470,44521,6,-8,2
1041,2024.01.26_12.41.05,-22.8592433,-43.2307911,-91,3,724,05,53821470,44521,6,-8,2
1042,2024.01.26_12.41.06,-22.8592433,-43.2307911,-91,3,724,05,53821470,44521,6,-8,2
1043,2024.01.26_12.41.07,-22.8592433,-43.2307911,-91,3,724,05,53821470,44521,6,-8,2
1044,2024.01.26_12.41.08,-22.8592433,-43.2307911,-91,3,724,05,53821470,44521,6,-8,2
1045,2024.01.26_12.41.09,-22.8592433,-43.2307911,-91,3,724,05,53821470,44521,6,-8,2
1046,2024.01.26_12.41.10,-22.8592433,-43.2307911,-91,3,724,05,53821470,44521,6,-8,2
1047,2024.01.26_12.41.11,-22.8592433,-43.2307911,-91,3,724,05,53821470,44521,6,-8,2
1048,2024.01.26_12.41.12,-22.8592433,-43.2307911,-91,3,724,05,53821470,44521,6,-8,2
1049,2024.01.26_12.41.13,-22.8592433,-43.2307911,-91,3,724,05,53821470,44521,6,-8,2
1050,2024.01.26_12.41.14,-22.8592433,-43.2307911,-91,3,724,05,53821470,44521,6,-8,2
1051,2024.01.26_12.41.15,-22.8592433,-43.2307911,-91,3,724,05,53821470,44521,6,-8,2
1052,2024.01.26_12.41.16,-22.8592433,-43.2307911,-91,3,724,05,53821470,44521,6,-8,2
1053,2024.01.26_12.41.17,-22.8592433,-43.2307911,-91,3,724,05,53821470,44521,6,-8,2
1054,2024.01.26_12.41.18,-22.8592433,-43.2307911,-91,3,724,05,53821470,44521,6,-8,2
1055,2024.01.26_12.41.19,-22.8592433,-43.2307911,-91,3,724,05,53821470,44521,6,-8,2
1056,2024.01.26_12.41.20,-22.8592433,-43.2307911,-91,3,724,05,53821470,44521,6,-8,2
1057,2024.01.26_12.41.21,-22.8592433,-43.2307911,-91,3,724,05,53821470,44521,6,-8,2
1058,2024.01.26_12.41.22,-22.8592433,-43.2307911,-91,3,724,05,53821470,44521,6,-8,2
1059,2024.01.26_12.41.23,-22.8592433,-43.2307911,-91,3,724,05,53821470,44521,6,-8,2
1060,2024.01.26_12.41.24,-22.8592433,-43.2307911,-91,3,724,05,53821470,44521,6,-8,2
1061,2024.01.26_12.41.25,-22.8592433,-43.2307911,-91,3,724,05,53821470,44521,6,-8,2
1062,2024.01.26_12.41.26,-22.8592433,-43.2307911,-91,3,724,05,53821470,44521,6,-8,2
1063,2024.01.26_12.41.27,-22.8592433,-43.2307911,-91,3,724,05,53821470,44521,6,-8,2
1064,2024.01.26_12.41.28,-22.8592433,-43.2307911,-91,3,724,05,53821470,44521,6,-8,2
1065,2024.01.26_12.41.29,-22.8592433,-43.2307911,-91,3,724,05,53821470,44521,6,-8,2
1066,2024.01.26_12.41.30,-22.8592433,-43.2307911,-91,3,724,05,53821470,44521,6,-8,2
1067,2024.01.26_12.41.31,-22.8592433,-43.2307911,-91,3,724,05,53821470,44521,6,-8,2
1068,2024.01.26_12.41.32,-22.8592433,-43.2307911,-91,3,724,05,53821470,44521,6,-8,2
1069,2024.01.26_12.41.34,-22.8592433,-43.2307911,-91,3,724,05,53821470,44521,6,-8,2
1070,2024.01.26_12.41.34,-22.8592433,-43.2307911,-91,3,724,05,53821470,44521,6,-8,2
1071,2024.01.26_12.41.35,-22.8592433,-43.2307911,-91,3,724,05,53821470,44521,6,-8,2
1072,2024.01.26_12.41.36,-22.8592433,-43.2307911,-91,3,724,05,53821470,44521,6,-8,2
1073,2024.01.26_12.41.37,-22.8592433,-43.2307911,-91,3,724,05,53821470,44521,6,-8,2
1074,2024.01.26_12.41.38,-22.8592433,-43.2307911,-91,3,724,05,53821470,44521,6,-8,2
1075,2024.01.26_12.41.39,-22.8592433,-43.2307911,-91,3,724,05,53821470,44521,6,-8,2
1076,2024.01.26_12.41.41,-22.8592433,-43.2307911,-91,3,724,05,53821470,44521,6,-8,2
1077,2024.01.26_12.41.41,-22.8592433,-43.2307911,-91,3,724,05,53821470,44521,6,-8,2
1078,2024.01.26_12.41.42,-22.8592433,-43.2307911,-91,3,724,05,53821470,44521,6,-8,2
1079,2024.01.26_12.41.43,-22.8592433,-43.2307911,-91,3,724,05,53821470,44521,6,-8,2
1080,2024.01.26_12.41.44,-22.8592433,-43.2307911,-91,3,724,05,53821470,44521,6,-8,2
1081,2024.01.26_12.41.45,-22.8592433,-43.2307911,-91,3,724,05,53821470,44521,6,-8,2
1082,2024.01.26_12.41.46,-22.8592433,-43.2307911,-91,3,724,05,53821470,44521,6,-8,2
1083,2024.01.26_12.41.48,-22.8592433,-43.2307911,-91,3,724,05,53821470,44521,6,-8,2
1084,2024.01.26_12.41.49,-22.8592433,-43.2307911,-91,3,724,05,53821470,44521,6,-8,2
1085,2024.01.26_12.41.49,-22.8592433,-43.2307911,-91,3,724,05,53821470,44521,6,-8,2
1086,2024.01.26_12.41.50,-22.8592433,-43.2307911,-91,3,724,05,53821470,44521,6,-8,2
1087,2024.01.26_12.41.52,-22.8592433,-43.2307911,-91,3,724,05,53821470,44521,6,-8,2
1088,2024.01.26_12.41.53,-22.8592433,-43.2307911,-91,3,724,05,53821470,44521,6,-8,2
1089,2024.01.26_12.41.54,-22.8592433,-43.2307911,-91,3,724,05,53821470,44521,6,-8,2
1090,2024.01.26_12.41.56,-22.8592433,-43.2307911,-91,3,724,05,53821470,44521,6,-8,2
1091,2024.01.26_12.41.56,-22.8592433,-43.2307911,-91,3,724,05,53821470,44521,6,-8,2
1092,2024.01.26_12.41.57,-22.8592433,-43.2307911,-91,3,724,05,53821470,44521,6,-8,2
1093,2024.01.26_12.41.59,-22.8592433,-43.2307911,-91,3,724,05,53821470,44521,6,-8,2
1094,2024.01.26_12.42.01,-22.8592433,-43.2307911,-91,3,724,05,53821470,44521,6,-8,2
1095,2024.01.26_12.42.01,-22.8592433,-43.2307911,-91,3,724,05,53821470,44521,6,-8,2
1096,2024.01.26_12.42.02,-22.8592433,-43.2307911,-91,3,724,05,53821470,44521,6,-8,2
1097,2024.01.26_12.42.02,-22.8592433,-43.2307911,-91,3,724,05,53821470,44521,6,-8,2
1098,2024.01.26_12.42.03,-22.8592433,-43.2307911,-91,3,724,05,53821470,44521,6,-8,2
1099,2024.01.26_12.42.04,-22.8592433,-43.2307911,-91,3,724,05,53821470,44521,6,-8,2
1100,2024.01.26_12.42.05,-22.8592433,-43.2307911,-91,3,724,05,53821470,44521,6,-8,2
1101,2024.01.26_12.42.06,-22.8592433,-43.2307911,-91,3,724,05,53821470,44521,6,-8,2
1102,2024.01.26_12.42.07,-22.8592433,-43.2307911,-91,3,724,05,53821470,44521,6,-8,2
1103,2024.01.26_12.42.08,-22.8592433,-43.2307911,-91,3,724,05,53821470,44521,6,-8,2
1104,2024.01.26_12.42.09,-22.8592433,-43.2307911,-91,3,724,05,53821470,44521,6,-8,2
1105,2024.01.26_12.42.10,-22.8592433,-43.2307911,-91,3,724,05,53821470,44521,6,-8,2
1106,2024.01.26_12.42.11,-22.8592433,-43.2307911,-91,3,724,05,53821470,44521,6,-8,2
1107,2024.01.26_12.42.12,-22.8592433,-43.2307911,-91,3,724,05,53821470,44521,6,-8,2
1108,2024.01.26_12.42.13,-22.8592433,-43.2307911,-91,3,724,05,53821470,44521,6,-8,2
1109,2024.01.26_12.42.14,-22.8592433,-43.2307911,-91,3,724,05,53821470,44521,6,-8,2
1110,2024.01.26_12.42.15,-22.8592433,-43.2307911,-91,3,724,05,53821470,44521,6,-8,2
1111,2024.01.26_12.42.16,-22.8592433,-43.2307911,-91,3,724,05,53821470,44521,6,-8,2
1112,2024.01.26_12.42.17,-22.8592433,-43.2307911,-91,3,724,05,53821470,44521,6,-8,2
1113,2024.01.26_12.42.18,-22.8592433,-43.2307911,-91,3,724,05,53821470,44521,6,-8,2
1114,2024.01.26_12.42.19,-22.8592433,-43.2307911,-91,3,724,05,53821470,44521,6,-8,2
1115,2024.01.26_12.42.20,-22.8592433,-43.2307911,-91,3,724,05,53821470,44521,6,-8,2
1116,2024.01.26_12.42.21,-22.8592433,-43.2307911,-91,3,724,05,53821470,44521,6,-8,2
1117,2024.01.26_12.42.22,-22.8592433,-43.2307911,-91,3,724,05,53821470,44521,6,-8,2
1118,2024.01.26_12.42.23,-22.8592433,-43.2307911,-91,3,724,05,53821470,44521,6,-8,2
1119,2024.01.26_12.42.24,-22.8592433,-43.2307911,-91,3,724,05,53821470,44521,6,-8,2
1120,2024.01.26_12.42.25,-22.8592433,-43.2307911,-91,3,724,05,53821470,44521,6,-8,2
1121,2024.01.26_12.42.26,-22.8592433,-43.2307911,-91,3,724,05,53821470,44521,6,-8,2
1122,2024.01.26_12.42.27,-22.8592433,-43.2307911,-91,3,724,05,53821470,44521,6,-8,2
1123,2024.01.26_12.42.28,-22.8592433,-43.2307911,-91,3,724,05,53821470,44521,6,-8,2
1124,2024.01.26_12.42.29,-22.8592433,-43.2307911,-91,3,724,05,53821470,44521,6,-8,2
1125,2024.01.26_12.42.30,-22.8592433,-43.2307911,-91,3,724,05,53821470,44521,6,-8,2
1126,2024.01.26_12.42.31,-22.8592433,-43.2307911,-91,3,724,05,53821470,44521,6,-8,2
1127,2024.01.26_12.42.32,-22.8592433,-43.2307911,-91,3,724,05,53821470,44521,6,-8,2
1128,2024.01.26_12.42.33,-22.8592433,-43.2307911,-91,3,724,05,53821470,44521,6,-8,2
1129,2024.01.26_12.42.34,-22.8592433,-43.2307911,-91,3,724,05,53821470,44521,6,-8,2
1130,2024.01.26_12.42.35,-22.8592433,-43.2307911,-91,3,724,05,53821470,44521,6,-8,2
1131,2024.01.26_12.42.36,-22.8592433,-43.2307911,-91,3,724,05,53821470,44521,6,-8,2
1132,2024.01.26_12.42.37,-22.8592433,-43.2307911,-91,3,724,05,53821470,44521,6,-8,2
1133,2024.01.26_12.42.39,-22.8592433,-43.2307911,-91,3,724,05,53821470,44521,6,-8,2
1134,2024.01.26_12.42.39,-22.8592433,-43.2307911,-91,3,724,05,53821470,44521,6,-8,2
1135,2024.01.26_12.42.40,-22.8592433,-43.2307911,-91,3,724,05,53821470,44521,6,-8,2
1136,2024.01.26_12.42.41,-22.8592433,-43.2307911,-91,3,724,05,53821470,44521,6,-8,2
1137,2024.01.26_12.42.42,-22.8592433,-43.2307911,-91,3,724,05,53821470,44521,6,-8,2
1138,2024.01.26_12.42.43,-22.8592433,-43.2307911,-91,3,724,05,53821470,44521,6,-8,2
1139,2024.01.26_12.42.44,-22.8592433,-43.2307911,-91,3,724,05,53821470,44521,6,-8,2
1140,2024.01.26_12.42.45,-22.8592433,-43.2307911,-91,3,724,05,53821470,44521,6,-8,2
1141,2024.01.26_12.42.46,-22.8592433,-43.2307911,-91,3,724,05,53821470,44521,6,-8,2
1142,2024.01.26_12.42.47,-22.8592433,-43.2307911,-91,3,724,05,53821470,44521,6,-8,2
1143,2024.01.26_12.42.48,-22.8592433,-43.2307911,-91,3,724,05,53821470,44521,6,-8,2
1144,2024.01.26_12.42.49,-22.8592433,-43.2307911,-91,3,724,05,53821470,44521,6,-8,2
1145,2024.01.26_12.42.50,-22.8592433,-43.2307911,-91,3,724,05,53821470,44521,6,-8,2
1146,2024.01.26_12.42.51,-22.8592433,-43.2307911,-91,3,724,05,53821470,44521,6,-8,2
1147,2024.01.26_12.42.52,-22.8592433,-43.2307911,-91,3,724,05,53821470,44521,6,-8,2
1148,2024.01.26_12.42.53,-22.8592433,-43.2307911,-91,3,724,05,53821470,44521,6,-8,2
1149,2024.01.26_12.42.54,-22.8592433,-43.2307911,-91,3,724,05,53821470,44521,6,-8,2
1150,2024.01.26_12.42.55,-22.8592433,-43.2307911,-91,3,724,05,53821470,44521,6,-8,2
1151,2024.01.26_12.42.56,-22.8592433,-43.2307911,-91,3,724,05,53821470,44521,6,-8,2
1152,2024.01.26_12.42.57,-22.8592433,-43.2307911,-91,3,724,05,53821470,44521,6,-8,2
1153,2024.01.26_12.42.58,-22.8592433,-43.2307911,-91,3,724,05,53821470,44521,6,-8,2
1154,2024.01.26_12.42.59,-22.8592433,-43.2307911,-91,3,724,05,53821470,44521,6,-8,2
1155,2024.01.26_12.43.00,-22.8592433,-43.2307911,-91,3,724,05,53821470,44521,6,-8,2
1156,2024.01.26_12.43.01,-22.8592433,-43.2307911,-91,3,724,05,53821470,44521,6,-8,2
1157,2024.01.26_12.43.02,-22.8592433,-43.2307911,-91,3,724,05,53821470,44521,6,-8,2