Sequence, Transport, Timestamp, Latency, Latitude, Longitude, Signal_dbm, Signal_level, MCC, MNC, CellId, Tac/Lac, Mobile_Network, RSRQ, RSSNR, NRARFCN
1,4, 2024.09.09_15.23.59,225,-22.8614671,-43.2281381,-111,1,724,5,53821443,44521,10,-18,-5,
2,4, 2024.09.09_15.24.00,209,-22.8614734,-43.2281412,-109,1,724,5,53821442,44521,10,-14,-5,
3,4, 2024.09.09_15.24.01,189,-22.8614734,-43.2281412,-109,1,724,5,53821442,44521,10,-14,-5,
4,4, 2024.09.09_15.24.02,233,-22.8613752,-43.2280494,-109,1,724,5,53821442,44521,10,-14,-5,
5,4, 2024.09.09_15.24.03,158,-22.8613752,-43.2280494,-109,1,724,5,53821442,44521,10,-14,-5,
6,4, 2024.09.09_15.24.04,143,-22.8613752,-43.2280494,-107,1,724,5,53821442,44521,10,-15,-4,
7,4, 2024.09.09_15.24.05,163,-22.8613478,-43.2280291,-107,1,724,5,53821442,44521,10,-15,-4,
8,4, 2024.09.09_15.24.06,174,-22.8613478,-43.2280291,-107,1,724,5,53821442,44521,10,-15,-4,
9,4, 2024.09.09_15.24.07,133,-22.8613044,-43.227954,-107,1,724,5,53821442,44521,10,-15,-4,
10,4, 2024.09.09_15.24.08,180,-22.8613044,-43.227954,-107,1,724,5,53821442,44521,10,-15,-4,
11,4, 2024.09.09_15.24.09,138,-22.8613044,-43.227954,-108,1,724,5,53821442,44521,10,-14,0,
12,4, 2024.09.09_15.24.10,138,-22.8612976,-43.2279096,-108,1,724,5,53821442,44521,10,-14,0,
13,4, 2024.09.09_15.24.11,206,-22.8612984,-43.2278712,-108,1,724,5,53821442,44521,10,-14,0,
14,4, 2024.09.09_15.24.12,299,-22.8612984,-43.2278712,-108,1,724,5,53821442,44521,10,-14,0,
15,4, 2024.09.09_15.24.13,162,-22.8612984,-43.2278712,-108,1,724,5,53821442,44521,10,-14,0,
16,4, 2024.09.09_15.24.14,190,-22.8612984,-43.2278712,-110,1,724,5,53821442,44521,10,-14,1,
17,4, 2024.09.09_15.24.15,192,-22.8612608,-43.2278117,-110,1,724,5,53821442,44521,10,-14,1,
18,4, 2024.09.09_15.24.16,150,-22.8612132,-43.2277407,-110,1,724,5,53821442,44521,10,-14,1,
19,4, 2024.09.09_15.24.17,192,-22.8612132,-43.2277407,-110,1,724,5,53821442,44521,10,-14,1,
20,4, 2024.09.09_15.24.18,161,-22.8612132,-43.2277407,-110,1,724,5,53821442,44521,10,-14,1,
21,4, 2024.09.09_15.24.19,157,-22.8612132,-43.2277407,-108,1,724,5,53821442,44521,10,-13,4,
22,4, 2024.09.09_15.24.20,141,-22.8612235,-43.2277123,-108,1,724,5,53821442,44521,10,-13,4,
23,4, 2024.09.09_15.24.21,197,-22.8611535,-43.227722,-108,1,724,5,53821442,44521,10,-13,4,
24,4, 2024.09.09_15.24.22,212,-22.8611535,-43.227722,-108,1,724,5,53821442,44521,10,-13,4,
25,4, 2024.09.09_15.24.23,279,-22.8611535,-43.227722,-108,1,724,5,53821442,44521,10,-13,4,
26,4, 2024.09.09_15.24.24,214,-22.8611535,-43.227722,-106,1,724,5,53821442,44521,10,-12,5,
27,4, 2024.09.09_15.24.25,201,-22.8611638,-43.2277312,-106,1,724,5,53821442,44521,10,-12,5,
28,4, 2024.09.09_15.24.26,283,-22.8612511,-43.2278242,-106,1,724,5,53821442,44521,10,-12,5,
29,4, 2024.09.09_15.24.27,359,-22.8612511,-43.2278242,-106,1,724,5,53821442,44521,10,-12,5,
30,4, 2024.09.09_15.24.28,217,-22.8612511,-43.2278242,-106,1,724,5,53821442,44521,10,-12,5,
31,4, 2024.09.09_15.24.29,351,-22.8612511,-43.2278242,-115,1,724,5,53821442,44521,10,-16,7,
32,4, 2024.09.09_15.24.30,254,-22.861277,-43.227844,-115,1,724,5,53821442,44521,10,-16,7,
33,4, 2024.09.09_15.24.31,274,-22.861277,-43.227844,-115,1,724,5,53821442,44521,10,-16,7,
34,4, 2024.09.09_15.24.32,216,-22.8613836,-43.2278198,-115,1,724,5,53821442,44521,10,-16,7,
35,4, 2024.09.09_15.24.33,253,-22.8613836,-43.2278198,-115,1,724,5,53821442,44521,10,-16,7,
36,4, 2024.09.09_15.24.34,279,-22.8613836,-43.2278198,-114,1,724,5,53821442,44521,10,-20,-3,
37,4, 2024.09.09_15.24.36,454,-22.861487,-43.2277938,-114,1,724,5,53821442,44521,10,-20,-3,
38,4, 2024.09.09_15.24.36,171,-22.861487,-43.2277938,-114,1,724,5,53821442,44521,10,-20,-3,
39,4, 2024.09.09_15.24.37,188,-22.8617147,-43.2276875,-114,1,724,5,53821442,44521,10,-20,-3,
40,4, 2024.09.09_15.24.39,416,-22.8617147,-43.2276875,-114,1,724,5,53821442,44521,10,-20,-3,
41,4, 2024.09.09_15.24.39,223,-22.8617147,-43.2276875,-112,1,724,5,53821442,44521,10,-17,-5,
42,4, 2024.09.09_15.24.41,366,-22.8617812,-43.2275934,-112,1,724,5,53821442,44521,10,-17,-5,
43,4, 2024.09.09_15.24.42,355,-22.8615371,-43.2274277,-112,1,724,5,53821442,44521,10,-17,-5,
44,4, 2024.09.09_15.24.42,219,-22.8615371,-43.2274277,-112,1,724,5,53821442,44521,10,-17,-5,
45,4, 2024.09.09_15.24.43,206,-22.8615371,-43.2274277,-112,1,724,5,53821442,44521,10,-17,-5,
46,4, 2024.09.09_15.24.45,480,-22.8615371,-43.2274277,-110,1,724,5,53821442,44521,10,-15,-6,
47,4, 2024.09.09_15.24.46,298,-22.86149,-43.2273555,-110,1,724,5,53821442,44521,10,-15,-6,
48,4, 2024.09.09_15.24.46,217,-22.861382,-43.2271762,-110,1,724,5,53821442,44521,10,-15,-6,
49,4, 2024.09.09_15.24.47,225,-22.861382,-43.2271762,-110,1,724,5,53821442,44521,10,-15,-6,
50,4, 2024.09.09_15.24.48,184,-22.861382,-43.2271762,-110,1,724,5,53821442,44521,10,-15,-6,
51,4, 2024.09.09_15.24.50,730,-22.861341,-43.2270861,-114,1,724,5,53821442,44521,10,-16,-3,
52,4, 2024.09.09_15.24.50,174,-22.861341,-43.2270861,-114,1,724,5,53821442,44521,10,-16,-3,
53,4, 2024.09.09_15.24.51,217,-22.8614301,-43.2268981,-114,1,724,5,53821442,44521,10,-16,-3,
54,4, 2024.09.09_15.24.53,407,-22.8614301,-43.2268981,-114,1,724,5,53821442,44521,10,-16,-3,
55,4, 2024.09.09_15.24.54,1184,-22.8614301,-43.2268981,-115,1,724,5,53821442,44521,10,-17,-2,
56,4, 2024.09.09_15.24.55,342,-22.8614301,-43.2268981,-115,1,724,5,53821442,44521,10,-17,-2,
57,4, 2024.09.09_15.24.56,503,-22.8617596,-43.2266583,-115,1,724,5,53821442,44521,10,-17,-2,
58,4, 2024.09.09_15.24.56,209,-22.8617596,-43.2266583,-115,1,724,5,53821442,44521,10,-17,-2,
59,4, 2024.09.09_15.24.58,625,-22.8617596,-43.2266583,-115,1,724,5,53821442,44521,10,-17,-2,
60,4, 2024.09.09_15.24.59,442,-22.8617596,-43.2266583,-115,1,724,5,53821442,44521,10,-17,-2,
61,4, 2024.09.09_15.25.00,460,-22.8617596,-43.2266583,-114,1,724,5,53821442,44521,10,-19,-6,
62,4, 2024.09.09_15.25.01,598,-22.8621792,-43.2262998,-114,1,724,5,53821442,44521,10,-19,-6,
63,4, 2024.09.09_15.25.25,13954,-22.8634713,-43.2274134,-111,1,724,5,53821442,44521,6,-16,-6,
64,4, 2024.09.09_15.25.25,13011,-22.8634713,-43.2274134,-111,1,724,5,53821442,44521,6,-16,-6,
65,4, 2024.09.09_15.25.27,7397,-22.8637396,-43.2278001,-113,1,724,5,53821442,44521,6,-19,-5,
66,4, 2024.09.09_15.25.27,2797,-22.8637396,-43.2278001,-113,1,724,5,53821442,44521,6,-19,-5,
67,4, 2024.09.09_15.25.27,10866,-22.8637396,-43.2278001,-113,1,724,5,53821442,44521,6,-19,-5,
68,4, 2024.09.09_15.25.28,2699,-22.8637396,-43.2278001,-113,1,724,5,53821442,44521,6,-19,-5,
69,4, 2024.09.09_15.25.29,8422,-22.8637396,-43.2278001,-108,1,724,5,53821471,44521,6,-19,-9,
70,4, 2024.09.09_15.25.29,1923,-22.8637396,-43.2278001,-108,1,724,5,53821471,44521,10,-19,-9,
71,4, 2024.09.09_15.25.29,918,-22.8637396,-43.2278001,-108,1,724,5,53821471,44521,10,-19,-9,
72,4, 2024.09.09_15.25.29,7947,-22.8637396,-43.2278001,-108,1,724,5,53821471,44521,10,-19,-9,
73,4, 2024.09.09_15.25.30,143,-22.8637396,-43.2278001,-108,1,724,5,53821471,44521,10,-19,-9,
74,4, 2024.09.09_15.25.30,3538,-22.8637396,-43.2278001,-108,1,724,5,53821471,44521,10,-19,-9,
75,4, 2024.09.09_15.25.31,124,-22.8639387,-43.2280288,-108,1,724,5,53821471,44521,10,-19,-9,
76,4, 2024.09.09_15.25.32,267,-22.8639387,-43.2280288,-108,1,724,5,53821471,44521,10,-19,-9,
77,4, 2024.09.09_15.25.33,237,-22.8639387,-43.2280288,-108,1,724,5,53821471,44521,10,-19,-9,
78,4, 2024.09.09_15.25.33,10367,-22.8639387,-43.2280288,-108,1,724,5,53821471,44521,10,-19,-9,
79,4, 2024.09.09_15.25.33,9377,-22.8639387,-43.2280288,-108,1,724,5,53821471,44521,10,-19,-9,
80,4, 2024.09.09_15.25.34,184,-22.8639387,-43.2280288,-108,1,724,5,53821471,44521,10,-19,-9,
81,4, 2024.09.09_15.25.35,183,-22.8639387,-43.2280288,-108,1,724,5,53821471,44521,10,-19,-9,
82,4, 2024.09.09_15.25.36,247,-22.8640938,-43.2283157,-108,1,724,5,53821471,44521,10,-19,-9,
83,4, 2024.09.09_15.25.37,182,-22.8640938,-43.2283157,-108,1,724,5,53821471,44521,10,-19,-9,
84,4, 2024.09.09_15.25.38,173,-22.8640938,-43.2283157,-108,1,724,5,53821471,44521,10,-19,-9,
85,4, 2024.09.09_15.25.39,210,-22.8640938,-43.2283157,-108,1,724,5,53821471,44521,10,-19,-9,
86,4, 2024.09.09_15.25.40,191,-22.8640938,-43.2283157,-108,1,724,5,53821471,44521,10,-19,-9,
87,4, 2024.09.09_15.25.41,921,-22.864381,-43.2287574,-108,1,724,5,30758401,44521,6,-16,1,
88,4, 2024.09.09_15.25.42,400,-22.864381,-43.2287574,-108,1,724,5,30758401,44521,6,-16,1,
89,4, 2024.09.09_15.25.43,143,-22.864381,-43.2287574,-108,1,724,5,30758401,44521,6,-16,1,
90,4, 2024.09.09_15.25.44,249,-22.864381,-43.2287574,-108,1,724,5,30758401,44521,6,-16,1,
91,4, 2024.09.09_15.25.45,732,-22.864381,-43.2287574,-107,1,724,5,53821443,44521,10,-16,0,
92,4, 2024.09.09_15.25.46,170,-22.8646862,-43.2292533,-107,1,724,5,53821443,44521,10,-16,0,
93,4, 2024.09.09_15.25.47,248,-22.8646862,-43.2292533,-107,1,724,5,53821443,44521,10,-16,0,
94,4, 2024.09.09_15.25.48,114,-22.8646862,-43.2292533,-107,1,724,5,53821443,44521,10,-16,0,
95,4, 2024.09.09_15.25.49,175,-22.8646862,-43.2292533,-99,2,724,5,54007822,44521,10,-14,-3,
96,4, 2024.09.09_15.25.50,282,-22.8646862,-43.2292533,-99,2,724,5,54007822,44521,10,-14,-3,
97,4, 2024.09.09_15.25.51,136,-22.8649954,-43.2297277,-111,1,724,5,53821443,44521,10,-18,-5,
98,4, 2024.09.09_15.25.52,149,-22.8649954,-43.2297277,-111,1,724,5,53821443,44521,10,-18,-5,
99,4, 2024.09.09_15.25.53,551,-22.8649954,-43.2297277,-96,2,724,5,30758409,44521,6,-17,-5,
100,4, 2024.09.09_15.25.54,197,-22.8649954,-43.2297277,-96,2,724,5,30758409,44521,6,-17,-5,
101,4, 2024.09.09_15.25.55,148,-22.8649954,-43.2297277,-96,2,724,5,30758409,44521,6,-17,-5,
102,4, 2024.09.09_15.25.56,227,-22.8654412,-43.2303476,-96,2,724,5,30758409,44521,6,-17,-5,
103,4, 2024.09.09_15.25.57,114,-22.8654412,-43.2303476,-96,2,724,5,30758409,44521,6,-17,-5,
104,4, 2024.09.09_15.25.58,137,-22.8654412,-43.2303476,-96,2,724,5,30758409,44521,6,-17,-5,
105,4, 2024.09.09_15.25.59,167,-22.8654412,-43.2303476,-96,2,724,5,30758409,44521,6,-17,-5,
106,4, 2024.09.09_15.26.00,147,-22.8654412,-43.2303476,-96,2,724,5,30758409,44521,6,-17,-5,
107,4, 2024.09.09_15.26.01,221,-22.8658182,-43.2308776,-96,2,724,5,30758409,44521,6,-17,-5,
108,4, 2024.09.09_15.26.02,111,-22.8658182,-43.2308776,-96,2,724,5,30758409,44521,6,-17,-5,
109,4, 2024.09.09_15.26.03,186,-22.8658182,-43.2308776,-96,2,724,5,30758409,44521,6,-17,-5,
110,4, 2024.09.09_15.26.04,225,-22.8658182,-43.2308776,-96,2,724,5,30758409,44521,6,-17,-5,
111,4, 2024.09.09_15.26.05,185,-22.8658182,-43.2308776,-96,2,724,5,30758409,44521,6,-17,-5,
112,4, 2024.09.09_15.26.06,119,-22.8662066,-43.2314321,-86,3,724,5,30758409,44521,10,-14,0,
113,4, 2024.09.09_15.26.07,251,-22.8662101,-43.2314346,-86,3,724,5,30758409,44521,10,-14,0,
114,4, 2024.09.09_15.26.08,162,-22.8662101,-43.2314346,-86,3,724,5,30758409,44521,10,-14,0,
115,4, 2024.09.09_15.26.09,119,-22.8662101,-43.2314346,-86,3,724,5,30758409,44521,10,-14,0,
116,4, 2024.09.09_15.26.10,288,-22.8664951,-43.2319485,-86,3,724,5,30758409,44521,10,-14,0,
117,4, 2024.09.09_15.26.11,110,-22.8664951,-43.2319485,-86,3,724,5,30758409,44521,10,-14,0,
118,4, 2024.09.09_15.26.12,149,-22.8664951,-43.2319485,-86,3,724,5,30758409,44521,10,-14,0,
119,4, 2024.09.09_15.26.13,86,-22.8664951,-43.2319485,-86,3,724,5,30758409,44521,10,-14,0,
120,4, 2024.09.09_15.26.14,155,-22.8664951,-43.2319485,-86,3,724,5,30758409,44521,10,-14,0,
121,4, 2024.09.09_15.26.15,98,-22.8664951,-43.2319485,-86,3,724,5,30758409,44521,10,-14,0,
122,4, 2024.09.09_15.26.16,169,-22.8670218,-43.2327632,-81,4,724,5,30758409,44521,10,-14,0,
123,4, 2024.09.09_15.26.17,125,-22.8670264,-43.2327723,-81,4,724,5,30758409,44521,10,-14,0,
124,4, 2024.09.09_15.26.18,146,-22.8670264,-43.2327723,-81,4,724,5,30758409,44521,10,-14,0,
125,4, 2024.09.09_15.26.19,134,-22.8670264,-43.2327723,-81,4,724,5,30758409,44521,10,-14,0,
126,4, 2024.09.09_15.26.20,142,-22.8670264,-43.2327723,-81,4,724,5,30758409,44521,10,-14,0,
127,4, 2024.09.09_15.26.21,131,-22.8674457,-43.2334531,-81,4,724,5,30758409,44521,10,-14,0,
128,4, 2024.09.09_15.26.22,142,-22.8674457,-43.2334531,-81,4,724,5,30758409,44521,10,-14,0,
129,4, 2024.09.09_15.26.23,123,-22.8674457,-43.2334531,-81,4,724,5,30758409,44521,10,-14,0,
130,4, 2024.09.09_15.26.24,126,-22.8674457,-43.2334531,-81,4,724,5,30758409,44521,10,-14,0,
131,4, 2024.09.09_15.26.25,223,-22.8674457,-43.2334531,-81,4,724,5,30758409,44521,10,-14,0,
132,4, 2024.09.09_15.26.26,99,-22.8680439,-43.2333748,-81,4,724,5,30758409,44521,10,-14,0,
133,4, 2024.09.09_15.26.27,122,-22.8680439,-43.2333748,-81,4,724,5,30758409,44521,10,-14,0,
134,4, 2024.09.09_15.26.28,91,-22.8680439,-43.2333748,-81,4,724,5,30758409,44521,10,-14,0,
135,4, 2024.09.09_15.26.29,138,-22.8680439,-43.2333748,-81,4,724,5,30758409,44521,10,-14,0,
136,4, 2024.09.09_15.26.30,161,-22.8680439,-43.2333748,-81,4,724,5,30758409,44521,10,-14,0,
137,4, 2024.09.09_15.26.31,120,-22.8687702,-43.2329418,-81,4,724,5,30758409,44521,10,-14,0,
138,4, 2024.09.09_15.26.32,142,-22.8687702,-43.2329418,-81,4,724,5,30758409,44521,10,-14,0,
139,4, 2024.09.09_15.26.33,146,-22.8687702,-43.2329418,-81,4,724,5,30758409,44521,10,-14,0,
140,4, 2024.09.09_15.26.34,108,-22.8687702,-43.2329418,-81,4,724,5,30758409,44521,10,-14,0,
141,4, 2024.09.09_15.26.35,110,-22.8687702,-43.2329418,-81,4,724,5,30758409,44521,10,-14,0,
142,4, 2024.09.09_15.26.36,111,-22.869492,-43.2327102,-81,4,724,5,30758409,44521,10,-14,0,
143,4, 2024.09.09_15.26.37,166,-22.869492,-43.2327102,-81,4,724,5,30758409,44521,10,-14,0,
144,4, 2024.09.09_15.26.38,247,-22.869492,-43.2327102,-81,4,724,5,30758409,44521,10,-14,0,
145,4, 2024.09.09_15.26.39,103,-22.869492,-43.2327102,-81,4,724,5,30758409,44521,10,-14,0,
146,4, 2024.09.09_15.26.40,182,-22.869492,-43.2327102,-81,4,724,5,30758409,44521,10,-14,0,
147,4, 2024.09.09_15.26.41,103,-22.8702564,-43.2325187,-81,4,724,5,30758409,44521,10,-14,0,
148,4, 2024.09.09_15.26.42,111,-22.8702564,-43.2325187,-81,4,724,5,30758409,44521,10,-14,0,
149,4, 2024.09.09_15.26.43,271,-22.8702564,-43.2325187,-81,4,724,5,30758409,44521,10,-14,0,
150,4, 2024.09.09_15.26.44,132,-22.8702564,-43.2325187,-81,4,724,5,30758409,44521,10,-14,0,
151,4, 2024.09.09_15.26.45,99,-22.8702564,-43.2325187,-81,4,724,5,30758409,44521,10,-14,0,
152,4, 2024.09.09_15.26.46,145,-22.8711291,-43.2324326,-81,4,724,5,30758409,44521,10,-14,0,
153,4, 2024.09.09_15.26.47,158,-22.8711291,-43.2324326,-81,4,724,5,30758409,44521,10,-14,0,
154,4, 2024.09.09_15.26.48,163,-22.8711291,-43.2324326,-81,4,724,5,30758409,44521,10,-14,0,
155,4, 2024.09.09_15.26.49,111,-22.8711291,-43.2324326,-81,4,724,5,30758409,44521,10,-14,0,
156,4, 2024.09.09_15.26.50,122,-22.8711291,-43.2324326,-81,4,724,5,30758409,44521,10,-14,0,
157,4, 2024.09.09_15.26.51,568,-22.8719752,-43.2323414,-67,4,724,5,30758409,44521,10,-16,6,
158,4, 2024.09.09_15.26.53,748,-22.8719793,-43.2323431,-63,4,724,5,30758411,44521,6,-15,1,
159,4, 2024.09.09_15.26.53,129,-22.8719793,-43.2323431,-63,4,724,5,30758411,44521,10,-15,1,
160,4, 2024.09.09_15.26.54,242,-22.8719793,-43.2323431,-63,4,724,5,30758411,44521,10,-15,1,
161,4, 2024.09.09_15.26.55,493,-22.8719793,-43.2323431,-63,4,724,5,30758411,44521,10,-15,1,
162,4, 2024.09.09_15.26.56,107,-22.8729034,-43.2322894,-63,4,724,5,30758411,44521,10,-15,1,
163,4, 2024.09.09_15.26.57,137,-22.8729034,-43.2322894,-63,4,724,5,30758411,44521,10,-15,1,
164,4, 2024.09.09_15.26.58,494,-22.8729034,-43.2322894,-63,4,724,5,30758411,44521,10,-15,1,
165,4, 2024.09.09_15.26.59,126,-22.8729034,-43.2322894,-63,4,724,5,30758411,44521,10,-15,1,
166,4, 2024.09.09_15.27.00,101,-22.8729034,-43.2322894,-63,4,724,5,30758411,44521,10,-15,1,
167,4, 2024.09.09_15.27.01,191,-22.8738566,-43.2322747,-75,4,724,5,30758411,44521,10,-17,6,
168,4, 2024.09.09_15.27.02,216,-22.8739059,-43.2322773,-82,4,724,5,30758403,44521,10,-17,1,
169,4, 2024.09.09_15.27.03,126,-22.8739059,-43.2322773,-82,4,724,5,30758403,44521,10,-17,1,
170,4, 2024.09.09_15.27.04,279,-22.8739059,-43.2322773,-87,3,724,5,54008350,44521,10,-15,-1,
171,4, 2024.09.09_15.27.05,159,-22.8739059,-43.2322773,-87,3,724,5,54008350,44521,10,-15,-1,
172,4, 2024.09.09_15.27.06,168,-22.8747082,-43.2323431,-87,3,724,5,54008350,44521,10,-15,-1,
173,4, 2024.09.09_15.27.07,259,-22.8747082,-43.2323431,-87,3,724,5,54008350,44521,10,-15,-1,
174,4, 2024.09.09_15.27.08,240,-22.8747082,-43.2323431,-82,4,724,5,54082561,48721,10,-14,-5,
175,4, 2024.09.09_15.27.09,339,-22.8747082,-43.2323431,-82,4,724,5,54082561,48721,10,-14,-5,
176,4, 2024.09.09_15.27.10,297,-22.8747082,-43.2323431,-82,4,724,5,54082561,48721,10,-14,-5,
177,4, 2024.09.09_15.27.11,247,-22.8755902,-43.2323932,-82,4,724,5,54082561,48721,10,-14,-5,
178,4, 2024.09.09_15.27.12,213,-22.8755902,-43.2323932,-82,4,724,5,54082561,48721,10,-14,-5,
179,4, 2024.09.09_15.27.13,238,-22.8755902,-43.2323932,-82,4,724,5,54082561,48721,10,-14,-5,
180,4, 2024.09.09_15.27.14,110,-22.8755902,-43.2323932,-82,4,724,5,54082561,48721,10,-14,-5,
181,4, 2024.09.09_15.27.15,118,-22.8755902,-43.2323932,-82,4,724,5,54082561,48721,10,-14,-5,
182,4, 2024.09.09_15.27.16,144,-22.8765559,-43.2324412,-82,4,724,5,54082561,48721,10,-14,-5,
183,4, 2024.09.09_15.27.17,128,-22.8765559,-43.2324412,-82,4,724,5,54082561,48721,10,-14,-5,
184,4, 2024.09.09_15.27.18,112,-22.8765559,-43.2324412,-82,4,724,5,54082561,48721,10,-14,-5,
185,4, 2024.09.09_15.27.19,104,-22.8765559,-43.2324412,-82,4,724,5,54082561,48721,10,-14,-5,
186,4, 2024.09.09_15.27.20,99,-22.8765559,-43.2324412,-82,4,724,5,54082561,48721,10,-14,-5,
187,4, 2024.09.09_15.27.21,111,-22.8774506,-43.2324318,-82,4,724,5,54082561,48721,10,-14,-5,
188,4, 2024.09.09_15.27.22,136,-22.8774506,-43.2324318,-82,4,724,5,54082561,48721,10,-14,-5,
189,4, 2024.09.09_15.27.23,102,-22.8774506,-43.2324318,-82,4,724,5,54082561,48721,10,-14,-5,
190,4, 2024.09.09_15.27.24,112,-22.8774506,-43.2324318,-82,4,724,5,54082561,48721,10,-14,-5,
191,4, 2024.09.09_15.27.25,94,-22.8774506,-43.2324318,-75,4,724,5,54082563,48721,10,-9,-3,
192,4, 2024.09.09_15.27.26,107,-22.8783112,-43.2323143,-75,4,724,5,54082563,48721,10,-9,-3,
193,4, 2024.09.09_15.27.27,158,-22.8783112,-43.2323143,-75,4,724,5,54082563,48721,10,-9,-3,
194,4, 2024.09.09_15.27.28,107,-22.8783112,-43.2323143,-75,4,724,5,54082563,48721,10,-9,-3,
195,4, 2024.09.09_15.27.29,185,-22.8783112,-43.2323143,-75,4,724,5,54082563,48721,10,-9,-3,
196,4, 2024.09.09_15.27.30,127,-22.8783112,-43.2323143,-75,4,724,5,54082563,48721,10,-9,-3,
197,4, 2024.09.09_15.27.31,135,-22.8783112,-43.2323143,-75,4,724,5,54082563,48721,10,-9,-3,
198,4, 2024.09.09_15.27.32,273,-22.879308,-43.2319037,-97,2,724,5,54082563,48721,10,-10,-1,
199,4, 2024.09.09_15.27.33,104,-22.8793169,-43.2318968,-97,2,724,5,54082563,48721,10,-10,-1,
200,4, 2024.09.09_15.27.34,159,-22.8793169,-43.2318968,-97,2,724,5,54082563,48721,10,-10,-1,
201,4, 2024.09.09_15.27.35,269,-22.8793169,-43.2318968,-97,2,724,5,54082563,48721,10,-10,-1,
202,4, 2024.09.09_15.27.38,1387,-22.879972,-43.2315481,-95,3,724,5,54907395,48721,6,-16,-3,
203,4, 2024.09.09_15.27.38,146,-22.879972,-43.2315481,-95,3,724,5,54907395,48721,10,-16,-3,
204,4, 2024.09.09_15.27.38,1148,-22.879972,-43.2315481,-95,3,724,5,54907395,48721,10,-16,-3,
205,4, 2024.09.09_15.27.39,148,-22.879972,-43.2315481,-95,3,724,5,54907395,48721,10,-16,-3,
206,4, 2024.09.09_15.27.40,116,-22.879972,-43.2315481,-95,3,724,5,54907395,48721,10,-16,-3,
207,4, 2024.09.09_15.27.41,221,-22.8807047,-43.2310933,-95,3,724,5,54907395,48721,10,-16,-3,
208,4, 2024.09.09_15.27.42,117,-22.8807047,-43.2310933,-95,3,724,5,54907395,48721,10,-16,-3,
209,4, 2024.09.09_15.27.43,114,-22.8807047,-43.2310933,-95,3,724,5,54907395,48721,10,-16,-3,
210,4, 2024.09.09_15.27.44,144,-22.8807047,-43.2310933,-95,3,724,5,54907395,48721,10,-16,-3,
211,4, 2024.09.09_15.27.45,115,-22.8807047,-43.2310933,-95,3,724,5,54907395,48721,10,-16,-3,
212,4, 2024.09.09_15.27.46,99,-22.8814118,-43.2306415,-95,3,724,5,54907395,48721,10,-16,-3,
213,4, 2024.09.09_15.27.47,155,-22.8814118,-43.2306415,-95,3,724,5,54907395,48721,10,-16,-3,
214,4, 2024.09.09_15.27.48,109,-22.8814118,-43.2306415,-95,3,724,5,54907395,48721,10,-16,-3,
215,4, 2024.09.09_15.27.49,261,-22.8814118,-43.2306415,-95,3,724,5,54907395,48721,10,-16,-3,
216,4, 2024.09.09_15.27.50,266,-22.8821587,-43.2301816,-95,3,724,5,54907395,48721,10,-16,-3,
217,4, 2024.09.09_15.27.51,177,-22.8821587,-43.2301816,-95,3,724,5,54907395,48721,10,-16,-3,
218,4, 2024.09.09_15.27.52,101,-22.8821587,-43.2301816,-95,3,724,5,54907395,48721,10,-16,-3,
219,4, 2024.09.09_15.27.53,159,-22.8821587,-43.2301816,-95,3,724,5,54907395,48721,10,-16,-3,
220,4, 2024.09.09_15.27.54,145,-22.8821587,-43.2301816,-95,3,724,5,54907395,48721,10,-16,-3,
221,4, 2024.09.09_15.27.55,125,-22.8826575,-43.2297768,-95,3,724,5,54907395,48721,10,-16,-3,
222,4, 2024.09.09_15.27.56,116,-22.8826575,-43.2297768,-95,3,724,5,54907395,48721,10,-16,-3,
223,4, 2024.09.09_15.27.57,196,-22.8826575,-43.2297768,-95,3,724,5,54907395,48721,10,-16,-3,
224,4, 2024.09.09_15.27.58,138,-22.8826575,-43.2297768,-95,3,724,5,54907395,48721,10,-16,-3,
225,4, 2024.09.09_15.27.59,135,-22.8826575,-43.2297768,-95,3,724,5,54907395,48721,10,-16,-3,
226,4, 2024.09.09_15.28.00,112,-22.8826575,-43.2297768,-95,3,724,5,54907395,48721,10,-16,-3,
227,4, 2024.09.09_15.28.01,111,-22.8834531,-43.2289817,-95,3,724,5,54907395,48721,10,-16,-3,
228,4, 2024.09.09_15.28.02,211,-22.8834531,-43.2289817,-95,3,724,5,54907395,48721,10,-16,-3,
229,4, 2024.09.09_15.28.03,130,-22.8834531,-43.2289817,-95,3,724,5,54907395,48721,10,-16,-3,
230,4, 2024.09.09_15.28.04,121,-22.8834531,-43.2289817,-95,3,724,5,54907395,48721,10,-16,-3,
231,4, 2024.09.09_15.28.05,124,-22.8834531,-43.2289817,-95,3,724,5,54907395,48721,10,-16,-3,
232,4, 2024.09.09_15.28.06,106,-22.8841068,-43.2282981,-95,3,724,5,54907395,48721,10,-16,-3,
233,4, 2024.09.09_15.28.07,92,-22.8841068,-43.2282981,-95,3,724,5,54907395,48721,10,-16,-3,
234,4, 2024.09.09_15.28.08,111,-22.8841068,-43.2282981,-95,3,724,5,54907395,48721,10,-16,-3,
235,4, 2024.09.09_15.28.09,135,-22.8841068,-43.2282981,-95,3,724,5,54907395,48721,10,-16,-3,
236,4, 2024.09.09_15.28.10,129,-22.884633,-43.2278339,-95,3,724,5,54907395,48721,10,-16,-3,
237,4, 2024.09.09_15.28.11,208,-22.884633,-43.2278339,-95,3,724,5,54907395,48721,10,-16,-3,
238,4, 2024.09.09_15.28.12,134,-22.884633,-43.2278339,-95,3,724,5,54907395,48721,10,-16,-3,
239,4, 2024.09.09_15.28.13,102,-22.884633,-43.2278339,-95,3,724,5,54907395,48721,10,-16,-3,
240,4, 2024.09.09_15.28.15,292,-22.884633,-43.2278339,-95,3,724,5,54907395,48721,10,-16,-3,
241,4, 2024.09.09_15.28.16,294,-22.8854968,-43.2271802,-79,4,724,5,54907403,48721,6,-15,0,
242,4, 2024.09.09_15.28.16,136,-22.8854968,-43.2271802,-79,4,724,5,54907403,48721,10,-15,0,
243,4, 2024.09.09_15.28.17,106,-22.8855045,-43.2271764,-79,4,724,5,54907403,48721,10,-15,0,
244,4, 2024.09.09_15.28.18,124,-22.8855045,-43.2271764,-79,4,724,5,54907403,48721,10,-15,0,
245,4, 2024.09.09_15.28.19,130,-22.8855045,-43.2271764,-79,4,724,5,54907403,48721,10,-15,0,
246,4, 2024.09.09_15.28.20,136,-22.8861793,-43.2266192,-79,4,724,5,54907403,48721,10,-15,0,
247,4, 2024.09.09_15.28.21,129,-22.8861793,-43.2266192,-79,4,724,5,54907403,48721,10,-15,0,
248,4, 2024.09.09_15.28.22,140,-22.8861793,-43.2266192,-82,4,724,5,54421523,48721,10,-16,-5,
249,4, 2024.09.09_15.28.23,147,-22.8861793,-43.2266192,-82,4,724,5,54421523,48721,10,-16,-5,
250,4, 2024.09.09_15.28.25,176,-22.8861793,-43.2266192,-87,3,724,5,54006545,48721,6,-17,-5,
251,4, 2024.09.09_15.28.25,123,-22.8868333,-43.2260861,-87,3,724,5,54006545,48721,10,-17,-5,
252,4, 2024.09.09_15.28.27,151,-22.8868333,-43.2260861,-87,3,724,5,54006545,48721,10,-17,-5,
253,4, 2024.09.09_15.28.27,123,-22.8868333,-43.2260861,-87,3,724,5,54006545,48721,10,-17,-5,
254,4, 2024.09.09_15.28.28,128,-22.8868333,-43.2260861,-87,3,724,5,54006545,48721,10,-17,-5,
255,4, 2024.09.09_15.28.29,113,-22.8868333,-43.2260861,-87,3,724,5,54006545,48721,10,-17,-5,
256,4, 2024.09.09_15.28.31,139,-22.8874807,-43.2255361,-87,3,724,5,54006545,48721,10,-17,-5,
257,4, 2024.09.09_15.28.31,115,-22.8874807,-43.2255361,-87,3,724,5,54006545,48721,10,-17,-5,
258,4, 2024.09.09_15.28.33,124,-22.8874807,-43.2255361,-87,3,724,5,54006545,48721,10,-17,-5,
259,4, 2024.09.09_15.28.34,127,-22.8874807,-43.2255361,-87,3,724,5,54006545,48721,10,-17,-5,
260,4, 2024.09.09_15.28.35,167,-22.8874807,-43.2255361,-87,3,724,5,54006545,48721,10,-17,-5,
261,4, 2024.09.09_15.28.36,121,-22.8882621,-43.2249754,-87,3,724,5,54006545,48721,10,-17,-5,
262,4, 2024.09.09_15.28.37,132,-22.8882621,-43.2249754,-87,3,724,5,54006545,48721,10,-17,-5,
263,4, 2024.09.09_15.28.38,144,-22.8882621,-43.2249754,-87,3,724,5,54006545,48721,10,-17,-5,
264,4, 2024.09.09_15.28.39,161,-22.8882621,-43.2249754,-87,3,724,5,54006545,48721,10,-17,-5,
265,4, 2024.09.09_15.28.40,197,-22.8888375,-43.2245187,-87,3,724,5,54006545,48721,10,-17,-5,
266,4, 2024.09.09_15.28.41,114,-22.8888375,-43.2245187,-87,3,724,5,54006545,48721,10,-17,-5,
267,4, 2024.09.09_15.28.42,169,-22.8888375,-43.2245187,-87,3,724,5,54006545,48721,10,-17,-5,
268,4, 2024.09.09_15.28.43,117,-22.8888375,-43.2245187,-87,3,724,5,54006545,48721,10,-17,-5,
269,4, 2024.09.09_15.28.44,203,-22.8888375,-43.2245187,-87,3,724,5,54006545,48721,10,-17,-5,
270,4, 2024.09.09_15.28.45,200,-22.8895474,-43.22397,-87,3,724,5,54006545,48721,10,-17,-5,
271,4, 2024.09.09_15.28.46,125,-22.8895474,-43.22397,-87,3,724,5,54006545,48721,10,-17,-5,
272,4, 2024.09.09_15.28.47,230,-22.8895474,-43.22397,-87,3,724,5,54006545,48721,10,-17,-5,
273,4, 2024.09.09_15.28.48,112,-22.8895474,-43.22397,-87,3,724,5,54006545,48721,10,-17,-5,
274,4, 2024.09.09_15.28.49,148,-22.8895474,-43.22397,-87,3,724,5,54006545,48721,10,-17,-5,
275,4, 2024.09.09_15.28.50,289,-22.8895474,-43.22397,-62,4,724,5,54006546,48721,10,-11,14,
276,4, 2024.09.09_15.28.51,236,-22.8902926,-43.2233135,-61,4,724,5,54006546,48721,10,-8,14,
277,4, 2024.09.09_15.28.52,104,-22.890297,-43.2233087,-61,4,724,5,54006546,48721,10,-8,14,
278,4, 2024.09.09_15.28.53,124,-22.890297,-43.2233087,-61,4,724,5,54006546,48721,10,-8,14,
279,4, 2024.09.09_15.28.54,235,-22.890297,-43.2233087,-61,4,724,5,54006546,48721,10,-8,14,
280,4, 2024.09.09_15.28.55,121,-22.890297,-43.2233087,-61,4,724,5,54006546,48721,10,-8,14,
281,4, 2024.09.09_15.28.56,126,-22.8909548,-43.2228164,-61,4,724,5,54006546,48721,10,-8,14,
282,4, 2024.09.09_15.28.57,355,-22.8909548,-43.2228164,-72,4,724,5,54006547,48721,10,-11,10,
283,4, 2024.09.09_15.28.58,120,-22.8909548,-43.2228164,-72,4,724,5,54006547,48721,10,-11,10,
284,4, 2024.09.09_15.28.59,218,-22.8909548,-43.2228164,-72,4,724,5,54006547,48721,10,-11,10,
285,4, 2024.09.09_15.29.00,160,-22.8909548,-43.2228164,-72,4,724,5,54006547,48721,10,-11,10,
286,4, 2024.09.09_15.29.01,232,-22.8915854,-43.2222558,-72,4,724,5,54006547,48721,10,-11,10,
287,4, 2024.09.09_15.29.02,138,-22.8915854,-43.2222558,-72,4,724,5,54006547,48721,10,-11,10,
288,4, 2024.09.09_15.29.03,221,-22.8915854,-43.2222558,-72,4,724,5,54006547,48721,10,-11,10,
289,4, 2024.09.09_15.29.04,794,-22.8915854,-43.2222558,-72,4,724,5,54006547,48721,10,-11,10,
290,4, 2024.09.09_15.29.05,220,-22.8915854,-43.2222558,-72,4,724,5,54006547,48721,10,-11,10,
291,4, 2024.09.09_15.29.06,595,-22.8922865,-43.2217639,-89,3,724,5,54006531,48721,10,-16,1,
292,4, 2024.09.09_15.29.07,438,-22.8922865,-43.2217639,-89,3,724,5,54006531,48721,10,-16,1,
293,4, 2024.09.09_15.29.08,307,-22.8922865,-43.2217639,-89,3,724,5,54006531,48721,10,-16,1,
294,4, 2024.09.09_15.29.09,370,-22.8922865,-43.2217639,-89,3,724,5,54006531,48721,10,-16,1,
295,4, 2024.09.09_15.29.10,279,-22.8922865,-43.2217639,-90,3,724,5,54007325,48721,10,-15,-1,
296,4, 2024.09.09_15.29.11,696,-22.8929828,-43.2211854,-90,3,724,5,54007325,48721,10,-15,-1,
297,4, 2024.09.09_15.29.12,141,-22.8929828,-43.2211854,-90,3,724,5,54007325,48721,10,-15,-1,
298,4, 2024.09.09_15.29.13,227,-22.8929828,-43.2211854,-90,3,724,5,54007325,48721,10,-15,-1,
299,4, 2024.09.09_15.29.14,204,-22.8929828,-43.2211854,-90,3,724,5,54007325,48721,10,-15,-1,
300,4, 2024.09.09_15.29.15,290,-22.8934834,-43.2207431,-90,3,724,5,54007325,48721,10,-15,-1,
301,4, 2024.09.09_15.29.16,344,-22.8934834,-43.2207431,-90,3,724,5,54007325,48721,10,-15,-1,
302,4, 2024.09.09_15.29.17,139,-22.8934834,-43.2207431,-90,3,724,5,54007325,48721,10,-15,-1,
303,4, 2024.09.09_15.29.18,623,-22.8934834,-43.2207431,-90,3,724,5,54007325,48721,10,-15,-1,
304,4, 2024.09.09_15.29.19,358,-22.8934834,-43.2207431,-90,3,724,5,54007325,48721,10,-15,-1,
305,4, 2024.09.09_15.29.20,123,-22.8934834,-43.2207431,-90,3,724,5,54007325,48721,10,-15,-1,
306,4, 2024.09.09_15.29.21,152,-22.8943076,-43.2201689,-90,3,724,5,54007325,48721,10,-15,-1,
307,4, 2024.09.09_15.29.22,266,-22.8943076,-43.2201689,-90,3,724,5,54007325,48721,10,-15,-1,
308,4, 2024.09.09_15.29.23,117,-22.8943076,-43.2201689,-90,3,724,5,54007325,48721,10,-15,-1,
309,4, 2024.09.09_15.29.24,133,-22.8943076,-43.2201689,-90,3,724,5,54007325,48721,10,-15,-1,
310,4, 2024.09.09_15.29.25,139,-22.8948522,-43.219736,-97,2,724,5,54003741,48721,6,-13,-2,
311,4, 2024.09.09_15.29.26,130,-22.8948522,-43.219736,-97,2,724,5,54003741,48721,6,-13,-2,
312,4, 2024.09.09_15.29.27,196,-22.8948522,-43.219736,-97,2,724,5,54003741,48721,6,-13,-2,
313,4, 2024.09.09_15.29.28,233,-22.8948522,-43.219736,-97,2,724,5,54003741,48721,10,-13,-2,
314,4, 2024.09.09_15.29.29,217,-22.8948522,-43.219736,-85,4,724,5,54007326,48721,10,-11,-3,
315,4, 2024.09.09_15.29.30,126,-22.8948522,-43.219736,-85,4,724,5,54007326,48721,10,-11,-3,
316,4, 2024.09.09_15.29.31,158,-22.8955967,-43.2196934,-83,4,724,5,54007326,48721,10,-8,-2,
317,4, 2024.09.09_15.29.32,105,-22.8956048,-43.2197127,-83,4,724,5,54007326,48721,10,-8,-2,
318,4, 2024.09.09_15.29.33,125,-22.8956048,-43.2197127,-83,4,724,5,54007326,48721,10,-8,-2,
319,4, 2024.09.09_15.29.34,124,-22.8956048,-43.2197127,-83,4,724,5,54007326,48721,10,-8,-2,
320,4, 2024.09.09_15.29.35,141,-22.8956048,-43.2197127,-83,4,724,5,54007326,48721,10,-8,-2,
321,4, 2024.09.09_15.29.36,117,-22.8959833,-43.2201782,-83,4,724,5,54007326,48721,10,-8,-2,
322,4, 2024.09.09_15.29.37,415,-22.8959833,-43.2201782,-83,4,724,5,54007326,48721,10,-8,-2,
323,4, 2024.09.09_15.29.38,209,-22.8959833,-43.2201782,-83,4,724,5,54007326,48721,10,-8,-2,
324,4, 2024.09.09_15.29.39,106,-22.8959833,-43.2201782,-83,4,724,5,54007326,48721,10,-8,-2,
325,4, 2024.09.09_15.29.40,149,-22.8959833,-43.2201782,-83,4,724,5,54007326,48721,10,-8,-2,
326,4, 2024.09.09_15.29.41,155,-22.8964098,-43.2209236,-83,4,724,5,54007326,48721,10,-8,-2,
327,4, 2024.09.09_15.29.42,119,-22.8964098,-43.2209236,-83,4,724,5,54007326,48721,10,-8,-2,
328,4, 2024.09.09_15.29.43,331,-22.8964098,-43.2209236,-83,4,724,5,54007326,48721,10,-8,-2,
329,4, 2024.09.09_15.29.44,103,-22.8964098,-43.2209236,-83,4,724,5,54007326,48721,10,-8,-2,
330,4, 2024.09.09_15.29.45,116,-22.8964098,-43.2209236,-83,4,724,5,54007326,48721,10,-8,-2,
331,4, 2024.09.09_15.29.46,149,-22.8964098,-43.2209236,-80,4,724,5,54007327,48721,10,-10,3,
332,4, 2024.09.09_15.29.47,284,-22.8969979,-43.2216444,-80,4,724,5,54007327,48721,10,-10,3,
333,4, 2024.09.09_15.29.48,107,-22.8969979,-43.2216444,-80,4,724,5,54007327,48721,10,-10,3,
334,4, 2024.09.09_15.29.49,146,-22.8969979,-43.2216444,-80,4,724,5,54007327,48721,10,-10,3,
335,4, 2024.09.09_15.29.50,288,-22.8969979,-43.2216444,-80,4,724,5,54007327,48721,10,-10,3,
336,4, 2024.09.09_15.29.51,276,-22.8973541,-43.2219965,-80,4,724,5,54007327,48721,10,-10,3,
337,4, 2024.09.09_15.29.52,195,-22.8973541,-43.2219965,-80,4,724,5,54007327,48721,10,-10,3,
338,4, 2024.09.09_15.29.53,148,-22.8973541,-43.2219965,-80,4,724,5,54007327,48721,10,-10,3,
339,4, 2024.09.09_15.29.54,131,-22.8973541,-43.2219965,-80,4,724,5,54007327,48721,10,-10,3,
340,4, 2024.09.09_15.29.55,163,-22.8973541,-43.2219965,-80,4,724,5,54007327,48721,10,-10,3,
341,4, 2024.09.09_15.29.56,150,-22.8978451,-43.2224401,-80,4,724,5,54007327,48721,10,-10,3,
342,4, 2024.09.09_15.29.57,287,-22.8978451,-43.2224401,-80,4,724,5,54007327,48721,10,-10,3,
343,4, 2024.09.09_15.29.58,163,-22.8978451,-43.2224401,-80,4,724,5,54007327,48721,10,-10,3,
344,4, 2024.09.09_15.29.59,179,-22.8978451,-43.2224401,-80,4,724,5,54007327,48721,10,-10,3,
345,4, 2024.09.09_15.30.00,324,-22.8978451,-43.2224401,-80,4,724,5,54007327,48721,10,-10,3,
346,4, 2024.09.09_15.30.01,207,-22.8982191,-43.2227504,-80,4,724,5,54007327,48721,10,-10,3,
347,4, 2024.09.09_15.30.02,310,-22.8982191,-43.2227504,-80,4,724,5,54007327,48721,10,-10,3,
348,4, 2024.09.09_15.30.03,496,-22.8982191,-43.2227504,-109,1,724,5,54007299,48721,6,-14,-3,
349,4, 2024.09.09_15.30.04,271,-22.8982191,-43.2227504,-109,1,724,5,54007299,48721,10,-14,-3,
350,4, 2024.09.09_15.30.05,226,-22.8982191,-43.2227504,-109,1,724,5,54007299,48721,10,-14,-3,
351,4, 2024.09.09_15.30.06,230,-22.8982191,-43.2227504,-111,1,724,5,54007299,48721,10,-18,-4,
352,4, 2024.09.09_15.30.07,163,-22.8987033,-43.2230744,-111,1,724,5,54007299,48721,10,-18,-4,
353,4, 2024.09.09_15.30.08,289,-22.8987033,-43.2230744,-101,2,724,5,54008606,48721,10,-12,-5,
354,4, 2024.09.09_15.30.09,128,-22.8987033,-43.2230744,-101,2,724,5,54008606,48721,10,-12,-5,
355,4, 2024.09.09_15.30.10,225,-22.8987033,-43.2230744,-101,2,724,5,54008606,48721,10,-12,-5,
356,4, 2024.09.09_15.30.12,717,-22.899005,-43.2230231,-101,2,724,5,54008606,48721,10,-12,-5,
357,4, 2024.09.09_15.30.13,473,-22.899005,-43.2230231,-108,1,724,5,54596363,48721,10,-17,-5,
358,4, 2024.09.09_15.30.14,181,-22.899005,-43.2230231,-108,1,724,5,54596363,48721,10,-17,-5,
359,4, 2024.09.09_15.30.15,2658,-22.899005,-43.2230231,-108,1,724,5,54596363,48721,10,-17,-5,
360,4, 2024.09.09_15.30.15,133,-22.899005,-43.2230231,-108,1,724,5,54596363,48721,10,-17,-5,
361,4, 2024.09.09_15.30.16,369,-22.8992863,-43.2228409,-117,0,724,5,54263041,48721,6,-19,-6,
362,4, 2024.09.09_15.30.18,712,-22.8992863,-43.2228409,-114,1,724,5,54003970,48721,10,-17,-6,
363,4, 2024.09.09_15.30.19,744,-22.8992863,-43.2228409,-114,1,724,5,54003970,48721,10,-17,-6,
364,4, 2024.09.09_15.30.19,155,-22.8992863,-43.2228409,-114,1,724,5,54003970,48721,10,-17,-6,
365,4, 2024.09.09_15.30.20,213,-22.8992863,-43.2228409,-104,2,724,5,54008605,48721,6,-14,-5,
366,4, 2024.09.09_15.30.21,152,-22.8992863,-43.2228409,-104,2,724,5,54008605,48721,10,-14,-5,
367,4, 2024.09.09_15.30.22,117,-22.8996776,-43.22265,-104,2,724,5,54008605,48721,10,-14,-5,
368,4, 2024.09.09_15.30.23,307,-22.8996776,-43.22265,-104,2,724,5,54008605,48721,10,-14,-5,
369,4, 2024.09.09_15.30.24,123,-22.8996776,-43.22265,-104,2,724,5,54008605,48721,10,-14,-5,
370,4, 2024.09.09_15.30.25,169,-22.8996776,-43.22265,-104,2,724,5,54008605,48721,10,-14,-5,
371,4, 2024.09.09_15.30.26,296,-22.8996776,-43.22265,-104,2,724,5,54008605,48721,10,-14,-5,
372,4, 2024.09.09_15.30.27,218,-22.8999118,-43.2230277,-104,2,724,5,54008605,48721,10,-14,-5,
373,4, 2024.09.09_15.30.28,182,-22.8999118,-43.2230277,-104,2,724,5,54008605,48721,10,-14,-5,
374,4, 2024.09.09_15.30.29,142,-22.8999118,-43.2230277,-104,2,724,5,54008605,48721,10,-14,-5,
375,4, 2024.09.09_15.30.31,537,-22.8999948,-43.2234218,-100,2,724,5,54007043,48721,10,-15,-3,
376,4, 2024.09.09_15.30.31,300,-22.8999948,-43.2234218,-100,2,724,5,54007043,48721,10,-15,-3,
377,4, 2024.09.09_15.30.32,137,-22.8999948,-43.2234218,-100,2,724,5,54007043,48721,10,-15,-3,
378,4, 2024.09.09_15.30.33,154,-22.8999948,-43.2234218,-100,2,724,5,54007043,48721,10,-15,-3,
379,4, 2024.09.09_15.30.34,223,-22.8999948,-43.2234218,-100,2,724,5,54007043,48721,10,-15,-3,
380,4, 2024.09.09_15.30.35,159,-22.8999948,-43.2234218,-100,2,724,5,54007043,48721,10,-15,-3,
381,4, 2024.09.09_15.30.36,121,-22.8999948,-43.2234218,-100,2,724,5,54007043,48721,10,-15,-3,
382,4, 2024.09.09_15.30.37,133,-22.900037,-43.2235239,-101,2,724,5,54007043,48721,10,-15,-1,
383,4, 2024.09.09_15.30.38,119,-22.9000308,-43.2235139,-101,2,724,5,54007043,48721,10,-15,-1,
384,4, 2024.09.09_15.30.39,138,-22.9000308,-43.2235139,-101,2,724,5,54007043,48721,10,-15,-1,
385,4, 2024.09.09_15.30.40,118,-22.9000308,-43.2235139,-101,2,724,5,54007043,48721,10,-15,-1,
386,4, 2024.09.09_15.30.41,258,-22.8999434,-43.2235426,-101,2,724,5,54007043,48721,10,-15,-1,
387,4, 2024.09.09_15.30.42,131,-22.8999434,-43.2235426,-101,2,724,5,54007043,48721,10,-14,-1,
388,4, 2024.09.09_15.30.43,198,-22.8999444,-43.2235417,-101,2,724,5,54007043,48721,10,-14,-1,
389,4, 2024.09.09_15.30.44,117,-22.8999444,-43.2235417,-101,2,724,5,54007043,48721,10,-14,-1,
390,4, 2024.09.09_15.30.45,175,-22.8999444,-43.2235417,-101,2,724,5,54007043,48721,10,-14,-1,
391,4, 2024.09.09_15.30.46,123,-22.89998,-43.2236039,-101,2,724,5,54007043,48721,10,-14,-1,
392,4, 2024.09.09_15.30.47,137,-22.89998,-43.2236039,-98,2,724,5,54007043,48721,10,-14,-2,
393,4, 2024.09.09_15.30.48,293,-22.8999815,-43.2236148,-98,2,724,5,54007043,48721,10,-14,-2,
394,4, 2024.09.09_15.30.49,171,-22.8999815,-43.2236148,-98,2,724,5,54007043,48721,10,-14,-2,
395,4, 2024.09.09_15.30.50,131,-22.8999815,-43.2236148,-98,2,724,5,54007043,48721,10,-14,-2,
396,4, 2024.09.09_15.30.51,157,-22.9000222,-43.2235964,-98,2,724,5,54007043,48721,10,-14,-2,
397,4, 2024.09.09_15.30.52,137,-22.9000222,-43.2235964,-99,2,724,5,54007043,48721,10,-17,-5,
398,4, 2024.09.09_15.30.53,222,-22.9000305,-43.2236109,-99,2,724,5,54007043,48721,10,-17,-5,
399,4, 2024.09.09_15.30.54,143,-22.9000305,-43.2236109,-95,3,724,5,54008605,48721,10,-14,-4,
400,4, 2024.09.09_15.30.55,181,-22.9000305,-43.2236109,-95,3,724,5,54008605,48721,10,-14,-4,
401,4, 2024.09.09_15.30.56,161,-22.9001072,-43.2237293,-95,3,724,5,54008605,48721,10,-14,-4,
402,4, 2024.09.09_15.30.57,202,-22.9001072,-43.2237293,-95,3,724,5,54008605,48721,10,-14,-4,
403,4, 2024.09.09_15.30.58,156,-22.9001072,-43.2237293,-95,3,724,5,54008605,48721,10,-14,-4,
404,4, 2024.09.09_15.30.59,142,-22.9001072,-43.2237293,-95,3,724,5,54008605,48721,10,-14,-4,
405,4, 2024.09.09_15.31.00,131,-22.9001072,-43.2237293,-96,2,724,5,54008605,48721,10,-14,-5,
406,4, 2024.09.09_15.31.01,157,-22.9002383,-43.2237983,-96,2,724,5,54008605,48721,10,-14,-5,
407,4, 2024.09.09_15.31.02,144,-22.9002383,-43.2237983,-96,2,724,5,54008605,48721,10,-14,-5,
408,4, 2024.09.09_15.31.03,124,-22.9002383,-43.2237983,-96,2,724,5,54008605,48721,10,-14,-5,
409,4, 2024.09.09_15.31.04,122,-22.9002383,-43.2237983,-96,2,724,5,54008605,48721,10,-14,-5,
410,4, 2024.09.09_15.31.05,136,-22.9002383,-43.2237983,-90,3,724,5,54008605,48721,10,-12,-3,
411,4, 2024.09.09_15.31.06,280,-22.9001265,-43.2240008,-90,3,724,5,54008605,48721,10,-12,-3,
412,4, 2024.09.09_15.31.07,151,-22.9001265,-43.2240008,-95,3,724,5,54008594,48721,10,-13,-4,
413,4, 2024.09.09_15.31.08,127,-22.9001265,-43.2240008,-95,3,724,5,54008594,48721,10,-13,-4,
414,4, 2024.09.09_15.31.09,164,-22.9001265,-43.2240008,-95,3,724,5,54008594,48721,10,-13,-4,
415,4, 2024.09.09_15.31.10,136,-22.9001265,-43.2240008,-92,3,724,5,54008594,48721,10,-17,-3,
416,4, 2024.09.09_15.31.11,138,-22.9002178,-43.2241878,-92,3,724,5,54008594,48721,10,-17,-3,
417,4, 2024.09.09_15.31.12,143,-22.9002178,-43.2241878,-92,3,724,5,54008577,48721,10,-12,-3,
418,4, 2024.09.09_15.31.13,256,-22.9002178,-43.2241878,-92,3,724,5,54008577,48721,10,-12,-3,
419,4, 2024.09.09_15.31.14,114,-22.9002178,-43.2241878,-92,3,724,5,54008577,48721,10,-12,-3,
420,4, 2024.09.09_15.31.15,159,-22.9002178,-43.2241878,-89,3,724,5,54008577,48721,10,-10,-3,
421,4, 2024.09.09_15.31.16,147,-22.9003529,-43.2244197,-89,3,724,5,54008577,48721,10,-10,-3,
422,4, 2024.09.09_15.31.17,113,-22.9003529,-43.2244197,-89,3,724,5,54008577,48721,10,-10,-3,
423,4, 2024.09.09_15.31.18,114,-22.9003529,-43.2244197,-89,3,724,5,54008577,48721,10,-10,-3,
424,4, 2024.09.09_15.31.19,113,-22.9003529,-43.2244197,-89,3,724,5,54008577,48721,10,-10,-3,
425,4, 2024.09.09_15.31.20,258,-22.9003431,-43.2244854,-89,3,724,5,54008577,48721,10,-10,-3,
426,4, 2024.09.09_15.31.21,131,-22.9003431,-43.2244854,-94,3,724,5,54008577,48721,10,-14,1,
427,4, 2024.09.09_15.31.22,136,-22.9003431,-43.2244851,-94,3,724,5,54008577,48721,10,-14,1,
428,4, 2024.09.09_15.31.23,173,-22.9003431,-43.2244851,-94,3,724,5,54008577,48721,10,-14,1,
429,4, 2024.09.09_15.31.24,112,-22.9003431,-43.2244851,-94,3,724,5,54008577,48721,10,-14,1,
430,4, 2024.09.09_15.31.25,118,-22.9003431,-43.2244851,-94,3,724,5,54008577,48721,10,-14,1,
431,4, 2024.09.09_15.31.26,150,-22.9003667,-43.2245252,-93,3,724,5,54008577,48721,10,-14,2,
432,4, 2024.09.09_15.31.28,246,-22.9003683,-43.2245299,-93,3,724,5,54008577,48721,10,-14,2,
433,4, 2024.09.09_15.31.29,284,-22.9003683,-43.2245299,-93,3,724,5,54008577,48721,10,-14,2,
434,4, 2024.09.09_15.31.29,181,-22.9003683,-43.2245299,-93,3,724,5,54008577,48721,10,-14,2,
435,4, 2024.09.09_15.31.30,137,-22.9002844,-43.2244993,-93,3,724,5,54008577,48721,10,-14,2,
436,4, 2024.09.09_15.31.32,251,-22.9002844,-43.2244993,-94,3,724,5,54008577,48721,10,-14,2,
437,4, 2024.09.09_15.31.32,178,-22.9002826,-43.2245003,-94,3,724,5,54008577,48721,10,-14,2,
438,4, 2024.09.09_15.31.33,124,-22.9002826,-43.2245003,-94,3,724,5,54008577,48721,10,-14,2,
439,4, 2024.09.09_15.31.35,250,-22.9002826,-43.2245003,-94,3,724,5,54008577,48721,10,-14,2,
440,4, 2024.09.09_15.31.36,226,-22.9003014,-43.2245142,-94,3,724,5,54008577,48721,10,-14,2,
441,4, 2024.09.09_15.31.37,168,-22.9003014,-43.2245142,-95,3,724,5,54008577,48721,10,-14,2,
442,4, 2024.09.09_15.31.37,137,-22.9003031,-43.2245131,-95,3,724,5,54008577,48721,10,-14,2,
443,4, 2024.09.09_15.31.38,123,-22.9003031,-43.2245131,-95,3,724,5,54008577,48721,10,-14,2,
444,4, 2024.09.09_15.31.40,211,-22.9003031,-43.2245131,-95,3,724,5,54008577,48721,10,-14,2,
445,4, 2024.09.09_15.31.40,137,-22.9002924,-43.2244943,-95,3,724,5,54008577,48721,10,-14,2,
446,4, 2024.09.09_15.31.42,229,-22.9002924,-43.2244943,-93,3,724,5,54008577,48721,10,-15,2,
447,4, 2024.09.09_15.31.43,221,-22.9002924,-43.2244943,-93,3,724,5,54008577,48721,10,-15,2,
448,4, 2024.09.09_15.31.43,106,-22.9002924,-43.2244943,-93,3,724,5,54008577,48721,10,-15,2,
449,4, 2024.09.09_15.31.45,228,-22.9002924,-43.2244943,-93,3,724,5,54008577,48721,10,-15,2,
450,4, 2024.09.09_15.31.46,231,-22.9003664,-43.2245,-93,3,724,5,54008577,48721,10,-15,2,
451,4, 2024.09.09_15.31.47,157,-22.9003664,-43.2245,-93,3,724,5,54008577,48721,10,-15,0,
452,4, 2024.09.09_15.31.48,125,-22.9003722,-43.2244995,-93,3,724,5,54008577,48721,10,-15,0,
453,4, 2024.09.09_15.31.49,237,-22.9003722,-43.2244995,-93,3,724,5,54008577,48721,10,-15,0,
454,4, 2024.09.09_15.31.50,206,-22.9003722,-43.2244995,-93,3,724,5,54008577,48721,10,-15,0,
455,4, 2024.09.09_15.31.51,130,-22.9004111,-43.2245905,-93,3,724,5,54008577,48721,10,-15,0,
456,4, 2024.09.09_15.31.52,277,-22.9004111,-43.2245905,-97,2,724,5,54008577,48721,10,-15,0,
457,4, 2024.09.09_15.31.53,236,-22.9004153,-43.2246048,-97,2,724,5,54008577,48721,10,-15,0,
458,4, 2024.09.09_15.31.54,169,-22.9004153,-43.2246048,-97,2,724,5,54008577,48721,10,-15,0,
459,4, 2024.09.09_15.31.55,133,-22.9004153,-43.2246048,-97,2,724,5,54008577,48721,10,-15,0,
460,4, 2024.09.09_15.31.56,98,-22.9004336,-43.2248309,-97,2,724,5,54008577,48721,10,-15,0,
461,4, 2024.09.09_15.31.57,200,-22.9004336,-43.2248309,-96,2,724,5,54008577,48721,10,-14,1,
462,4, 2024.09.09_15.31.58,129,-22.9004396,-43.2248574,-96,2,724,5,54008577,48721,10,-14,1,
463,4, 2024.09.09_15.31.59,122,-22.9004396,-43.2248574,-96,2,724,5,54008577,48721,10,-14,1,
464,4, 2024.09.09_15.32.00,185,-22.9004396,-43.2248574,-96,2,724,5,54008577,48721,10,-14,1,
465,4, 2024.09.09_15.32.01,174,-22.9004339,-43.225089,-96,2,724,5,54008577,48721,10,-14,1,
466,4, 2024.09.09_15.32.02,108,-22.9004339,-43.225089,-93,3,724,5,54008577,48721,10,-14,0,
467,4, 2024.09.09_15.32.03,117,-22.9004248,-43.22511,-93,3,724,5,54008577,48721,10,-14,0,
468,4, 2024.09.09_15.32.04,219,-22.9004248,-43.22511,-93,3,724,5,54008577,48721,10,-14,0,
469,4, 2024.09.09_15.32.05,123,-22.9004248,-43.22511,-93,3,724,5,54008577,48721,10,-14,0,
470,4, 2024.09.09_15.32.06,247,-22.9004359,-43.2251933,-93,3,724,5,54008577,48721,10,-14,0,
471,4, 2024.09.09_15.32.07,221,-22.9004359,-43.2251933,-93,3,724,5,54008577,48721,10,-13,4,
472,4, 2024.09.09_15.32.08,150,-22.9004353,-43.2251997,-93,3,724,5,54008577,48721,10,-13,4,
473,4, 2024.09.09_15.32.09,141,-22.9004353,-43.2251997,-93,3,724,5,54008577,48721,10,-13,4,
474,4, 2024.09.09_15.32.10,115,-22.9004353,-43.2251997,-93,3,724,5,54008577,48721,10,-13,4,
475,4, 2024.09.09_15.32.11,103,-22.9004264,-43.2251823,-93,3,724,5,54008577,48721,10,-13,4,
476,4, 2024.09.09_15.32.12,184,-22.9004264,-43.2251823,-92,3,724,5,54008577,48721,10,-12,7,
477,4, 2024.09.09_15.32.13,252,-22.9004299,-43.2251807,-92,3,724,5,54008577,48721,10,-12,7,
478,4, 2024.09.09_15.32.14,143,-22.9004299,-43.2251807,-92,3,724,5,54008577,48721,10,-12,7,
479,4, 2024.09.09_15.32.15,171,-22.9004299,-43.2251807,-92,3,724,5,54008577,48721,10,-12,7,
480,4, 2024.09.09_15.32.16,126,-22.900392,-43.225116,-92,3,724,5,54008577,48721,10,-12,7,
481,4, 2024.09.09_15.32.17,248,-22.900392,-43.225116,-91,3,724,5,54008577,48721,10,-11,5,
482,4, 2024.09.09_15.32.18,246,-22.9003842,-43.2251052,-91,3,724,5,54008577,48721,10,-11,5,
483,4, 2024.09.09_15.32.19,151,-22.9003842,-43.2251052,-91,3,724,5,54008577,48721,10,-11,5,
484,4, 2024.09.09_15.32.20,131,-22.9003842,-43.2251052,-91,3,724,5,54008577,48721,10,-11,5,
485,4, 2024.09.09_15.32.21,234,-22.9004044,-43.2251334,-91,3,724,5,54008577,48721,10,-11,5,
486,4, 2024.09.09_15.32.22,172,-22.9004044,-43.2251334,-93,3,724,5,54008577,48721,10,-12,5,
487,4, 2024.09.09_15.32.23,160,-22.9004041,-43.2251326,-93,3,724,5,54008577,48721,10,-12,5,
488,4, 2024.09.09_15.32.24,259,-22.9004041,-43.2251326,-93,3,724,5,54008577,48721,10,-12,5,
489,4, 2024.09.09_15.32.25,229,-22.9004041,-43.2251326,-93,3,724,5,54008577,48721,10,-12,5,
490,4, 2024.09.09_15.32.26,172,-22.900393,-43.2250656,-93,3,724,5,54008577,48721,10,-12,5,
491,4, 2024.09.09_15.32.27,145,-22.900393,-43.2250656,-93,3,724,5,54008577,48721,10,-12,5,
492,4, 2024.09.09_15.32.28,229,-22.9003959,-43.2250573,-93,3,724,5,54008577,48721,10,-13,7,
493,4, 2024.09.09_15.32.29,185,-22.9003959,-43.2250573,-93,3,724,5,54008577,48721,10,-13,7,
494,4, 2024.09.09_15.32.30,138,-22.9003959,-43.2250573,-93,3,724,5,54008577,48721,10,-13,7,
495,4, 2024.09.09_15.32.31,99,-22.9004423,-43.2250934,-93,3,724,5,54008577,48721,10,-13,7,
496,4, 2024.09.09_15.32.32,222,-22.9004423,-43.2250934,-93,3,724,5,54008577,48721,10,-13,7,
497,4, 2024.09.09_15.32.33,126,-22.9004423,-43.2250934,-93,3,724,5,54008577,48721,10,-11,8,
498,4, 2024.09.09_15.32.34,187,-22.9004484,-43.2250929,-93,3,724,5,54008577,48721,10,-11,8,
499,4, 2024.09.09_15.32.35,105,-22.9004484,-43.2250929,-93,3,724,5,54008577,48721,10,-11,8,
500,4, 2024.09.09_15.32.36,104,-22.9003887,-43.2251937,-93,3,724,5,54008577,48721,10,-11,8,
501,4, 2024.09.09_15.32.37,172,-22.9003887,-43.2251937,-93,3,724,5,54008577,48721,10,-11,8,
502,4, 2024.09.09_15.32.38,99,-22.9003887,-43.2251937,-96,2,724,5,54008577,48721,10,-13,7,
503,4, 2024.09.09_15.32.39,261,-22.9003785,-43.2252042,-96,2,724,5,54008577,48721,10,-13,7,
504,4, 2024.09.09_15.32.40,128,-22.9003785,-43.2252042,-96,2,724,5,54008577,48721,10,-13,7,
505,4, 2024.09.09_15.32.41,175,-22.9003032,-43.2251872,-96,2,724,5,54008577,48721,10,-13,7,
506,4, 2024.09.09_15.32.42,103,-22.9003032,-43.2251872,-96,2,724,5,54008577,48721,10,-13,7,
507,4, 2024.09.09_15.32.43,150,-22.9003032,-43.2251872,-96,2,724,5,54008577,48721,10,-15,5,
508,4, 2024.09.09_15.32.44,205,-22.900293,-43.225189,-96,2,724,5,54008577,48721,10,-15,5,
509,4, 2024.09.09_15.32.45,155,-22.900293,-43.225189,-96,2,724,5,54008577,48721,10,-15,5,
510,4, 2024.09.09_15.32.46,110,-22.900293,-43.225189,-96,2,724,5,54008577,48721,10,-15,5,
511,4, 2024.09.09_15.32.47,205,-22.9003604,-43.2251732,-96,2,724,5,54008577,48721,10,-15,5,
512,4, 2024.09.09_15.32.48,188,-22.9003604,-43.2251732,-86,3,724,5,54008577,48721,10,-12,6,
513,4, 2024.09.09_15.32.49,134,-22.9003637,-43.2251726,-86,3,724,5,54008577,48721,10,-12,6,
514,4, 2024.09.09_15.32.50,128,-22.9003637,-43.2251726,-86,3,724,5,54008577,48721,10,-12,6,
515,4, 2024.09.09_15.32.51,105,-22.9003911,-43.225122,-86,3,724,5,54008577,48721,10,-12,6,
516,4, 2024.09.09_15.32.52,161,-22.9003911,-43.225122,-86,3,724,5,54008577,48721,10,-12,6,
517,4, 2024.09.09_15.32.53,99,-22.9003911,-43.225122,-87,3,724,5,54008577,48721,10,-13,5,
518,4, 2024.09.09_15.32.54,109,-22.9003915,-43.2251224,-87,3,724,5,54008577,48721,10,-13,5,
519,4, 2024.09.09_15.32.55,103,-22.9003915,-43.2251224,-87,3,724,5,54008577,48721,10,-13,5,
520,4, 2024.09.09_15.32.56,142,-22.9003658,-43.2253396,-87,3,724,5,54008577,48721,10,-13,5,
521,4, 2024.09.09_15.32.57,250,-22.9003658,-43.2253396,-87,3,724,5,54008577,48721,10,-13,5,
522,4, 2024.09.09_15.32.58,133,-22.9003658,-43.2253396,-79,4,724,5,54008577,48721,10,-11,7,
523,4, 2024.09.09_15.32.59,117,-22.9003631,-43.2253932,-79,4,724,5,54008577,48721,10,-11,7,
524,4, 2024.09.09_15.33.00,103,-22.9003631,-43.2253932,-79,4,724,5,54008577,48721,10,-11,7,
525,4, 2024.09.09_15.33.01,224,-22.9003631,-43.2253932,-79,4,724,5,54008577,48721,10,-11,7,
526,4, 2024.09.09_15.33.02,216,-22.9005165,-43.2257301,-79,4,724,5,54008577,48721,10,-11,7,
527,4, 2024.09.09_15.33.03,109,-22.9005165,-43.2257301,-79,4,724,5,54008577,48721,10,-11,7,
528,4, 2024.09.09_15.33.04,143,-22.9005165,-43.2257301,-79,4,724,5,54008577,48721,10,-11,7,
529,4, 2024.09.09_15.33.05,219,-22.9005165,-43.2257301,-79,4,724,5,54008577,48721,10,-11,7,
530,4, 2024.09.09_15.33.06,177,-22.9005165,-43.2257301,-79,4,724,5,54008577,48721,10,-11,7,
531,4, 2024.09.09_15.33.07,124,-22.9007754,-43.2262805,-79,4,724,5,54008577,48721,10,-11,7,
532,4, 2024.09.09_15.33.08,120,-22.9007754,-43.2262805,-79,4,724,5,54008577,48721,10,-11,7,
533,4, 2024.09.09_15.33.09,234,-22.9007754,-43.2262805,-79,4,724,5,54008577,48721,10,-11,7,
534,4, 2024.09.09_15.33.10,119,-22.9007754,-43.2262805,-79,4,724,5,54008577,48721,10,-11,7,
535,4, 2024.09.09_15.33.11,155,-22.9007754,-43.2262805,-79,4,724,5,54008577,48721,10,-11,7,
536,4, 2024.09.09_15.33.12,106,-22.9009664,-43.2267192,-79,4,724,5,54008577,48721,10,-11,7,
537,4, 2024.09.09_15.33.13,177,-22.9009664,-43.2267192,-79,4,724,5,54008577,48721,10,-11,7,
538,4, 2024.09.09_15.33.14,146,-22.9009664,-43.2267192,-79,4,724,5,54008577,48721,10,-11,7,
539,4, 2024.09.09_15.33.15,104,-22.9009664,-43.2267192,-79,4,724,5,54008577,48721,10,-11,7,
540,4, 2024.09.09_15.33.16,137,-22.9009664,-43.2267192,-79,4,724,5,54008577,48721,10,-11,7,
541,4, 2024.09.09_15.33.17,106,-22.9011899,-43.2271616,-79,4,724,5,54008577,48721,10,-11,7,
542,4, 2024.09.09_15.33.18,125,-22.9011899,-43.2271616,-79,4,724,5,54008577,48721,10,-11,7,
543,4, 2024.09.09_15.33.19,260,-22.9011899,-43.2271616,-79,4,724,5,54008577,48721,10,-11,7,
544,4, 2024.09.09_15.33.20,116,-22.9011899,-43.2271616,-79,4,724,5,54008577,48721,10,-11,7,
545,4, 2024.09.09_15.33.21,123,-22.9011899,-43.2271616,-79,4,724,5,54008577,48721,10,-11,7,
546,4, 2024.09.09_15.33.22,264,-22.9013405,-43.227453,-79,4,724,5,54008577,48721,10,-11,7,
547,4, 2024.09.09_15.33.23,110,-22.9013405,-43.227453,-79,4,724,5,54008577,48721,10,-11,7,
548,4, 2024.09.09_15.33.24,167,-22.9013405,-43.227453,-79,4,724,5,54008577,48721,10,-11,7,
549,4, 2024.09.09_15.33.25,148,-22.9013405,-43.227453,-79,4,724,5,54008577,48721,10,-11,7,
550,4, 2024.09.09_15.33.26,217,-22.9014804,-43.2275654,-79,4,724,5,54008577,48721,10,-11,7,
551,4, 2024.09.09_15.33.27,187,-22.9014804,-43.2275654,-79,4,724,5,54008577,48721,10,-11,7,
552,4, 2024.09.09_15.33.28,132,-22.9014804,-43.2275654,-79,4,724,5,54008577,48721,10,-11,7,
553,4, 2024.09.09_15.33.29,255,-22.9014804,-43.2275654,-79,4,724,5,54008577,48721,10,-11,7,
554,4, 2024.09.09_15.33.30,337,-22.9014804,-43.2275654,-79,4,724,5,54008577,48721,10,-11,7,
555,4, 2024.09.09_15.33.31,159,-22.9014804,-43.2275654,-98,2,724,5,54008577,48721,10,-15,5,
556,4, 2024.09.09_15.33.32,268,-22.9016723,-43.2275827,-98,2,724,5,54008577,48721,10,-15,5,
557,4, 2024.09.09_15.33.33,231,-22.9018025,-43.227388,-98,2,724,5,54008577,48721,10,-15,5,
558,4, 2024.09.09_15.33.34,196,-22.9018025,-43.227388,-98,2,724,5,54008577,48721,10,-15,5,
559,4, 2024.09.09_15.33.35,150,-22.9018025,-43.227388,-98,2,724,5,54008577,48721,10,-15,5,
560,4, 2024.09.09_15.33.36,253,-22.902118,-43.2271824,-98,2,724,5,54008577,48721,10,-15,5,
561,4, 2024.09.09_15.33.37,122,-22.902118,-43.2271824,-98,2,724,5,54008577,48721,10,-15,5,
562,4, 2024.09.09_15.33.38,142,-22.902118,-43.2271824,-90,3,724,5,54008594,48721,10,-13,-1,
563,4, 2024.09.09_15.33.39,209,-22.902118,-43.2271824,-90,3,724,5,54008594,48721,10,-13,-1,
564,4, 2024.09.09_15.33.40,93,-22.902118,-43.2271824,-90,3,724,5,54008594,48721,10,-13,-1,
565,4, 2024.09.09_15.33.41,134,-22.9023865,-43.2267766,-90,3,724,5,54008594,48721,10,-13,-1,
566,4, 2024.09.09_15.33.42,154,-22.9023865,-43.2267766,-90,3,724,5,54008594,48721,10,-13,-1,
567,4, 2024.09.09_15.33.43,127,-22.9023865,-43.2267766,-90,3,724,5,54008594,48721,10,-13,-1,
568,4, 2024.09.09_15.33.44,140,-22.9023865,-43.2267766,-90,3,724,5,54008594,48721,10,-13,-1,
569,4, 2024.09.09_15.33.45,111,-22.9023865,-43.2267766,-90,3,724,5,54008594,48721,10,-13,-1,
570,4, 2024.09.09_15.33.46,178,-22.9023865,-43.2267766,-90,3,724,5,54008594,48721,10,-13,-1,
571,4, 2024.09.09_15.33.47,171,-22.9028141,-43.2260412,-90,3,724,5,54008594,48721,10,-13,-1,
572,4, 2024.09.09_15.33.48,197,-22.9028141,-43.2260412,-90,3,724,5,54008594,48721,10,-13,-1,
573,4, 2024.09.09_15.33.49,135,-22.9028141,-43.2260412,-90,3,724,5,54008594,48721,10,-13,-1,
574,4, 2024.09.09_15.33.50,101,-22.9028141,-43.2260412,-90,3,724,5,54008594,48721,10,-13,-1,
575,4, 2024.09.09_15.33.51,128,-22.9028141,-43.2260412,-90,3,724,5,54008594,48721,10,-13,-1,
576,4, 2024.09.09_15.33.52,127,-22.9032009,-43.225389,-90,3,724,5,54008594,48721,10,-13,-1,
577,4, 2024.09.09_15.33.53,123,-22.9032009,-43.225389,-90,3,724,5,54008594,48721,10,-13,-1,
578,4, 2024.09.09_15.33.54,112,-22.9032009,-43.225389,-90,3,724,5,54008594,48721,10,-13,-1,
579,4, 2024.09.09_15.33.55,188,-22.9032009,-43.225389,-90,3,724,5,54008594,48721,10,-13,-1,
580,4, 2024.09.09_15.33.56,105,-22.9032009,-43.225389,-90,3,724,5,54008594,48721,10,-13,-1,
581,4, 2024.09.09_15.33.57,147,-22.9035743,-43.2247804,-90,3,724,5,54008594,48721,10,-13,-1,
582,4, 2024.09.09_15.33.58,116,-22.9035743,-43.2247804,-90,3,724,5,54008594,48721,10,-13,-1,
583,4, 2024.09.09_15.33.59,133,-22.9035743,-43.2247804,-90,3,724,5,54008594,48721,10,-13,-1,
584,4, 2024.09.09_15.34.00,139,-22.9035743,-43.2247804,-90,3,724,5,54008594,48721,10,-13,-1,
585,4, 2024.09.09_15.34.01,106,-22.9038419,-43.2241998,-90,3,724,5,54008594,48721,10,-13,-1,
586,4, 2024.09.09_15.34.02,180,-22.9038419,-43.2241998,-90,3,724,5,54008594,48721,10,-13,-1,
587,4, 2024.09.09_15.34.03,97,-22.9038419,-43.2241998,-90,3,724,5,54008594,48721,10,-13,-1,
588,4, 2024.09.09_15.34.04,173,-22.9038419,-43.2241998,-90,3,724,5,54008594,48721,10,-13,-1,
589,4, 2024.09.09_15.34.05,149,-22.9038419,-43.2241998,-90,3,724,5,54008594,48721,10,-13,-1,
590,4, 2024.09.09_15.34.06,287,-22.9038419,-43.2241998,-96,2,724,5,54008594,48721,10,-17,-3,
591,4, 2024.09.09_15.34.07,202,-22.9040974,-43.2234539,-96,2,724,5,54008594,48721,10,-17,-3,
592,4, 2024.09.09_15.34.08,118,-22.9040974,-43.2234539,-103,2,724,5,54007042,48721,10,-17,-3,
593,4, 2024.09.09_15.34.09,125,-22.9040974,-43.2234539,-103,2,724,5,54007042,48721,10,-17,-3,
594,4, 2024.09.09_15.34.10,123,-22.9040974,-43.2234539,-103,2,724,5,54007042,48721,10,-17,-3,
595,4, 2024.09.09_15.34.11,182,-22.9040974,-43.2234539,-103,2,724,5,54007042,48721,10,-17,-3,
596,4, 2024.09.09_15.34.12,109,-22.9041678,-43.2226366,-103,2,724,5,54007042,48721,10,-17,-3,
597,4, 2024.09.09_15.34.13,111,-22.9041678,-43.2226366,-103,2,724,5,54007042,48721,10,-17,-3,
598,4, 2024.09.09_15.34.14,97,-22.9041678,-43.2226366,-103,2,724,5,54007042,48721,10,-17,-3,
599,4, 2024.09.09_15.34.15,117,-22.9041678,-43.2226366,-103,2,724,5,54007042,48721,10,-17,-3,
600,4, 2024.09.09_15.34.16,187,-22.9041678,-43.2226366,-103,2,724,5,54007042,48721,10,-17,-3,
601,4, 2024.09.09_15.34.17,111,-22.9043261,-43.2221374,-103,2,724,5,54007042,48721,10,-17,-3,
602,4, 2024.09.09_15.34.18,151,-22.9043261,-43.2221374,-103,2,724,5,54007042,48721,10,-17,-3,
603,4, 2024.09.09_15.34.19,100,-22.9043261,-43.2221374,-103,2,724,5,54007042,48721,10,-17,-3,
604,4, 2024.09.09_15.34.20,238,-22.9043261,-43.2221374,-103,2,724,5,54007042,48721,10,-17,-3,
605,4, 2024.09.09_15.34.21,104,-22.9043946,-43.2216155,-103,2,724,5,54007042,48721,10,-17,-3,
606,4, 2024.09.09_15.34.22,105,-22.9043946,-43.2216155,-103,2,724,5,54007042,48721,10,-17,-3,
607,4, 2024.09.09_15.34.23,217,-22.9043946,-43.2216155,-103,2,724,5,54007042,48721,10,-17,-3,
608,4, 2024.09.09_15.34.24,124,-22.9043946,-43.2216155,-103,2,724,5,54007042,48721,10,-17,-3,
609,4, 2024.09.09_15.34.25,139,-22.9043946,-43.2216155,-103,2,724,5,54007042,48721,10,-17,-3,
610,4, 2024.09.09_15.34.26,145,-22.9043946,-43.2216155,-103,2,724,5,54007042,48721,10,-17,-3,
611,4, 2024.09.09_15.34.27,142,-22.9044971,-43.2209757,-103,2,724,5,54007042,48721,10,-17,-3,
612,4, 2024.09.09_15.34.28,103,-22.9044971,-43.2209757,-94,3,724,5,55024385,48721,10,-12,2,
613,4, 2024.09.09_15.34.29,162,-22.9044971,-43.2209757,-94,3,724,5,55024385,48721,10,-12,2,
614,4, 2024.09.09_15.34.30,271,-22.9044971,-43.2209757,-94,3,724,5,55024385,48721,10,-12,2,
615,4, 2024.09.09_15.34.31,132,-22.9045419,-43.2206738,-94,3,724,5,55024385,48721,10,-12,2,
616,4, 2024.09.09_15.34.32,121,-22.9045419,-43.2206738,-94,3,724,5,55024385,48721,10,-12,2,
617,4, 2024.09.09_15.34.33,106,-22.9045419,-43.2206738,-94,3,724,5,55024385,48721,10,-12,2,
618,4, 2024.09.09_15.34.34,100,-22.9045419,-43.2206738,-94,3,724,5,55024385,48721,10,-12,2,
619,4, 2024.09.09_15.34.35,126,-22.9045419,-43.2206738,-94,3,724,5,55024385,48721,10,-12,2,
620,4, 2024.09.09_15.34.36,112,-22.9048057,-43.2204768,-94,3,724,5,55024385,48721,10,-12,2,
621,4, 2024.09.09_15.34.37,135,-22.9048057,-43.2204768,-94,3,724,5,55024385,48721,10,-12,2,
622,4, 2024.09.09_15.34.38,126,-22.9048057,-43.2204768,-94,3,724,5,55024385,48721,10,-12,2,
623,4, 2024.09.09_15.34.39,121,-22.9048057,-43.2204768,-94,3,724,5,55024385,48721,10,-12,2,
624,4, 2024.09.09_15.34.40,109,-22.9048057,-43.2204768,-94,3,724,5,55024385,48721,10,-12,2,
625,4, 2024.09.09_15.34.41,136,-22.9054109,-43.2204163,-90,3,724,5,55024385,48721,10,-11,4,
626,4, 2024.09.09_15.34.42,120,-22.9054647,-43.2204365,-90,3,724,5,55024385,48721,10,-11,4,
627,4, 2024.09.09_15.34.43,226,-22.9054647,-43.2204365,-90,3,724,5,55024385,48721,10,-11,4,
628,4, 2024.09.09_15.34.44,152,-22.9054647,-43.2204365,-90,3,724,5,55024385,48721,10,-11,4,
629,4, 2024.09.09_15.34.45,116,-22.9054647,-43.2204365,-90,3,724,5,55024385,48721,10,-11,4,
630,4, 2024.09.09_15.34.46,140,-22.9054647,-43.2204365,-90,3,724,5,55024385,48721,10,-11,4,
631,4, 2024.09.09_15.34.47,90,-22.9062653,-43.2206736,-90,3,724,5,55024385,48721,10,-11,4,
632,4, 2024.09.09_15.34.48,143,-22.9062653,-43.2206736,-90,3,724,5,55024385,48721,10,-11,4,
633,4, 2024.09.09_15.34.49,111,-22.9062653,-43.2206736,-90,3,724,5,55024385,48721,10,-11,4,
634,4, 2024.09.09_15.34.50,117,-22.9062653,-43.2206736,-90,3,724,5,55024385,48721,10,-11,4,
635,4, 2024.09.09_15.34.51,112,-22.9062653,-43.2206736,-90,3,724,5,55024385,48721,10,-11,4,
636,4, 2024.09.09_15.34.52,106,-22.9069281,-43.2211787,-90,3,724,5,55024385,48721,10,-11,4,
637,4, 2024.09.09_15.34.53,213,-22.9069281,-43.2211787,-90,3,724,5,55024385,48721,10,-11,4,
638,4, 2024.09.09_15.34.54,130,-22.9069281,-43.2211787,-90,3,724,5,55024385,48721,10,-11,4,
639,4, 2024.09.09_15.34.55,91,-22.9069281,-43.2211787,-90,3,724,5,55024385,48721,10,-11,4,
640,4, 2024.09.09_15.34.56,127,-22.9074119,-43.2215229,-90,3,724,5,55024385,48721,10,-11,4,
641,4, 2024.09.09_15.34.57,104,-22.9074119,-43.2215229,-90,3,724,5,55024385,48721,10,-11,4,
642,4, 2024.09.09_15.34.58,96,-22.9074119,-43.2215229,-90,3,724,5,55024385,48721,10,-11,4,
643,4, 2024.09.09_15.34.59,117,-22.9074119,-43.2215229,-90,3,724,5,55024385,48721,10,-11,4,
644,4, 2024.09.09_15.35.00,144,-22.9074119,-43.2215229,-87,3,724,5,55024387,48721,10,-15,2,
645,4, 2024.09.09_15.35.01,138,-22.9074119,-43.2215229,-87,3,724,5,55024387,48721,10,-15,2,
646,4, 2024.09.09_15.35.02,136,-22.9080041,-43.222005,-87,3,724,5,55024387,48721,10,-15,2,
647,4, 2024.09.09_15.35.03,149,-22.9080041,-43.222005,-87,3,724,5,55024387,48721,10,-15,2,
648,4, 2024.09.09_15.35.04,89,-22.9080041,-43.222005,-87,3,724,5,55024387,48721,10,-15,2,
649,4, 2024.09.09_15.35.05,96,-22.9080041,-43.222005,-87,3,724,5,55024387,48721,10,-15,2,
650,4, 2024.09.09_15.35.06,96,-22.9083671,-43.222053,-87,3,724,5,55024387,48721,10,-15,2,
651,4, 2024.09.09_15.35.07,178,-22.9083671,-43.222053,-87,3,724,5,55024387,48721,10,-15,2,
652,4, 2024.09.09_15.35.08,137,-22.9083671,-43.222053,-87,3,724,5,55024387,48721,10,-15,2,
653,4, 2024.09.09_15.35.10,267,-22.9083671,-43.222053,-87,3,724,5,55024387,48721,10,-15,2,
654,4, 2024.09.09_15.35.10,125,-22.9086747,-43.2224378,-87,3,724,5,55024387,48721,10,-15,2,
655,4, 2024.09.09_15.35.11,117,-22.9086747,-43.2224378,-87,3,724,5,55024387,48721,10,-15,2,
656,4, 2024.09.09_15.35.13,218,-22.9086747,-43.2224378,-87,3,724,5,55024387,48721,10,-15,2,
657,4, 2024.09.09_15.35.13,145,-22.9086747,-43.2224378,-87,3,724,5,55024387,48721,10,-15,2,
658,4, 2024.09.09_15.35.14,133,-22.9086747,-43.2224378,-87,3,724,5,55024387,48721,10,-15,2,
659,4, 2024.09.09_15.35.15,121,-22.9086747,-43.2224378,-72,4,724,5,55024387,48721,10,-12,10,
660,4, 2024.09.09_15.35.17,169,-22.9089801,-43.2226953,-72,4,724,5,55024387,48721,10,-12,10,
661,4, 2024.09.09_15.35.17,134,-22.9090478,-43.2230231,-72,4,724,5,55024387,48721,10,-12,10,
662,4, 2024.09.09_15.35.18,113,-22.9090478,-43.2230231,-72,4,724,5,55024387,48721,10,-12,10,
663,4, 2024.09.09_15.35.19,114,-22.9090478,-43.2230231,-72,4,724,5,55024387,48721,10,-12,10,
664,4, 2024.09.09_15.35.20,98,-22.9092286,-43.2234453,-72,4,724,5,55024387,48721,10,-12,10,
665,4, 2024.09.09_15.35.21,126,-22.9092286,-43.2234453,-72,4,724,5,55024387,48721,10,-12,10,
666,4, 2024.09.09_15.35.22,112,-22.9092286,-43.2234453,-72,4,724,5,55024387,48721,10,-12,10,
667,4, 2024.09.09_15.35.24,179,-22.9092286,-43.2234453,-72,4,724,5,55024387,48721,10,-12,10,
668,4, 2024.09.09_15.35.24,92,-22.9092286,-43.2234453,-72,4,724,5,55024387,48721,10,-12,10,
669,4, 2024.09.09_15.35.25,106,-22.9092286,-43.2234453,-72,4,724,5,55024387,48721,10,-12,10,
670,4, 2024.09.09_15.35.26,99,-22.9091144,-43.2240642,-72,4,724,5,55024387,48721,10,-12,10,
671,4, 2024.09.09_15.35.27,97,-22.9091144,-43.2240642,-72,4,724,5,55024387,48721,10,-12,10,
672,4, 2024.09.09_15.35.29,142,-22.9091144,-43.2240642,-72,4,724,5,55024387,48721,10,-12,10,
673,4, 2024.09.09_15.35.30,152,-22.9091144,-43.2240642,-72,4,724,5,55024387,48721,10,-12,10,
674,4, 2024.09.09_15.35.31,202,-22.9089228,-43.2244122,-72,4,724,5,55024387,48721,10,-12,10,
675,4, 2024.09.09_15.35.32,104,-22.9089228,-43.2244122,-72,4,724,5,55024387,48721,10,-12,10,
676,4, 2024.09.09_15.35.33,117,-22.9089228,-43.2244122,-72,4,724,5,55024387,48721,10,-12,10,
677,4, 2024.09.09_15.35.34,171,-22.9089228,-43.2244122,-72,4,724,5,55024387,48721,10,-12,10,
678,4, 2024.09.09_15.35.35,126,-22.9089228,-43.2244122,-72,4,724,5,55024387,48721,10,-12,10,
679,4, 2024.09.09_15.35.36,184,-22.9089228,-43.2244122,-72,4,724,5,55024387,48721,10,-12,10,
680,4, 2024.09.09_15.35.37,121,-22.9089691,-43.2251553,-72,4,724,5,55024387,48721,10,-12,10,
681,4, 2024.09.09_15.35.38,247,-22.9089691,-43.2251553,-105,2,724,5,54429185,48721,6,-16,-6,
682,4, 2024.09.09_15.35.39,127,-22.9089691,-43.2251553,-105,2,724,5,54429185,48721,10,-16,-6,
683,4, 2024.09.09_15.35.40,102,-22.9089691,-43.2251553,-105,2,724,5,54429185,48721,10,-16,-6,
684,4, 2024.09.09_15.35.41,285,-22.9089691,-43.2251553,-105,2,724,5,54429185,48721,10,-16,-6,
685,4, 2024.09.09_15.35.42,124,-22.9090273,-43.2254662,-105,2,724,5,54429185,48721,10,-16,-6,
686,4, 2024.09.09_15.35.43,198,-22.9090273,-43.2254662,-96,2,724,5,54937601,48721,10,-12,-8,
687,4, 2024.09.09_15.35.44,145,-22.9090273,-43.2254662,-96,2,724,5,54937601,48721,10,-12,-8,
688,4, 2024.09.09_15.35.45,303,-22.9090273,-43.2254662,-96,2,724,5,54937601,48721,10,-12,-8,
689,4, 2024.09.09_15.35.46,288,-22.9091,-43.2256431,-96,2,724,5,54937601,48721,10,-12,-8,
690,4, 2024.09.09_15.35.47,115,-22.9091,-43.2256431,-96,2,724,5,54937601,48721,10,-12,-8,
691,4, 2024.09.09_15.35.48,165,-22.9091,-43.2256431,-96,2,724,5,54937601,48721,10,-12,-8,
692,4, 2024.09.09_15.35.49,106,-22.9091,-43.2256431,-96,2,724,5,54937601,48721,10,-12,-8,
693,4, 2024.09.09_15.35.50,155,-22.9091,-43.2256431,-96,2,724,5,54937601,48721,10,-12,-8,
694,4, 2024.09.09_15.35.51,191,-22.9091,-43.2256431,-95,3,724,5,54937601,48721,10,-13,-4,
695,4, 2024.09.09_15.35.52,150,-22.9092737,-43.225802,-95,3,724,5,54937601,48721,10,-13,-4,
696,4, 2024.09.09_15.35.53,846,-22.9093191,-43.2254896,-103,2,724,5,54429185,48721,6,-13,-4,
697,4, 2024.09.09_15.35.54,359,-22.9093191,-43.2254896,-103,2,724,5,54429185,48721,6,-13,-4,
698,4, 2024.09.09_15.35.55,225,-22.9093191,-43.2254896,-103,2,724,5,54429185,48721,6,-13,-4,
699,4, 2024.09.09_15.35.56,243,-22.9093191,-43.2254896,-103,2,724,5,54429185,48721,6,-13,-4,
700,4, 2024.09.09_15.35.57,239,-22.9093191,-43.2254896,-103,2,724,5,54429185,48721,6,-13,-4,
701,4, 2024.09.09_15.35.58,146,-22.9094431,-43.2246186,-103,2,724,5,54429185,48721,6,-13,-4,
702,4, 2024.09.09_15.35.59,163,-22.9094431,-43.2246186,-103,2,724,5,54429185,48721,6,-13,-4,
703,4, 2024.09.09_15.36.00,149,-22.9094431,-43.2246186,-103,2,724,5,54429185,48721,6,-13,-4,
704,4, 2024.09.09_15.36.01,211,-22.9095484,-43.224195,-103,2,724,5,54429185,48721,6,-13,-4,
705,4, 2024.09.09_15.36.02,216,-22.9095484,-43.224195,-103,2,724,5,54429185,48721,6,-13,-4,
706,4, 2024.09.09_15.36.03,302,-22.9095484,-43.224195,-89,3,724,5,55024387,48721,6,-13,-3,
707,4, 2024.09.09_15.36.04,161,-22.9095484,-43.224195,-89,3,724,5,55024387,48721,10,-13,-3,
708,4, 2024.09.09_15.36.05,173,-22.9095484,-43.224195,-89,3,724,5,55024387,48721,10,-13,-3,
709,4, 2024.09.09_15.36.06,137,-22.9100293,-43.2238438,-89,3,724,5,55024387,48721,10,-13,-3,
710,4, 2024.09.09_15.36.07,132,-22.9100293,-43.2238438,-88,3,724,5,54429213,48721,6,-13,-3,
711,4, 2024.09.09_15.36.08,176,-22.9100293,-43.2238438,-88,3,724,5,54429213,48721,6,-13,-3,
712,4, 2024.09.09_15.36.09,128,-22.9100293,-43.2238438,-88,3,724,5,54429213,48721,6,-13,-3,
713,4, 2024.09.09_15.36.10,152,-22.9100293,-43.2238438,-88,3,724,5,54429213,48721,6,-13,-3,
714,4, 2024.09.09_15.36.11,306,-22.9100293,-43.2238438,-88,3,724,5,54429213,48721,6,-13,-3,
715,4, 2024.09.09_15.36.12,230,-22.9105703,-43.2243704,-88,3,724,5,54429213,48721,6,-13,-3,
716,4, 2024.09.09_15.36.13,164,-22.9105703,-43.2243704,-88,3,724,5,54429213,48721,6,-13,-3,
717,4, 2024.09.09_15.36.14,190,-22.9105703,-43.2243704,-88,3,724,5,54429213,48721,6,-13,-3,
718,4, 2024.09.09_15.36.15,144,-22.9105703,-43.2243704,-88,3,724,5,54429213,48721,6,-13,-3,
719,4, 2024.09.09_15.36.16,190,-22.9106881,-43.2251019,-88,3,724,5,54429213,48721,6,-13,-3,
720,4, 2024.09.09_15.36.17,604,-22.9106881,-43.2251019,-94,3,724,5,54937629,48721,6,-16,-3,
721,4, 2024.09.09_15.36.18,154,-22.9106881,-43.2251019,-94,3,724,5,54937629,48721,10,-16,-3,
722,4, 2024.09.09_15.36.19,198,-22.9106881,-43.2251019,-94,3,724,5,54937629,48721,10,-16,-3,
723,4, 2024.09.09_15.36.20,162,-22.9106881,-43.2251019,-93,3,724,5,54937631,48721,10,-16,-4,
724,4, 2024.09.09_15.36.21,605,-22.9106881,-43.2251019,-87,3,724,5,54429201,48721,6,-16,-2,
725,4, 2024.09.09_15.36.22,264,-22.9107804,-43.2260871,-86,3,724,5,54429201,48721,6,-15,-2,
726,4, 2024.09.09_15.36.23,173,-22.9107696,-43.2260992,-86,3,724,5,54429201,48721,6,-15,-2,
727,4, 2024.09.09_15.36.24,141,-22.9107696,-43.2260992,-86,3,724,5,54429201,48721,6,-15,-2,
728,4, 2024.09.09_15.36.25,303,-22.9107696,-43.2260992,-86,3,724,5,54429201,48721,6,-15,-2,
729,4, 2024.09.09_15.36.26,255,-22.9107676,-43.2266504,-86,3,724,5,54429201,48721,6,-15,-2,
730,4, 2024.09.09_15.36.27,135,-22.9107676,-43.2266504,-86,3,724,5,54429201,48721,6,-15,-2,
731,4, 2024.09.09_15.36.28,112,-22.9107676,-43.2266504,-86,3,724,5,54429201,48721,6,-15,-2,
732,4, 2024.09.09_15.36.29,142,-22.9107676,-43.2266504,-86,3,724,5,54429201,48721,6,-15,-2,
733,4, 2024.09.09_15.36.30,137,-22.9107676,-43.2266504,-86,3,724,5,54429201,48721,6,-15,-2,
734,4, 2024.09.09_15.36.31,154,-22.9106944,-43.227497,-86,3,724,5,54429201,48721,6,-15,-2,
735,4, 2024.09.09_15.36.32,132,-22.9106944,-43.227497,-86,3,724,5,54429201,48721,6,-15,-2,
736,4, 2024.09.09_15.36.33,147,-22.9106944,-43.227497,-86,3,724,5,54429201,48721,6,-15,-2,
737,4, 2024.09.09_15.36.34,142,-22.9106944,-43.227497,-86,3,724,5,54429201,48721,6,-15,-2,
738,4, 2024.09.09_15.36.35,146,-22.9106944,-43.227497,-86,3,724,5,54429201,48721,6,-15,-2,
739,4, 2024.09.09_15.36.36,124,-22.9106944,-43.227497,-86,3,724,5,54429201,48721,6,-15,-2,
740,4, 2024.09.09_15.36.37,153,-22.9105674,-43.2284578,-86,3,724,5,54429201,48721,6,-15,-2,
741,4, 2024.09.09_15.36.39,1150,-22.9105674,-43.2284578,-86,3,724,5,54429201,48721,6,-15,-2,
742,4, 2024.09.09_15.36.40,1135,-22.9105674,-43.2284578,-86,3,724,5,54429201,48721,6,-15,-2,
743,4, 2024.09.09_15.36.40,138,-22.9105674,-43.2284578,-86,3,724,5,54429201,48721,6,-15,-2,
744,4, 2024.09.09_15.36.41,166,-22.9104705,-43.2291157,-86,3,724,5,54429201,48721,6,-15,-2,
745,4, 2024.09.09_15.36.42,123,-22.9104705,-43.2291157,-86,3,724,5,54429201,48721,6,-15,-2,
746,4, 2024.09.09_15.36.43,122,-22.9104705,-43.2291157,-86,3,724,5,54429201,48721,6,-15,-2,
747,4, 2024.09.09_15.36.44,135,-22.9104705,-43.2291157,-86,3,724,5,54429201,48721,6,-15,-2,
748,4, 2024.09.09_15.36.45,135,-22.9104705,-43.2291157,-86,3,724,5,54429201,48721,6,-15,-2,
749,4, 2024.09.09_15.36.46,88,-22.9104705,-43.2291157,-86,3,724,5,54429201,48721,10,-15,-2,
750,4, 2024.09.09_15.36.47,102,-22.9103564,-43.2300417,-86,3,724,5,54429201,48721,10,-15,-2,
751,4, 2024.09.09_15.36.49,1620,-22.9103564,-43.2300417,-86,3,724,5,54429201,48721,10,-15,-2,
752,4, 2024.09.09_15.36.49,652,-22.9103564,-43.2300417,-86,3,724,5,54429201,48721,10,-15,-2,
753,4, 2024.09.09_15.36.50,98,-22.9103564,-43.2300417,-86,3,724,5,54429201,48721,10,-15,-2,
754,4, 2024.09.09_15.36.51,139,-22.9103458,-43.2306273,-86,3,724,5,54429201,48721,10,-15,-2,
755,4, 2024.09.09_15.36.52,86,-22.9103458,-43.2306273,-86,3,724,5,54429201,48721,10,-15,-2,
756,4, 2024.09.09_15.36.53,211,-22.9103458,-43.2306273,-86,3,724,5,54429201,48721,10,-15,-2,
757,4, 2024.09.09_15.36.54,131,-22.9103458,-43.2306273,-69,4,724,5,54429202,48721,10,-12,9,
758,4, 2024.09.09_15.36.55,222,-22.9103458,-43.2306273,-69,4,724,5,54429202,48721,10,-12,9,
759,4, 2024.09.09_15.36.56,321,-22.9102667,-43.2315468,-67,4,724,5,54429202,48721,10,-12,8,
760,4, 2024.09.09_15.36.57,256,-22.9102641,-43.2315599,-67,4,724,5,54429202,48721,10,-12,8,
761,4, 2024.09.09_15.36.58,102,-22.9102641,-43.2315599,-67,4,724,5,54429202,48721,10,-12,8,
762,4, 2024.09.09_15.36.59,95,-22.9102641,-43.2315599,-67,4,724,5,54429202,48721,10,-12,8,
763,4, 2024.09.09_15.37.00,322,-22.9102641,-43.2315599,-67,4,724,5,54429202,48721,10,-12,8,
764,4, 2024.09.09_15.37.01,108,-22.9102755,-43.2323006,-67,4,724,5,54429202,48721,10,-12,8,
765,4, 2024.09.09_15.37.02,143,-22.9102755,-43.2323006,-67,4,724,5,54429202,48721,10,-12,8,
766,4, 2024.09.09_15.37.03,581,-22.9102755,-43.2323006,-67,4,724,5,54305037,48721,10,-8,6,
767,4, 2024.09.09_15.37.04,238,-22.9102755,-43.2323006,-67,4,724,5,54305037,48721,10,-8,6,
768,4, 2024.09.09_15.37.05,270,-22.9102755,-43.2323006,-67,4,724,5,54305037,48721,10,-8,6,
769,4, 2024.09.09_15.37.06,256,-22.9102743,-43.2327942,-67,4,724,5,54305037,48721,10,-8,6,
770,4, 2024.09.09_15.37.07,198,-22.9102743,-43.2327942,-67,4,724,5,54305037,48721,10,-8,6,
771,4, 2024.09.09_15.37.08,561,-22.9102743,-43.2327942,-67,4,724,5,54305037,48721,10,-8,6,
772,4, 2024.09.09_15.37.10,98,-22.9102743,-43.2327942,-86,3,724,5,54305026,48721,10,-14,1,
773,4, 2024.09.09_15.37.10,1285,-22.9102743,-43.2327942,-86,3,724,5,54305026,48721,10,-14,1,
774,4, 2024.09.09_15.37.11,119,-22.9101896,-43.2330034,-86,3,724,5,54305026,48721,10,-14,1,
775,4, 2024.09.09_15.37.12,144,-22.9101896,-43.2330034,-86,3,724,5,54305026,48721,10,-14,1,
776,4, 2024.09.09_15.37.13,255,-22.9101896,-43.2330034,-86,3,724,5,54305026,48721,10,-14,1,
777,4, 2024.09.09_15.37.14,95,-22.9101896,-43.2330034,-86,3,724,5,54305026,48721,10,-14,1,
778,4, 2024.09.09_15.37.15,116,-22.9101896,-43.2330034,-86,3,724,5,54305026,48721,10,-14,1,
779,4, 2024.09.09_15.37.16,316,-22.9101862,-43.233034,-82,4,724,5,54971905,48721,10,-11,-2,
780,4, 2024.09.09_15.37.17,320,-22.9101885,-43.2330307,-82,4,724,5,54971905,48721,10,-11,-2,
781,4, 2024.09.09_15.37.18,88,-22.9101885,-43.2330307,-82,4,724,5,54971905,48721,10,-11,-2,
782,4, 2024.09.09_15.37.19,222,-22.9101885,-43.2330307,-82,4,724,5,54971905,48721,10,-11,-2,
783,4, 2024.09.09_15.37.20,90,-22.9101885,-43.2330307,-82,4,724,5,54971905,48721,10,-11,-2,
784,4, 2024.09.09_15.37.21,88,-22.91019,-43.233265,-77,4,724,5,54971905,48721,10,-11,1,
785,4, 2024.09.09_15.37.22,171,-22.9101865,-43.2332901,-77,4,724,5,54971905,48721,10,-11,1,
786,4, 2024.09.09_15.37.23,146,-22.9101865,-43.2332901,-77,4,724,5,54971905,48721,10,-11,1,
787,4, 2024.09.09_15.37.24,212,-22.9101865,-43.2332901,-77,4,724,5,54971905,48721,10,-11,1,
788,4, 2024.09.09_15.37.25,324,-22.9101865,-43.2332901,-77,4,724,5,54971905,48721,10,-11,1,
789,4, 2024.09.09_15.37.26,194,-22.9101865,-43.2332901,-81,4,724,5,54971905,48721,10,-14,4,
790,4, 2024.09.09_15.37.27,101,-22.9101895,-43.2337321,-81,4,724,5,54971905,48721,10,-14,4,
791,4, 2024.09.09_15.37.28,103,-22.9101895,-43.2337321,-81,4,724,5,54971905,48721,10,-14,4,
792,4, 2024.09.09_15.37.29,205,-22.9101895,-43.2337321,-81,4,724,5,54971905,48721,10,-14,4,
793,4, 2024.09.09_15.37.30,131,-22.9101895,-43.2337321,-81,4,724,5,54971905,48721,10,-14,4,
794,4, 2024.09.09_15.37.31,282,-22.9101895,-43.2337321,-81,4,724,5,54971905,48721,10,-14,4,
795,4, 2024.09.09_15.37.32,471,-22.9099223,-43.2340686,-81,4,724,5,54971905,48721,10,-14,4,
796,4, 2024.09.09_15.37.33,193,-22.9099223,-43.2340686,-81,4,724,5,54971905,48721,10,-14,4,
797,4, 2024.09.09_15.37.34,266,-22.9099223,-43.2340686,-81,4,724,5,54971905,48721,10,-14,4,
798,4, 2024.09.09_15.37.35,96,-22.9099223,-43.2340686,-81,4,724,5,54971905,48721,10,-14,4,
799,4, 2024.09.09_15.37.36,83,-22.9099223,-43.2340686,-81,4,724,5,54971905,48721,10,-14,4,
800,4, 2024.09.09_15.37.37,86,-22.9099223,-43.2340686,-81,4,724,5,54971905,48721,10,-14,4,
801,4, 2024.09.09_15.37.38,248,-22.9100384,-43.2341776,-91,3,724,5,54305026,48721,10,-16,-2,
802,4, 2024.09.09_15.37.39,138,-22.9100864,-43.2342017,-91,3,724,5,54305026,48721,10,-16,-2,
803,4, 2024.09.09_15.37.40,414,-22.9100864,-43.2342017,-91,3,724,5,54305026,48721,10,-16,-2,
804,4, 2024.09.09_15.37.41,177,-22.9100864,-43.2342017,-91,3,724,5,54971905,48721,6,-14,-4,
805,4, 2024.09.09_15.37.42,150,-22.9100831,-43.2342689,-91,3,724,5,54971905,48721,6,-14,-4,
806,4, 2024.09.09_15.37.43,276,-22.9100831,-43.2342689,-91,3,724,5,54971905,48721,6,-17,-4,
807,4, 2024.09.09_15.37.44,159,-22.9100831,-43.2342853,-91,3,724,5,54971905,48721,6,-17,-4,
808,4, 2024.09.09_15.37.45,171,-22.9100831,-43.2342853,-91,3,724,5,54971905,48721,6,-17,-4,
809,4, 2024.09.09_15.37.46,219,-22.9100831,-43.2342853,-91,3,724,5,54971905,48721,6,-17,-4,
810,4, 2024.09.09_15.37.47,279,-22.9100532,-43.2343077,-91,3,724,5,54971905,48721,6,-17,-4,
811,4, 2024.09.09_15.37.48,275,-22.9100532,-43.2343077,-92,3,724,5,54971905,48721,6,-17,0,
812,4, 2024.09.09_15.37.49,141,-22.9100489,-43.2343128,-92,3,724,5,54971905,48721,6,-17,0,
813,4, 2024.09.09_15.37.50,139,-22.9100489,-43.2343128,-92,3,724,5,54971905,48721,6,-17,0,
814,4, 2024.09.09_15.37.52,786,-22.909999,-43.2340959,-92,3,724,5,54971905,48721,6,-17,0,
815,4, 2024.09.09_15.37.52,412,-22.909999,-43.2340959,-92,3,724,5,54971905,48721,6,-17,0,
816,4, 2024.09.09_15.37.53,249,-22.909999,-43.2340959,-90,3,724,5,54971905,48721,6,-17,2,
817,4, 2024.09.09_15.37.54,192,-22.9099901,-43.2340601,-90,3,724,5,54971905,48721,6,-17,2,
818,4, 2024.09.09_15.37.55,319,-22.9099901,-43.2340601,-90,3,724,5,54971905,48721,6,-17,2,
819,4, 2024.09.09_15.37.56,284,-22.9099901,-43.2340601,-90,3,724,5,54971905,48721,6,-17,2,
820,4, 2024.09.09_15.37.57,346,-22.9099901,-43.2340601,-90,3,724,5,54971905,48721,6,-17,2,
821,4, 2024.09.09_15.37.58,138,-22.9099901,-43.2340601,-91,3,724,5,54971905,48721,6,-16,-1,
822,4, 2024.09.09_15.37.59,165,-22.9101186,-43.2341691,-91,3,724,5,54971905,48721,6,-16,-1,
823,4, 2024.09.09_15.38.00,226,-22.9101186,-43.2341691,-86,3,724,5,54305026,48721,10,-11,-1,
824,4, 2024.09.09_15.38.01,273,-22.9100113,-43.2342233,-86,3,724,5,54305026,48721,10,-11,-1,
825,4, 2024.09.09_15.38.03,909,-22.9100113,-43.2342233,-89,3,724,5,54305026,48721,10,-11,-1,
826,4, 2024.09.09_15.38.03,257,-22.9100113,-43.2342233,-89,3,724,5,54305026,48721,10,-11,-1,
827,4, 2024.09.09_15.38.04,99,-22.9099997,-43.2342903,-89,3,724,5,54305026,48721,10,-11,-1,
828,4, 2024.09.09_15.38.05,267,-22.9099917,-43.2343537,-89,3,724,5,54305026,48721,10,-11,-1,
829,4, 2024.09.09_15.38.06,194,-22.9099917,-43.2343537,-89,3,724,5,54305026,48721,10,-11,-1,
830,4, 2024.09.09_15.38.07,270,-22.9099917,-43.2343537,-89,3,724,5,54305026,48721,10,-11,-1,
831,4, 2024.09.09_15.38.08,106,-22.9099917,-43.2343537,-91,3,724,5,54305026,48721,10,-13,-1,
832,4, 2024.09.09_15.38.09,107,-22.9099901,-43.2343642,-91,3,724,5,54305026,48721,10,-13,-1,
833,4, 2024.09.09_15.38.10,156,-22.9100107,-43.234357,-91,3,724,5,54305026,48721,10,-13,-1,
834,4, 2024.09.09_15.38.12,453,-22.9100107,-43.234357,-91,3,724,5,54305026,48721,10,-13,-1,
835,4, 2024.09.09_15.38.12,102,-22.9100107,-43.234357,-91,3,724,5,54305026,48721,10,-13,-1,
836,4, 2024.09.09_15.38.13,127,-22.9100107,-43.234357,-89,3,724,5,54305026,48721,10,-13,-3,
837,4, 2024.09.09_15.38.14,111,-22.9100096,-43.234364,-89,3,724,5,54305026,48721,10,-13,-3,
838,4, 2024.09.09_15.38.16,392,-22.9100195,-43.234323,-89,3,724,5,54305026,48721,10,-13,-3,
839,4, 2024.09.09_15.38.16,110,-22.9100195,-43.234323,-89,3,724,5,54305026,48721,10,-13,-3,
840,4, 2024.09.09_15.38.17,135,-22.9100195,-43.234323,-89,3,724,5,54305026,48721,10,-13,-3,
841,4, 2024.09.09_15.38.18,239,-22.9100195,-43.234323,-91,3,724,5,54305026,48721,10,-13,-7,
842,4, 2024.09.09_15.38.20,494,-22.910001,-43.2344451,-91,3,724,5,54305026,48721,10,-13,-7,
843,4, 2024.09.09_15.38.21,310,-22.910001,-43.2344451,-91,3,724,5,54305026,48721,10,-13,-7,
844,4, 2024.09.09_15.38.21,262,-22.910001,-43.2344451,-91,3,724,5,54305026,48721,10,-13,-7,
845,4, 2024.09.09_15.38.22,254,-22.910001,-43.2344451,-91,3,724,5,54305026,48721,10,-13,-7,
846,4, 2024.09.09_15.38.23,185,-22.910001,-43.2344451,-88,3,724,5,54305026,48721,10,-10,-6,
847,4, 2024.09.09_15.38.24,163,-22.9099905,-43.2345202,-88,3,724,5,54305026,48721,10,-10,-6,
848,4, 2024.09.09_15.38.27,1590,-22.9099781,-43.2345717,-88,3,724,5,54305026,48721,10,-10,-6,
849,4, 2024.09.09_15.38.27,599,-22.9099781,-43.2345717,-88,3,724,5,54305026,48721,10,-10,-6,
850,4, 2024.09.09_15.38.27,226,-22.9099781,-43.2345717,-88,3,724,5,54305026,48721,10,-10,-6,
851,4, 2024.09.09_15.38.28,209,-22.9099781,-43.2345717,-89,3,724,5,54305026,48721,10,-10,0,
852,4, 2024.09.09_15.38.29,87,-22.9099767,-43.2345807,-89,3,724,5,54305026,48721,10,-10,0,
853,4, 2024.09.09_15.38.30,133,-22.9099642,-43.2345929,-89,3,724,5,54305026,48721,10,-10,0,
854,4, 2024.09.09_15.38.31,147,-22.9099642,-43.2345929,-89,3,724,5,54305026,48721,10,-10,0,
855,4, 2024.09.09_15.38.32,100,-22.9099642,-43.2345929,-89,3,724,5,54305026,48721,10,-10,0,
856,4, 2024.09.09_15.38.33,160,-22.9099642,-43.2345929,-90,3,724,5,54305026,48721,10,-10,0,
857,4, 2024.09.09_15.38.35,277,-22.9099422,-43.2347042,-90,3,724,5,54305026,48721,10,-10,0,
858,4, 2024.09.09_15.38.36,497,-22.9099207,-43.2347841,-90,3,724,5,54305026,48721,10,-10,0,
859,4, 2024.09.09_15.38.36,239,-22.9099207,-43.2347841,-90,3,724,5,54305026,48721,10,-10,0,
860,4, 2024.09.09_15.38.38,900,-22.9099207,-43.2347841,-97,2,724,5,54305026,48721,10,-15,-3,
861,4, 2024.09.09_15.38.39,287,-22.9099207,-43.2347841,-97,2,724,5,54305026,48721,10,-15,-3,
862,4, 2024.09.09_15.38.40,299,-22.9099009,-43.234919,-97,2,724,5,54305026,48721,10,-15,-3,
863,4, 2024.09.09_15.38.40,115,-22.9098884,-43.234998,-97,2,724,5,54305026,48721,10,-15,-3,
864,4, 2024.09.09_15.38.41,124,-22.9098884,-43.234998,-97,2,724,5,54305026,48721,10,-15,-3,
865,4, 2024.09.09_15.38.42,146,-22.9098884,-43.234998,-97,2,724,5,54305026,48721,10,-15,-3,
866,4, 2024.09.09_15.38.44,247,-22.9098884,-43.234998,-97,2,724,5,54305026,48721,10,-15,-3,
867,4, 2024.09.09_15.38.45,277,-22.909884,-43.2350427,-97,2,724,5,54305026,48721,10,-15,-3,
868,4, 2024.09.09_15.38.46,983,-22.909883,-43.235066,-97,2,724,5,54429186,48721,10,-15,-4,
869,4, 2024.09.09_15.38.47,252,-22.909883,-43.235066,-97,2,724,5,54429186,48721,10,-15,-4,
870,4, 2024.09.09_15.38.48,368,-22.909883,-43.235066,-97,2,724,5,54429186,48721,10,-15,-4,
871,4, 2024.09.09_15.38.49,190,-22.909883,-43.235066,-97,2,724,5,54429186,48721,10,-15,-3,
872,4, 2024.09.09_15.38.50,330,-22.9098814,-43.2350915,-97,2,724,5,54429186,48721,10,-15,-3,
873,4, 2024.09.09_15.38.51,483,-22.9098697,-43.2350709,-97,2,724,5,54429186,48721,10,-15,-3,
874,4, 2024.09.09_15.38.52,392,-22.9098697,-43.2350709,-97,2,724,5,54429186,48721,10,-15,-3,
875,4, 2024.09.09_15.38.52,116,-22.9098697,-43.2350709,-97,2,724,5,54429186,48721,10,-15,-3,
876,4, 2024.09.09_15.38.53,138,-22.9098697,-43.2350709,-99,2,724,5,54429186,48721,10,-16,-5,
877,4, 2024.09.09_15.38.55,248,-22.9098654,-43.2350757,-99,2,724,5,54429186,48721,10,-16,-5,
878,4, 2024.09.09_15.38.55,116,-22.9098543,-43.2350798,-99,2,724,5,54429186,48721,10,-16,-5,
879,4, 2024.09.09_15.38.56,110,-22.9098543,-43.2350798,-99,2,724,5,54429186,48721,10,-16,-5,
880,4, 2024.09.09_15.38.57,118,-22.9098543,-43.2350798,-99,2,724,5,54429186,48721,10,-16,-5,
881,4, 2024.09.09_15.38.59,165,-22.9098543,-43.2350798,-100,2,724,5,54429186,48721,10,-16,-4,
882,4, 2024.09.09_15.39.00,545,-22.9098539,-43.235094,-100,2,724,5,54429186,48721,10,-16,-4,
883,4, 2024.09.09_15.39.01,206,-22.9098539,-43.235094,-100,2,724,5,54429186,48721,10,-16,-4,
884,4, 2024.09.09_15.39.02,284,-22.9098539,-43.235094,-100,2,724,5,54429186,48721,10,-16,-4,
885,4, 2024.09.09_15.39.03,257,-22.9098539,-43.235094,-100,2,724,5,54429186,48721,10,-16,-4,
886,4, 2024.09.09_15.39.04,177,-22.9098539,-43.235094,-98,2,724,5,54429186,48721,10,-15,-2,
887,4, 2024.09.09_15.39.05,164,-22.9098573,-43.2351051,-98,2,724,5,54429186,48721,10,-15,-2,
888,4, 2024.09.09_15.39.06,162,-22.9098417,-43.2350901,-98,2,724,5,54429186,48721,10,-15,-2,
889,4, 2024.09.09_15.39.07,160,-22.9098417,-43.2350901,-98,2,724,5,54429186,48721,10,-15,-2,
890,4, 2024.09.09_15.39.08,217,-22.9098417,-43.2350901,-98,2,724,5,54429186,48721,10,-15,-2,
891,4, 2024.09.09_15.39.09,186,-22.9098417,-43.2350901,-97,2,724,5,54429186,48721,10,-17,-2,
892,4, 2024.09.09_15.39.09,101,-22.9098278,-43.2351219,-97,2,724,5,54429186,48721,10,-17,-2,
893,4, 2024.09.09_15.39.11,388,-22.9098347,-43.2351495,-97,2,724,5,54429186,48721,10,-17,-2,
894,4, 2024.09.09_15.39.12,115,-22.9098347,-43.2351495,-97,2,724,5,54429186,48721,10,-17,-2,
895,4, 2024.09.09_15.39.13,133,-22.9098347,-43.2351495,-97,2,724,5,54429186,48721,10,-17,-2,
896,4, 2024.09.09_15.39.14,107,-22.9098347,-43.2351495,-98,2,724,5,54429186,48721,10,-16,-5,
897,4, 2024.09.09_15.39.15,348,-22.9098358,-43.235212,-98,2,724,5,54429186,48721,10,-16,-5,
898,4, 2024.09.09_15.39.16,163,-22.9098336,-43.2352463,-98,2,724,5,54429186,48721,10,-16,-5,
899,4, 2024.09.09_15.39.17,482,-22.9098336,-43.2352463,-93,3,724,5,54305282,48721,10,-14,-4,
900,4, 2024.09.09_15.39.18,154,-22.9098336,-43.2352463,-93,3,724,5,54305282,48721,10,-14,-4,
901,4, 2024.09.09_15.39.19,195,-22.9098336,-43.2352463,-90,3,724,5,54305282,48721,10,-13,-4,
902,4, 2024.09.09_15.39.20,323,-22.9098316,-43.2352886,-90,3,724,5,54305282,48721,10,-13,-4,
903,4, 2024.09.09_15.39.21,120,-22.9098174,-43.2353078,-90,3,724,5,54305282,48721,10,-13,-4,
904,4, 2024.09.09_15.39.22,433,-22.9098174,-43.2353078,-90,3,724,5,54305282,48721,10,-13,-4,
905,4, 2024.09.09_15.39.23,137,-22.9098174,-43.2353078,-90,3,724,5,54305282,48721,10,-13,-4,
906,4, 2024.09.09_15.39.24,338,-22.9098174,-43.2353078,-90,3,724,5,54305282,48721,10,-13,4,
907,4, 2024.09.09_15.39.25,127,-22.9098112,-43.2353325,-90,3,724,5,54305282,48721,10,-13,4,
908,4, 2024.09.09_15.39.26,141,-22.9097879,-43.2353695,-90,3,724,5,54305282,48721,10,-13,4,
909,4, 2024.09.09_15.39.27,129,-22.9097879,-43.2353695,-90,3,724,5,54305282,48721,10,-13,4,
910,4, 2024.09.09_15.39.28,175,-22.9097879,-43.2353695,-90,3,724,5,54305282,48721,10,-13,4,
911,4, 2024.09.09_15.39.29,252,-22.9097879,-43.2353695,-81,4,724,5,54305282,48721,10,-12,11,
912,4, 2024.09.09_15.39.30,169,-22.9097596,-43.2354837,-81,4,724,5,54305282,48721,10,-12,11,
913,4, 2024.09.09_15.39.31,272,-22.909745,-43.2355553,-81,4,724,5,54305282,48721,10,-12,11,
914,4, 2024.09.09_15.39.32,260,-22.909745,-43.2355553,-81,4,724,5,54305282,48721,10,-12,11,
915,4, 2024.09.09_15.39.33,836,-22.909745,-43.2355553,-81,4,724,5,54305282,48721,10,-12,11,
916,4, 2024.09.09_15.39.34,193,-22.909745,-43.2355553,-81,4,724,5,54305282,48721,10,-12,11,
917,4, 2024.09.09_15.39.35,259,-22.909738,-43.2356166,-81,4,724,5,54305282,48721,10,-12,11,
918,4, 2024.09.09_15.39.36,240,-22.9097344,-43.2356605,-81,4,724,5,54305282,48721,10,-12,11,
919,4, 2024.09.09_15.39.37,268,-22.9097344,-43.2356605,-81,4,724,5,54305282,48721,10,-12,11,
920,4, 2024.09.09_15.39.38,154,-22.9097344,-43.2356605,-81,4,724,5,54305282,48721,10,-12,11,
921,4, 2024.09.09_15.39.39,131,-22.9097344,-43.2356605,-85,4,724,5,54305282,48721,10,-15,11,
922,4, 2024.09.09_15.39.40,202,-22.9097297,-43.2357325,-85,4,724,5,54305282,48721,10,-15,11,
923,4, 2024.09.09_15.39.41,237,-22.9097311,-43.2357534,-85,4,724,5,54305282,48721,10,-15,11,
924,4, 2024.09.09_15.39.42,303,-22.9097311,-43.2357534,-85,4,724,5,54305282,48721,10,-15,11,
925,4, 2024.09.09_15.39.43,267,-22.9097311,-43.2357534,-85,4,724,5,54305282,48721,10,-15,11,
926,4, 2024.09.09_15.39.44,259,-22.9097311,-43.2357534,-86,3,724,5,54305282,48721,10,-14,11,
927,4, 2024.09.09_15.39.45,427,-22.909731,-43.2357495,-86,3,724,5,54305282,48721,10,-14,11,
928,4, 2024.09.09_15.39.46,122,-22.909731,-43.2357495,-86,3,724,5,54305282,48721,10,-14,11,
929,4, 2024.09.09_15.39.47,117,-22.909731,-43.2357495,-86,3,724,5,54305282,48721,10,-14,11,
930,4, 2024.09.09_15.39.48,120,-22.909731,-43.2357495,-86,3,724,5,54305282,48721,10,-14,11,
931,4, 2024.09.09_15.39.49,134,-22.909731,-43.2357495,-81,4,724,5,54305282,48721,10,-14,10,
932,4, 2024.09.09_15.39.50,164,-22.9097301,-43.2357634,-81,4,724,5,54305282,48721,10,-14,10,
933,4, 2024.09.09_15.39.51,136,-22.9097331,-43.2357779,-81,4,724,5,54305282,48721,10,-14,10,
934,4, 2024.09.09_15.39.52,245,-22.9097331,-43.2357779,-81,4,724,5,54305282,48721,10,-14,10,
935,4, 2024.09.09_15.39.53,261,-22.9097331,-43.2357779,-81,4,724,5,54305282,48721,10,-14,10,
936,4, 2024.09.09_15.39.54,95,-22.9097331,-43.2357779,-85,4,724,5,54305282,48721,10,-13,10,
937,4, 2024.09.09_15.39.55,196,-22.9097355,-43.2358229,-85,4,724,5,54305282,48721,10,-13,10,
938,4, 2024.09.09_15.39.56,239,-22.9097283,-43.2359132,-85,4,724,5,54305282,48721,10,-13,10,
939,4, 2024.09.09_15.39.57,123,-22.9097283,-43.2359132,-85,4,724,5,54305282,48721,10,-13,10,
940,4, 2024.09.09_15.39.58,118,-22.9097283,-43.2359132,-85,4,724,5,54305282,48721,10,-13,10,
941,4, 2024.09.09_15.39.59,148,-22.9097283,-43.2359132,-85,4,724,5,54305282,48721,10,-13,10,
942,4, 2024.09.09_15.40.00,250,-22.9096717,-43.2361453,-86,3,724,5,54305282,48721,10,-13,9,
943,4, 2024.09.09_15.40.01,104,-22.9096717,-43.2361453,-86,3,724,5,54305282,48721,10,-13,9,
944,4, 2024.09.09_15.40.02,106,-22.9096695,-43.2361509,-86,3,724,5,54305282,48721,10,-13,9,
945,4, 2024.09.09_15.40.03,134,-22.9096695,-43.2361509,-86,3,724,5,54305282,48721,10,-13,9,
946,4, 2024.09.09_15.40.04,786,-22.9096695,-43.2361509,-86,3,724,5,54305282,48721,10,-13,9,
947,4, 2024.09.09_15.40.05,238,-22.909599,-43.2363135,-86,3,724,5,54305282,48721,10,-13,9,
948,4, 2024.09.09_15.40.06,84,-22.909599,-43.2363135,-86,3,724,5,54305282,48721,10,-13,9,
949,4, 2024.09.09_15.40.20,7197,-22.9094087,-43.2368302,-78,4,724,5,54305282,48721,10,-13,11,
950,4, 2024.09.09_15.40.20,3183,-22.9094087,-43.2368302,-78,4,724,5,54305282,48721,10,-13,11,
951,4, 2024.09.09_15.40.20,1209,-22.9094087,-43.2368302,-78,4,724,5,54305282,48721,10,-13,11,
952,4, 2024.09.09_15.40.20,197,-22.9094087,-43.2368302,-78,4,724,5,54305282,48721,10,-13,11,
953,4, 2024.09.09_15.40.21,7223,-22.9094078,-43.2368321,-78,4,724,5,54305282,48721,10,-13,11,
954,4, 2024.09.09_15.40.21,3175,-22.9094078,-43.2368321,-78,4,724,5,54305282,48721,10,-13,11,
955,4, 2024.09.09_15.40.21,163,-22.9094078,-43.2368321,-78,4,724,5,54305282,48721,10,-13,11,
956,4, 2024.09.09_15.40.22,153,-22.9094078,-43.2368321,-78,4,724,5,54305282,48721,10,-13,11,
957,4, 2024.09.09_15.40.22,7241,-22.9094078,-43.2368321,-78,4,724,5,54305282,48721,10,-13,11,
958,4, 2024.09.09_15.40.23,203,-22.9094078,-43.2368321,-78,4,724,5,54305282,48721,10,-13,11,
959,4, 2024.09.09_15.40.23,7279,-22.9094078,-43.2368321,-78,4,724,5,54305282,48721,10,-13,11,
960,4, 2024.09.09_15.40.24,208,-22.9094078,-43.2368321,-78,4,724,5,54305282,48721,10,-13,11,
961,4, 2024.09.09_15.40.25,203,-22.9093496,-43.2369605,-78,4,724,5,54305282,48721,10,-13,11,
962,4, 2024.09.09_15.40.26,189,-22.9093496,-43.2369605,-78,4,724,5,54305282,48721,10,-13,11,
963,4, 2024.09.09_15.40.27,169,-22.9093496,-43.2369605,-78,4,724,5,54305282,48721,10,-13,11,
964,4, 2024.09.09_15.40.28,219,-22.9093496,-43.2369605,-78,4,724,5,54305282,48721,10,-13,11,
965,4, 2024.09.09_15.40.29,167,-22.9093496,-43.2369605,-78,4,724,5,54305282,48721,10,-13,11,
966,4, 2024.09.09_15.40.30,153,-22.9091857,-43.2372898,-76,4,724,5,54305282,48721,10,-14,4,
967,4, 2024.09.09_15.40.31,134,-22.9091838,-43.2372949,-76,4,724,5,54305282,48721,10,-14,4,
968,4, 2024.09.09_15.40.33,1514,-22.9091838,-43.2372949,-76,4,724,5,54305282,48721,10,-14,4,
969,4, 2024.09.09_15.40.33,518,-22.9091838,-43.2372949,-76,4,724,5,54305282,48721,10,-14,4,
970,4, 2024.09.09_15.40.34,153,-22.9091838,-43.2372949,-76,4,724,5,54305282,48721,10,-14,4,
971,4, 2024.09.09_15.40.35,152,-22.9093328,-43.2374649,-76,4,724,5,54305282,48721,10,-14,4,
972,4, 2024.09.09_15.40.36,84,-22.9093328,-43.2374649,-76,4,724,5,54305282,48721,10,-14,4,
973,4, 2024.09.09_15.40.37,125,-22.9093328,-43.2374649,-76,4,724,5,54305282,48721,10,-14,4,
974,4, 2024.09.09_15.40.38,95,-22.9093328,-43.2374649,-76,4,724,5,54305282,48721,10,-14,4,
975,4, 2024.09.09_15.40.39,182,-22.9093328,-43.2374649,-76,4,724,5,54305282,48721,10,-14,4,
976,4, 2024.09.09_15.40.40,104,-22.909542,-43.2373409,-76,4,724,5,54305282,48721,10,-14,4,
977,4, 2024.09.09_15.40.41,108,-22.909542,-43.2373409,-76,4,724,5,54305282,48721,10,-14,4,
978,4, 2024.09.09_15.40.42,113,-22.909542,-43.2373409,-76,4,724,5,54305282,48721,10,-14,4,
979,4, 2024.09.09_15.40.43,150,-22.909542,-43.2373409,-76,4,724,5,54305282,48721,10,-14,4,
980,4, 2024.09.09_15.40.44,118,-22.909542,-43.2373409,-76,4,724,5,54305282,48721,10,-14,4,
981,4, 2024.09.09_15.40.45,125,-22.9097211,-43.2369162,-76,4,724,5,54305282,48721,10,-14,4,
982,4, 2024.09.09_15.40.46,197,-22.9097211,-43.2369162,-76,4,724,5,54305282,48721,10,-14,4,
983,4, 2024.09.09_15.40.47,112,-22.9097211,-43.2369162,-76,4,724,5,54305282,48721,10,-14,4,
984,4, 2024.09.09_15.40.48,90,-22.9097211,-43.2369162,-76,4,724,5,54305282,48721,10,-14,4,
985,4, 2024.09.09_15.40.49,94,-22.9097211,-43.2369162,-76,4,724,5,54305282,48721,10,-14,4,
986,4, 2024.09.09_15.40.50,201,-22.9098572,-43.2363873,-76,4,724,5,54305282,48721,10,-14,4,
987,4, 2024.09.09_15.40.51,94,-22.9098572,-43.2363873,-76,4,724,5,54305282,48721,10,-14,4,
988,4, 2024.09.09_15.40.52,93,-22.9098572,-43.2363873,-76,4,724,5,54305282,48721,10,-14,4,
989,4, 2024.09.09_15.40.53,491,-22.9098572,-43.2363873,-76,4,724,5,54305282,48721,10,-14,4,
990,4, 2024.09.09_15.40.54,130,-22.9098572,-43.2363873,-76,4,724,5,54305282,48721,10,-14,4,
991,4, 2024.09.09_15.40.55,113,-22.9100816,-43.2359628,-76,4,724,5,54305282,48721,10,-14,4,
992,4, 2024.09.09_15.40.56,103,-22.9100816,-43.2359628,-76,4,724,5,54305282,48721,10,-14,4,
993,4, 2024.09.09_15.40.57,179,-22.9100816,-43.2359628,-76,4,724,5,54305282,48721,10,-14,4,
994,4, 2024.09.09_15.40.58,93,-22.9100816,-43.2359628,-76,4,724,5,54305282,48721,10,-14,4,
995,4, 2024.09.09_15.40.59,112,-22.9100816,-43.2359628,-76,4,724,5,54305282,48721,10,-14,4,
996,4, 2024.09.09_15.41.00,115,-22.9101198,-43.2356664,-76,4,724,5,54305282,48721,10,-14,4,
997,4, 2024.09.09_15.41.01,90,-22.9101198,-43.2356664,-76,4,724,5,54305282,48721,10,-14,4,
998,4, 2024.09.09_15.41.02,131,-22.9101198,-43.2356664,-76,4,724,5,54305282,48721,10,-14,4,
999,4, 2024.09.09_15.41.03,232,-22.9101198,-43.2356664,-81,4,724,5,54423070,48721,10,-13,0,
1000,4, 2024.09.09_15.41.04,111,-22.9101198,-43.2356664,-81,4,724,5,54423070,48721,10,-13,0,
1001,4, 2024.09.09_15.41.05,159,-22.9101416,-43.2352503,-81,4,724,5,54423070,48721,10,-13,0,
1002,4, 2024.09.09_15.41.06,124,-22.9101416,-43.2352503,-81,4,724,5,54423070,48721,10,-13,0,
1003,4, 2024.09.09_15.41.07,191,-22.9101416,-43.2352503,-81,4,724,5,54423070,48721,10,-13,0,
1004,4, 2024.09.09_15.41.08,88,-22.9101416,-43.2352503,-81,4,724,5,54423070,48721,10,-13,0,
1005,4, 2024.09.09_15.41.09,123,-22.9101416,-43.2352503,-81,4,724,5,54423070,48721,10,-13,0,
1006,4, 2024.09.09_15.41.10,93,-22.9102031,-43.2348035,-81,4,724,5,54423070,48721,10,-13,0,
1007,4, 2024.09.09_15.41.11,284,-22.9102031,-43.2348035,-81,4,724,5,54423070,48721,10,-13,0,
1008,4, 2024.09.09_15.41.12,147,-22.9102031,-43.2348035,-85,4,724,5,54305026,48721,10,-12,-4,
1009,4, 2024.09.09_15.41.13,112,-22.9102031,-43.2348035,-85,4,724,5,54305026,48721,10,-12,-4,
1010,4, 2024.09.09_15.41.14,165,-22.9102031,-43.2348035,-85,4,724,5,54305026,48721,10,-12,-4,
1011,4, 2024.09.09_15.41.15,101,-22.9102295,-43.2344179,-85,4,724,5,54305026,48721,10,-12,-4,
1012,4, 2024.09.09_15.41.16,350,-22.9102295,-43.2344179,-85,4,724,5,54305026,48721,10,-12,-4,
1013,4, 2024.09.09_15.41.17,272,-22.9102295,-43.2344179,-85,4,724,5,54305026,48721,10,-12,-4,
1014,4, 2024.09.09_15.41.18,99,-22.9102295,-43.2344179,-85,4,724,5,54305026,48721,10,-12,-4,
1015,4, 2024.09.09_15.41.19,95,-22.9102295,-43.2344179,-85,4,724,5,54305026,48721,10,-12,-4,
1016,4, 2024.09.09_15.41.20,104,-22.9104007,-43.2342051,-85,4,724,5,54305026,48721,10,-12,-4,
1017,4, 2024.09.09_15.41.21,245,-22.9104007,-43.2342051,-85,4,724,5,54305026,48721,10,-12,-4,
1018,4, 2024.09.09_15.41.22,93,-22.9104007,-43.2342051,-85,4,724,5,54305026,48721,10,-12,-4,
1019,4, 2024.09.09_15.41.23,122,-22.9104007,-43.2342051,-85,4,724,5,54305026,48721,10,-12,-4,
1020,4, 2024.09.09_15.41.24,111,-22.9104007,-43.2342051,-85,4,724,5,54305026,48721,10,-12,-4,
1021,4, 2024.09.09_15.41.25,203,-22.9107144,-43.2339827,-85,4,724,5,54305026,48721,10,-12,-4,
1022,4, 2024.09.09_15.41.26,436,-22.9107144,-43.2339827,-76,4,724,5,54971905,48721,10,-12,-3,
1023,4, 2024.09.09_15.41.27,137,-22.9107144,-43.2339827,-76,4,724,5,54971905,48721,10,-12,-3,
1024,4, 2024.09.09_15.41.28,99,-22.9107144,-43.2339827,-76,4,724,5,54971905,48721,10,-12,-3,
1025,4, 2024.09.09_15.41.29,95,-22.9107144,-43.2339827,-76,4,724,5,54971905,48721,10,-12,-3,
1026,4, 2024.09.09_15.41.30,151,-22.9111717,-43.2339092,-76,4,724,5,54971905,48721,10,-12,-3,
1027,4, 2024.09.09_15.41.31,73,-22.9111717,-43.2339092,-76,4,724,5,54971905,48721,10,-12,-3,
1028,4, 2024.09.09_15.41.32,104,-22.9111717,-43.2339092,-76,4,724,5,54971905,48721,10,-12,-3,
1029,4, 2024.09.09_15.41.33,87,-22.9111717,-43.2339092,-76,4,724,5,54971905,48721,10,-12,-3,
1030,4, 2024.09.09_15.41.34,111,-22.9111717,-43.2339092,-76,4,724,5,54971905,48721,10,-12,-3,
1031,4, 2024.09.09_15.41.35,113,-22.9113709,-43.2339898,-69,4,724,5,54971905,48721,10,-8,7,
1032,4, 2024.09.09_15.41.36,104,-22.9113651,-43.2339929,-69,4,724,5,54971905,48721,10,-8,7,
1033,4, 2024.09.09_15.41.37,162,-22.9113651,-43.2339929,-69,4,724,5,54971905,48721,10,-8,7,
1034,4, 2024.09.09_15.41.38,261,-22.9113651,-43.2339929,-69,4,724,5,54971905,48721,10,-8,7,
1035,4, 2024.09.09_15.41.39,99,-22.9113651,-43.2339929,-69,4,724,5,54971905,48721,10,-8,7,
1036,4, 2024.09.09_15.41.40,97,-22.9114046,-43.2340538,-72,4,724,5,54971905,48721,10,-10,11,
1037,4, 2024.09.09_15.41.41,116,-22.9114143,-43.234057,-72,4,724,5,54971905,48721,10,-10,11,
1038,4, 2024.09.09_15.41.42,112,-22.9114143,-43.234057,-72,4,724,5,54971905,48721,10,-10,11,
1039,4, 2024.09.09_15.41.43,121,-22.9114143,-43.234057,-72,4,724,5,54971905,48721,10,-10,11,
1040,4, 2024.09.09_15.41.44,142,-22.9114143,-43.234057,-72,4,724,5,54971905,48721,10,-10,11,
1041,4, 2024.09.09_15.41.45,98,-22.911653,-43.2340601,-72,4,724,5,54971905,48721,10,-10,11,
1042,4, 2024.09.09_15.41.46,151,-22.911653,-43.2340601,-72,4,724,5,54971905,48721,10,-10,11,
1043,4, 2024.09.09_15.41.47,93,-22.911653,-43.2340601,-72,4,724,5,54971905,48721,10,-10,11,
1044,4, 2024.09.09_15.41.48,143,-22.911653,-43.2340601,-72,4,724,5,54971905,48721,10,-10,11,
1045,4, 2024.09.09_15.41.49,281,-22.911653,-43.2340601,-72,4,724,5,54971905,48721,10,-10,11,
1046,4, 2024.09.09_15.41.50,118,-22.9119171,-43.2340354,-72,4,724,5,54971905,48721,10,-10,11,
1047,4, 2024.09.09_15.41.51,112,-22.9119171,-43.2340354,-72,4,724,5,54971905,48721,10,-10,11,
1048,4, 2024.09.09_15.41.52,123,-22.9119171,-43.2340354,-72,4,724,5,54971905,48721,10,-10,11,
1049,4, 2024.09.09_15.41.53,102,-22.9119171,-43.2340354,-72,4,724,5,54971905,48721,10,-10,11,
1050,4, 2024.09.09_15.41.54,119,-22.9119171,-43.2340354,-72,4,724,5,54971905,48721,10,-10,11,
1051,4, 2024.09.09_15.41.55,112,-22.9122308,-43.2341059,-72,4,724,5,54971905,48721,10,-10,11,
1052,4, 2024.09.09_15.41.56,137,-22.9122308,-43.2341059,-72,4,724,5,54971905,48721,10,-10,11,
1053,4, 2024.09.09_15.41.57,119,-22.9122308,-43.2341059,-72,4,724,5,54971905,48721,10,-10,11,
1054,4, 2024.09.09_15.41.58,137,-22.9122308,-43.2341059,-72,4,724,5,54971905,48721,10,-10,11,
1055,4, 2024.09.09_15.41.59,122,-22.9122308,-43.2341059,-72,4,724,5,54971905,48721,10,-10,11,
1056,4, 2024.09.09_15.42.00,104,-22.9124994,-43.2343562,-72,4,724,5,54971905,48721,10,-10,11,
1057,4, 2024.09.09_15.42.01,101,-22.9124994,-43.2343562,-72,4,724,5,54971905,48721,10,-10,11,
1058,4, 2024.09.09_15.42.02,105,-22.9124994,-43.2343562,-72,4,724,5,54971905,48721,10,-10,11,
1059,4, 2024.09.09_15.42.03,157,-22.9124994,-43.2343562,-72,4,724,5,54971905,48721,10,-10,11,
1060,4, 2024.09.09_15.42.04,89,-22.9124994,-43.2343562,-72,4,724,5,54971905,48721,10,-10,11,
1061,4, 2024.09.09_15.42.05,216,-22.9125516,-43.23474,-72,4,724,5,54971905,48721,10,-10,11,
1062,4, 2024.09.09_15.42.06,85,-22.9125516,-43.23474,-72,4,724,5,54971905,48721,10,-10,11,
1063,4, 2024.09.09_15.42.07,178,-22.9125516,-43.23474,-72,4,724,5,54971905,48721,10,-10,11,
1064,4, 2024.09.09_15.42.08,276,-22.9125516,-43.23474,-104,2,724,5,54006045,48721,6,-16,1,
1065,4, 2024.09.09_15.42.10,327,-22.9125516,-43.23474,-104,2,724,5,54006045,48721,6,-16,1,
1066,4, 2024.09.09_15.42.11,379,-22.9128719,-43.235004,-97,2,724,5,54305290,48721,6,-17,-1,
1067,4, 2024.09.09_15.42.11,214,-22.9128719,-43.235004,-97,2,724,5,54305290,48721,6,-17,-1,
1068,4, 2024.09.09_15.42.12,153,-22.9128719,-43.235004,-97,2,724,5,54305290,48721,6,-17,-1,
1069,4, 2024.09.09_15.42.13,149,-22.9128719,-43.235004,-97,2,724,5,54305290,48721,6,-17,-1,
1070,4, 2024.09.09_15.42.14,238,-22.9128719,-43.235004,-88,3,724,5,54971915,48721,6,-15,-5,
1071,4, 2024.09.09_15.42.15,98,-22.9133459,-43.2353193,-88,3,724,5,54971915,48721,10,-15,-5,
1072,4, 2024.09.09_15.42.17,393,-22.9133459,-43.2353193,-88,3,724,5,54971915,48721,10,-15,-5,
1073,4, 2024.09.09_15.42.17,153,-22.9133459,-43.2353193,-88,3,724,5,54971915,48721,10,-15,-5,
