Sequence, Timestamp, Latitude, Longitude, Signal_dbm, Signal_level, MCC, MNC, CellId, Tac/Lac, Mobile_Network, RSRQ, RSSNR, NRARFCN
1,2024.09.09_15.23.59,-22.8607494,-43.2302331,-96,2,724,5,54007826,44521,6,-15.0,14.0,
2,2024.09.09_15.24.00,-22.8607494,-43.2302331,-96,2,724,5,54007826,44521,6,-15.0,14.0,
3,2024.09.09_15.24.01,-22.8607494,-43.2302331,-96,2,724,5,54007826,44521,6,-15.0,14.0,
4,2024.09.09_15.24.02,-22.8607494,-43.2302331,-96,2,724,5,54007826,44521,6,-15.0,14.0,
5,2024.09.09_15.24.03,-22.8607494,-43.2302331,-96,2,724,5,54007826,44521,6,-15.0,14.0,
6,2024.09.09_15.24.04,-22.8607494,-43.2302331,-96,2,724,5,54007826,44521,6,-15.0,14.0,
7,2024.09.09_15.24.05,-22.8607494,-43.2302331,-96,2,724,5,54007826,44521,6,-15.0,14.0,
8,2024.09.09_15.24.06,-22.8607494,-43.2302331,-96,2,724,5,54007826,44521,6,-15.0,14.0,
9,2024.09.09_15.24.07,-22.8607494,-43.2302331,-96,2,724,5,54007826,44521,6,-15.0,14.0,
10,2024.09.09_15.24.08,-22.8607494,-43.2302331,-96,2,724,5,54007826,44521,6,-15.0,14.0,
11,2024.09.09_15.24.09,-22.8607494,-43.2302331,-96,2,724,5,54007826,44521,6,-15.0,14.0,
12,2024.09.09_15.24.10,-22.8607494,-43.2302331,-96,2,724,5,54007826,44521,6,-15.0,14.0,
13,2024.09.09_15.24.11,-22.8607494,-43.2302331,-96,2,724,5,54007826,44521,6,-15.0,14.0,
14,2024.09.09_15.24.12,-22.8607494,-43.2302331,-96,2,724,5,54007826,44521,6,-15.0,14.0,
15,2024.09.09_15.24.13,-22.8607494,-43.2302331,-96,2,724,5,54007826,44521,6,-15.0,14.0,
16,2024.09.09_15.24.14,-22.8607494,-43.2302331,-96,2,724,5,54007826,44521,6,-15.0,14.0,
17,2024.09.09_15.24.15,-22.8607494,-43.2302331,-96,2,724,5,54007826,44521,6,-15.0,14.0,
18,2024.09.09_15.24.16,-22.8607494,-43.2302331,-96,2,724,5,54007826,44521,6,-15.0,14.0,
19,2024.09.09_15.24.17,-22.8607494,-43.2302331,-96,2,724,5,54007826,44521,6,-15.0,14.0,
20,2024.09.09_15.24.18,-22.8607494,-43.2302331,-96,2,724,5,54007826,44521,6,-15.0,14.0,
21,2024.09.09_15.24.19,-22.8607494,-43.2302331,-96,2,724,5,54007826,44521,6,-15.0,14.0,
22,2024.09.09_15.24.20,-22.8607494,-43.2302331,-96,2,724,5,54007826,44521,6,-15.0,14.0,
23,2024.09.09_15.24.21,-22.8607494,-43.2302331,-96,2,724,5,54007826,44521,6,-15.0,14.0,
24,2024.09.09_15.24.22,-22.8607494,-43.2302331,-96,2,724,5,54007826,44521,6,-15.0,14.0,
25,2024.09.09_15.24.24,-22.8607494,-43.2302331,-96,2,724,5,54007826,44521,6,-15.0,14.0,
26,2024.09.09_15.24.25,-22.8607494,-43.2302331,-96,2,724,5,54007826,44521,6,-15.0,14.0,
27,2024.09.09_15.24.26,-22.8607494,-43.2302331,-96,2,724,5,54007826,44521,6,-15.0,14.0,
28,2024.09.09_15.24.27,-22.8607494,-43.2302331,-96,2,724,5,54007826,44521,6,-15.0,14.0,
29,2024.09.09_15.24.28,-22.8607494,-43.2302331,-96,2,724,5,54007826,44521,6,-15.0,14.0,
30,2024.09.09_15.24.29,-22.8607494,-43.2302331,-96,2,724,5,54007826,44521,6,-15.0,14.0,
31,2024.09.09_15.24.30,-22.8607494,-43.2302331,-96,2,724,5,54007826,44521,6,-15.0,14.0,
32,2024.09.09_15.24.31,-22.8607494,-43.2302331,-96,2,724,5,54007826,44521,6,-15.0,14.0,
33,2024.09.09_15.24.32,-22.8607494,-43.2302331,-96,2,724,5,54007826,44521,6,-15.0,14.0,
34,2024.09.09_15.24.33,-22.8607494,-43.2302331,-96,2,724,5,54007826,44521,6,-15.0,14.0,
35,2024.09.09_15.24.34,-22.8607494,-43.2302331,-96,2,724,5,54007826,44521,6,-15.0,14.0,
36,2024.09.09_15.24.35,-22.8607494,-43.2302331,-96,2,724,5,54007826,44521,6,-15.0,14.0,
37,2024.09.09_15.24.36,-22.8607494,-43.2302331,-96,2,724,5,54007826,44521,6,-15.0,14.0,
38,2024.09.09_15.24.37,-22.8607494,-43.2302331,-96,2,724,5,54007826,44521,6,-15.0,14.0,
39,2024.09.09_15.24.38,-22.8607494,-43.2302331,-96,2,724,5,54007826,44521,6,-15.0,14.0,
40,2024.09.09_15.24.39,-22.8607494,-43.2302331,-96,2,724,5,54007826,44521,6,-15.0,14.0,
41,2024.09.09_15.24.40,-22.8607494,-43.2302331,-96,2,724,5,54007826,44521,6,-15.0,14.0,
42,2024.09.09_15.24.41,-22.8607494,-43.2302331,-96,2,724,5,54007826,44521,6,-15.0,14.0,
43,2024.09.09_15.24.42,-22.8607494,-43.2302331,-96,2,724,5,54007826,44521,6,-15.0,14.0,
44,2024.09.09_15.24.43,-22.8607494,-43.2302331,-96,2,724,5,54007826,44521,6,-15.0,14.0,
45,2024.09.09_15.24.44,-22.8607494,-43.2302331,-96,2,724,5,54007826,44521,6,-15.0,14.0,
46,2024.09.09_15.24.45,-22.8607494,-43.2302331,-96,2,724,5,54007826,44521,6,-15.0,14.0,
47,2024.09.09_15.24.46,-22.8607494,-43.2302331,-96,2,724,5,54007826,44521,6,-15.0,14.0,
48,2024.09.09_15.24.47,-22.8607494,-43.2302331,-96,2,724,5,54007826,44521,6,-15.0,14.0,
49,2024.09.09_15.24.48,-22.8607494,-43.2302331,-96,2,724,5,54007826,44521,6,-15.0,14.0,
50,2024.09.09_15.24.49,-22.8607494,-43.2302331,-96,2,724,5,54007826,44521,6,-15.0,14.0,
51,2024.09.09_15.24.50,-22.8607494,-43.2302331,-96,2,724,5,54007826,44521,6,-15.0,14.0,
52,2024.09.09_15.24.51,-22.8607494,-43.2302331,-96,2,724,5,54007826,44521,6,-15.0,14.0,
53,2024.09.09_15.24.52,-22.8607494,-43.2302331,-96,2,724,5,54007826,44521,6,-15.0,14.0,
54,2024.09.09_15.24.55,-22.8607494,-43.2302331,-96,2,724,5,54007826,44521,6,-15.0,14.0,
55,2024.09.09_15.24.55,-22.8607494,-43.2302331,-96,2,724,5,54007826,44521,6,-15.0,14.0,
56,2024.09.09_15.24.56,-22.8607494,-43.2302331,-96,2,724,5,54007826,44521,6,-15.0,14.0,
57,2024.09.09_15.24.57,-22.8607494,-43.2302331,-96,2,724,5,54007826,44521,6,-15.0,14.0,
58,2024.09.09_15.24.57,-22.8607494,-43.2302331,-96,2,724,5,54007826,44521,6,-15.0,14.0,
59,2024.09.09_15.24.58,-22.8607494,-43.2302331,-96,2,724,5,54007826,44521,6,-15.0,14.0,
60,2024.09.09_15.25.00,-22.8607494,-43.2302331,-96,2,724,5,54007826,44521,6,-15.0,14.0,
61,2024.09.09_15.25.00,-22.8607494,-43.2302331,-96,2,724,5,54007826,44521,6,-15.0,14.0,
62,2024.09.09_15.25.28,-22.8607494,-43.2302331,-96,2,724,5,54007826,44521,6,-15.0,14.0,
63,2024.09.09_15.25.28,-22.8607494,-43.2302331,-96,2,724,5,54007826,44521,6,-15.0,14.0,
64,2024.09.09_15.25.29,-22.8607494,-43.2302331,-96,2,724,5,54007826,44521,6,-15.0,14.0,
65,2024.09.09_15.25.30,-22.8607494,-43.2302331,-96,2,724,5,54007826,44521,6,-15.0,14.0,
66,2024.09.09_15.25.30,-22.8607494,-43.2302331,-96,2,724,5,54007826,44521,6,-15.0,14.0,
67,2024.09.09_15.25.30,-22.8607494,-43.2302331,-96,2,724,5,54007826,44521,6,-15.0,14.0,
68,2024.09.09_15.25.31,-22.8607494,-43.2302331,-96,2,724,5,54007826,44521,6,-15.0,14.0,
69,2024.09.09_15.25.31,-22.8607494,-43.2302331,-96,2,724,5,54007826,44521,6,-15.0,14.0,
70,2024.09.09_15.25.31,-22.8607494,-43.2302331,-96,2,724,5,54007826,44521,6,-15.0,14.0,
71,2024.09.09_15.25.32,-22.8607494,-43.2302331,-96,2,724,5,54007826,44521,6,-15.0,14.0,
72,2024.09.09_15.25.32,-22.8607494,-43.2302331,-96,2,724,5,54007826,44521,6,-15.0,14.0,
73,2024.09.09_15.25.32,-22.8607494,-43.2302331,-96,2,724,5,54007826,44521,6,-15.0,14.0,
74,2024.09.09_15.25.33,-22.8607494,-43.2302331,-96,2,724,5,54007826,44521,6,-15.0,14.0,
75,2024.09.09_15.25.33,-22.8607494,-43.2302331,-96,2,724,5,54007826,44521,6,-15.0,14.0,
76,2024.09.09_15.25.33,-22.8607494,-43.2302331,-96,2,724,5,54007826,44521,6,-15.0,14.0,
77,2024.09.09_15.25.34,-22.8607494,-43.2302331,-96,2,724,5,54007826,44521,6,-15.0,14.0,
78,2024.09.09_15.25.34,-22.8607494,-43.2302331,-96,2,724,5,54007826,44521,6,-15.0,14.0,
79,2024.09.09_15.25.35,-22.8607494,-43.2302331,-96,2,724,5,54007826,44521,6,-15.0,14.0,
80,2024.09.09_15.25.35,-22.8607494,-43.2302331,-96,2,724,5,54007826,44521,6,-15.0,14.0,
81,2024.09.09_15.25.36,-22.8607494,-43.2302331,-96,2,724,5,54007826,44521,6,-15.0,14.0,
82,2024.09.09_15.25.37,-22.8607494,-43.2302331,-96,2,724,5,54007826,44521,6,-15.0,14.0,
83,2024.09.09_15.25.38,-22.8607494,-43.2302331,-96,2,724,5,54007826,44521,6,-15.0,14.0,
84,2024.09.09_15.25.39,-22.8607494,-43.2302331,-96,2,724,5,54007826,44521,6,-15.0,14.0,
85,2024.09.09_15.25.40,-22.8607494,-43.2302331,-96,2,724,5,54007826,44521,6,-15.0,14.0,
86,2024.09.09_15.25.42,-22.8607494,-43.2302331,-96,2,724,5,54007826,44521,6,-15.0,14.0,
87,2024.09.09_15.25.42,-22.8607494,-43.2302331,-96,2,724,5,54007826,44521,6,-15.0,14.0,
88,2024.09.09_15.25.43,-22.8607494,-43.2302331,-96,2,724,5,54007826,44521,6,-15.0,14.0,
89,2024.09.09_15.25.44,-22.8607494,-43.2302331,-96,2,724,5,54007826,44521,6,-15.0,14.0,
90,2024.09.09_15.25.45,-22.8607494,-43.2302331,-96,2,724,5,54007826,44521,6,-15.0,14.0,
91,2024.09.09_15.25.46,-22.8607494,-43.2302331,-96,2,724,5,54007826,44521,6,-15.0,14.0,
92,2024.09.09_15.25.47,-22.8607494,-43.2302331,-96,2,724,5,54007826,44521,6,-15.0,14.0,
93,2024.09.09_15.25.48,-22.8607494,-43.2302331,-96,2,724,5,54007826,44521,6,-15.0,14.0,
94,2024.09.09_15.25.49,-22.8607494,-43.2302331,-96,2,724,5,54007826,44521,6,-15.0,14.0,
95,2024.09.09_15.25.50,-22.8607494,-43.2302331,-96,2,724,5,54007826,44521,6,-15.0,14.0,
96,2024.09.09_15.25.51,-22.8607494,-43.2302331,-96,2,724,5,54007826,44521,6,-15.0,14.0,
97,2024.09.09_15.25.52,-22.8607494,-43.2302331,-96,2,724,5,54007826,44521,6,-15.0,14.0,
98,2024.09.09_15.25.53,-22.8607494,-43.2302331,-96,2,724,5,54007826,44521,6,-15.0,14.0,
99,2024.09.09_15.25.54,-22.8607494,-43.2302331,-96,2,724,5,54007826,44521,6,-15.0,14.0,
100,2024.09.09_15.25.55,-22.8607494,-43.2302331,-96,2,724,5,54007826,44521,6,-15.0,14.0,
101,2024.09.09_15.25.56,-22.8607494,-43.2302331,-96,2,724,5,54007826,44521,6,-15.0,14.0,
102,2024.09.09_15.25.57,-22.8607494,-43.2302331,-96,2,724,5,54007826,44521,6,-15.0,14.0,
103,2024.09.09_15.25.58,-22.8607494,-43.2302331,-96,2,724,5,54007826,44521,6,-15.0,14.0,
104,2024.09.09_15.25.59,-22.8607494,-43.2302331,-96,2,724,5,54007826,44521,6,-15.0,14.0,
105,2024.09.09_15.26.00,-22.8607494,-43.2302331,-96,2,724,5,54007826,44521,6,-15.0,14.0,
106,2024.09.09_15.26.01,-22.8607494,-43.2302331,-96,2,724,5,54007826,44521,6,-15.0,14.0,
107,2024.09.09_15.26.02,-22.8607494,-43.2302331,-96,2,724,5,54007826,44521,6,-15.0,14.0,
108,2024.09.09_15.26.03,-22.8607494,-43.2302331,-96,2,724,5,54007826,44521,6,-15.0,14.0,
109,2024.09.09_15.26.04,-22.8607494,-43.2302331,-96,2,724,5,54007826,44521,6,-15.0,14.0,
110,2024.09.09_15.26.05,-22.8607494,-43.2302331,-110,1,724,5,54007826,44521,6,-13.0,2147483647.0,
111,2024.09.09_15.26.06,-22.8607494,-43.2302331,-110,1,724,5,54007826,44521,6,-13.0,2147483647.0,
112,2024.09.09_15.26.07,-22.8607494,-43.2302331,-110,1,724,5,54007826,44521,6,-13.0,2147483647.0,
113,2024.09.09_15.26.08,-22.8607494,-43.2302331,-110,1,724,5,54007826,44521,6,-13.0,2147483647.0,
114,2024.09.09_15.26.09,-22.8607494,-43.2302331,-110,1,724,5,54007826,44521,6,-13.0,2147483647.0,
115,2024.09.09_15.26.10,-22.8607494,-43.2302331,-110,1,724,5,54007826,44521,6,-13.0,2147483647.0,
116,2024.09.09_15.26.11,-22.8607494,-43.2302331,-110,1,724,5,54007826,44521,6,-13.0,2147483647.0,
117,2024.09.09_15.26.12,-22.8607494,-43.2302331,-110,1,724,5,54007826,44521,6,-13.0,2147483647.0,
118,2024.09.09_15.26.13,-22.8607494,-43.2302331,-110,1,724,5,54007826,44521,6,-13.0,2147483647.0,
119,2024.09.09_15.26.14,-22.8607494,-43.2302331,-110,1,724,5,54007826,44521,6,-13.0,2147483647.0,
120,2024.09.09_15.26.15,-22.8607494,-43.2302331,-110,1,724,5,54007826,44521,6,-13.0,2147483647.0,
121,2024.09.09_15.26.16,-22.8607494,-43.2302331,-110,1,724,5,54007826,44521,6,-13.0,2147483647.0,
122,2024.09.09_15.26.17,-22.8607494,-43.2302331,-110,1,724,5,54007826,44521,6,-13.0,2147483647.0,
123,2024.09.09_15.26.18,-22.8607494,-43.2302331,-110,1,724,5,54007826,44521,6,-13.0,2147483647.0,
124,2024.09.09_15.26.19,-22.8607494,-43.2302331,-110,1,724,5,54007826,44521,6,-13.0,2147483647.0,
125,2024.09.09_15.26.20,-22.8607494,-43.2302331,-110,1,724,5,54007826,44521,6,-13.0,2147483647.0,
126,2024.09.09_15.26.21,-22.8607494,-43.2302331,-110,1,724,5,54007826,44521,6,-13.0,2147483647.0,
127,2024.09.09_15.26.22,-22.8607494,-43.2302331,-110,1,724,5,54007826,44521,6,-13.0,2147483647.0,
128,2024.09.09_15.26.23,-22.8607494,-43.2302331,-110,1,724,5,54007826,44521,6,-13.0,2147483647.0,
129,2024.09.09_15.26.24,-22.8607494,-43.2302331,-110,1,724,5,54007826,44521,6,-13.0,2147483647.0,
130,2024.09.09_15.26.25,-22.8607494,-43.2302331,-110,1,724,5,54007826,44521,6,-13.0,2147483647.0,
131,2024.09.09_15.26.26,-22.8607494,-43.2302331,-110,1,724,5,54007826,44521,6,-13.0,2147483647.0,
132,2024.09.09_15.26.27,-22.8607494,-43.2302331,-110,1,724,5,54007826,44521,6,-13.0,2147483647.0,
133,2024.09.09_15.26.28,-22.8607494,-43.2302331,-110,1,724,5,54007826,44521,6,-13.0,2147483647.0,
134,2024.09.09_15.26.29,-22.8607494,-43.2302331,-110,1,724,5,54007826,44521,6,-13.0,2147483647.0,
135,2024.09.09_15.26.30,-22.8607494,-43.2302331,-110,1,724,5,54007826,44521,6,-13.0,2147483647.0,
136,2024.09.09_15.26.31,-22.8607494,-43.2302331,-110,1,724,5,54007826,44521,6,-13.0,2147483647.0,
137,2024.09.09_15.26.32,-22.8607494,-43.2302331,-110,1,724,5,54007826,44521,6,-13.0,2147483647.0,
138,2024.09.09_15.26.33,-22.8607494,-43.2302331,-110,1,724,5,54007826,44521,6,-13.0,2147483647.0,
139,2024.09.09_15.26.34,-22.8607494,-43.2302331,-110,1,724,5,54007826,44521,6,-13.0,2147483647.0,
140,2024.09.09_15.26.35,-22.8607494,-43.2302331,-110,1,724,5,54007826,44521,6,-13.0,2147483647.0,
141,2024.09.09_15.26.36,-22.8607494,-43.2302331,-110,1,724,5,54007826,44521,6,-13.0,2147483647.0,
142,2024.09.09_15.26.37,-22.8607494,-43.2302331,-110,1,724,5,54007826,44521,6,-13.0,2147483647.0,
143,2024.09.09_15.26.38,-22.8607494,-43.2302331,-110,1,724,5,54007826,44521,6,-13.0,2147483647.0,
144,2024.09.09_15.26.39,-22.8607494,-43.2302331,-110,1,724,5,54007826,44521,6,-13.0,2147483647.0,
145,2024.09.09_15.26.40,-22.8607494,-43.2302331,-110,1,724,5,54007826,44521,6,-13.0,2147483647.0,
146,2024.09.09_15.26.41,-22.8607494,-43.2302331,-110,1,724,5,54007826,44521,6,-13.0,2147483647.0,
147,2024.09.09_15.26.42,-22.8607494,-43.2302331,-110,1,724,5,54007826,44521,6,-13.0,2147483647.0,
148,2024.09.09_15.26.43,-22.8607494,-43.2302331,-110,1,724,5,54007826,44521,6,-13.0,2147483647.0,
149,2024.09.09_15.26.44,-22.8607494,-43.2302331,-110,1,724,5,54007826,44521,6,-13.0,2147483647.0,
150,2024.09.09_15.26.45,-22.8607494,-43.2302331,-110,1,724,5,54007826,44521,6,-13.0,2147483647.0,
151,2024.09.09_15.26.46,-22.8607494,-43.2302331,-110,1,724,5,54007826,44521,6,-13.0,2147483647.0,
152,2024.09.09_15.26.47,-22.8607494,-43.2302331,-110,1,724,5,54007826,44521,6,-13.0,2147483647.0,
153,2024.09.09_15.26.48,-22.8607494,-43.2302331,-110,1,724,5,54007826,44521,6,-13.0,2147483647.0,
154,2024.09.09_15.26.49,-22.8607494,-43.2302331,-110,1,724,5,54007826,44521,6,-13.0,2147483647.0,
155,2024.09.09_15.26.50,-22.8607494,-43.2302331,-110,1,724,5,54007826,44521,6,-13.0,2147483647.0,
156,2024.09.09_15.26.53,-22.8607494,-43.2302331,-110,1,724,5,54007826,44521,6,-13.0,2147483647.0,
157,2024.09.09_15.26.53,-22.8607494,-43.2302331,-110,1,724,5,54007826,44521,6,-13.0,2147483647.0,
158,2024.09.09_15.26.53,-22.8607494,-43.2302331,-110,1,724,5,54007826,44521,6,-13.0,2147483647.0,
159,2024.09.09_15.26.54,-22.8607494,-43.2302331,-110,1,724,5,54007826,44521,6,-13.0,2147483647.0,
160,2024.09.09_15.26.56,-22.8607494,-43.2302331,-110,1,724,5,54007826,44521,6,-13.0,2147483647.0,
161,2024.09.09_15.26.56,-22.8607494,-43.2302331,-110,1,724,5,54007826,44521,6,-13.0,2147483647.0,
162,2024.09.09_15.26.57,-22.8607494,-43.2302331,-110,1,724,5,54007826,44521,6,-13.0,2147483647.0,
163,2024.09.09_15.26.59,-22.8607494,-43.2302331,-110,1,724,5,54007826,44521,6,-13.0,2147483647.0,
164,2024.09.09_15.26.59,-22.8607494,-43.2302331,-110,1,724,5,54007826,44521,6,-13.0,2147483647.0,
165,2024.09.09_15.27.00,-22.8607494,-43.2302331,-110,1,724,5,54007826,44521,6,-13.0,2147483647.0,
166,2024.09.09_15.27.01,-22.8607494,-43.2302331,-110,1,724,5,54007826,44521,6,-13.0,2147483647.0,
167,2024.09.09_15.27.02,-22.8607494,-43.2302331,-110,1,724,5,54007826,44521,6,-13.0,2147483647.0,
168,2024.09.09_15.27.03,-22.8607494,-43.2302331,-110,1,724,5,54007826,44521,6,-13.0,2147483647.0,
169,2024.09.09_15.27.04,-22.8607494,-43.2302331,-110,1,724,5,54007826,44521,6,-13.0,2147483647.0,
170,2024.09.09_15.27.05,-22.8607494,-43.2302331,-110,1,724,5,54007826,44521,6,-13.0,2147483647.0,
171,2024.09.09_15.27.06,-22.8607494,-43.2302331,-110,1,724,5,54007826,44521,6,-13.0,2147483647.0,
172,2024.09.09_15.27.07,-22.8607494,-43.2302331,-110,1,724,5,54007826,44521,6,-13.0,2147483647.0,
173,2024.09.09_15.27.08,-22.8607494,-43.2302331,-110,1,724,5,54007826,44521,6,-13.0,2147483647.0,
174,2024.09.09_15.27.10,-22.8607494,-43.2302331,-110,1,724,5,54007826,44521,6,-13.0,2147483647.0,
175,2024.09.09_15.27.10,-22.8607494,-43.2302331,-110,1,724,5,54007826,44521,6,-13.0,2147483647.0,
176,2024.09.09_15.27.11,-22.8607494,-43.2302331,-110,1,724,5,54007826,44521,6,-13.0,2147483647.0,
177,2024.09.09_15.27.12,-22.8607494,-43.2302331,-110,1,724,5,54007826,44521,6,-13.0,2147483647.0,
178,2024.09.09_15.27.13,-22.8607494,-43.2302331,-110,1,724,5,54007826,44521,6,-13.0,2147483647.0,
179,2024.09.09_15.27.14,-22.8607494,-43.2302331,-110,1,724,5,54007826,44521,6,-13.0,2147483647.0,
180,2024.09.09_15.27.15,-22.8607494,-43.2302331,-110,1,724,5,54007826,44521,6,-13.0,2147483647.0,
181,2024.09.09_15.27.16,-22.8607494,-43.2302331,-110,1,724,5,54007826,44521,6,-13.0,2147483647.0,
182,2024.09.09_15.27.17,-22.8607494,-43.2302331,-110,1,724,5,54007826,44521,6,-13.0,2147483647.0,
183,2024.09.09_15.27.18,-22.8607494,-43.2302331,-110,1,724,5,54007826,44521,6,-13.0,2147483647.0,
184,2024.09.09_15.27.19,-22.8607494,-43.2302331,-110,1,724,5,54007826,44521,6,-13.0,2147483647.0,
185,2024.09.09_15.27.20,-22.8607494,-43.2302331,-110,1,724,5,54007826,44521,6,-13.0,2147483647.0,
186,2024.09.09_15.27.21,-22.8607494,-43.2302331,-110,1,724,5,54007826,44521,6,-13.0,2147483647.0,
187,2024.09.09_15.27.22,-22.8607494,-43.2302331,-110,1,724,5,54007826,44521,6,-13.0,2147483647.0,
188,2024.09.09_15.27.23,-22.8607494,-43.2302331,-110,1,724,5,54007826,44521,6,-13.0,2147483647.0,
189,2024.09.09_15.27.24,-22.8607494,-43.2302331,-110,1,724,5,54007826,44521,6,-13.0,2147483647.0,
190,2024.09.09_15.27.25,-22.8607494,-43.2302331,-110,1,724,5,54007826,44521,6,-13.0,2147483647.0,
191,2024.09.09_15.27.26,-22.8607494,-43.2302331,-110,1,724,5,54007826,44521,6,-13.0,2147483647.0,
192,2024.09.09_15.27.27,-22.8607494,-43.2302331,-110,1,724,5,54007826,44521,6,-13.0,2147483647.0,
193,2024.09.09_15.27.28,-22.8607494,-43.2302331,-110,1,724,5,54007826,44521,6,-13.0,2147483647.0,
194,2024.09.09_15.27.29,-22.8607494,-43.2302331,-110,1,724,5,54007826,44521,6,-13.0,2147483647.0,
195,2024.09.09_15.27.30,-22.8607494,-43.2302331,-110,1,724,5,54007826,44521,6,-13.0,2147483647.0,
196,2024.09.09_15.27.31,-22.8607494,-43.2302331,-110,1,724,5,54007826,44521,6,-13.0,2147483647.0,
197,2024.09.09_15.27.33,-22.8607494,-43.2302331,-110,1,724,5,54007826,44521,6,-13.0,2147483647.0,
198,2024.09.09_15.27.33,-22.8607494,-43.2302331,-110,1,724,5,54007826,44521,6,-13.0,2147483647.0,
199,2024.09.09_15.27.34,-22.8607494,-43.2302331,-110,1,724,5,54007826,44521,6,-13.0,2147483647.0,
200,2024.09.09_15.27.36,-22.8607494,-43.2302331,-110,1,724,5,54007826,44521,6,-13.0,2147483647.0,
201,2024.09.09_15.27.38,-22.8607494,-43.2302331,-110,1,724,5,54007826,44521,6,-13.0,2147483647.0,
202,2024.09.09_15.27.39,-22.8607494,-43.2302331,-110,1,724,5,54007826,44521,6,-13.0,2147483647.0,
203,2024.09.09_15.27.39,-22.8607494,-43.2302331,-110,1,724,5,54007826,44521,6,-13.0,2147483647.0,
204,2024.09.09_15.27.39,-22.8607494,-43.2302331,-110,1,724,5,54007826,44521,6,-13.0,2147483647.0,
205,2024.09.09_15.27.40,-22.8607494,-43.2302331,-110,1,724,5,54007826,44521,6,-13.0,2147483647.0,
206,2024.09.09_15.27.42,-22.8607494,-43.2302331,-110,1,724,5,54007826,44521,6,-13.0,2147483647.0,
207,2024.09.09_15.27.42,-22.8607494,-43.2302331,-110,1,724,5,54007826,44521,6,-13.0,2147483647.0,
208,2024.09.09_15.27.43,-22.8607494,-43.2302331,-110,1,724,5,54007826,44521,6,-13.0,2147483647.0,
209,2024.09.09_15.27.44,-22.8607494,-43.2302331,-110,1,724,5,54007826,44521,6,-13.0,2147483647.0,
210,2024.09.09_15.27.45,-22.8607494,-43.2302331,-110,1,724,5,54007826,44521,6,-13.0,2147483647.0,
211,2024.09.09_15.27.46,-22.8607494,-43.2302331,-110,1,724,5,54007826,44521,6,-13.0,2147483647.0,
212,2024.09.09_15.27.47,-22.8607494,-43.2302331,-110,1,724,5,54007826,44521,6,-13.0,2147483647.0,
213,2024.09.09_15.27.48,-22.8607494,-43.2302331,-110,1,724,5,54007826,44521,6,-13.0,2147483647.0,
214,2024.09.09_15.27.50,-22.8607494,-43.2302331,-110,1,724,5,54007826,44521,6,-13.0,2147483647.0,
215,2024.09.09_15.27.51,-22.8607494,-43.2302331,-110,1,724,5,54007826,44521,6,-13.0,2147483647.0,
216,2024.09.09_15.27.52,-22.8607494,-43.2302331,-110,1,724,5,54007826,44521,6,-13.0,2147483647.0,
217,2024.09.09_15.27.52,-22.8607494,-43.2302331,-110,1,724,5,54007826,44521,6,-13.0,2147483647.0,
218,2024.09.09_15.27.54,-22.8607494,-43.2302331,-110,1,724,5,54007826,44521,6,-13.0,2147483647.0,
219,2024.09.09_15.27.54,-22.8607494,-43.2302331,-110,1,724,5,54007826,44521,6,-13.0,2147483647.0,
220,2024.09.09_15.27.56,-22.8607494,-43.2302331,-110,1,724,5,54007826,44521,6,-13.0,2147483647.0,
221,2024.09.09_15.27.56,-22.8607494,-43.2302331,-110,1,724,5,54007826,44521,6,-13.0,2147483647.0,
222,2024.09.09_15.27.58,-22.8607494,-43.2302331,-110,1,724,5,54007826,44521,6,-13.0,2147483647.0,
223,2024.09.09_15.27.58,-22.8607494,-43.2302331,-110,1,724,5,54007826,44521,6,-13.0,2147483647.0,
224,2024.09.09_15.27.59,-22.8607494,-43.2302331,-110,1,724,5,54007826,44521,6,-13.0,2147483647.0,
225,2024.09.09_15.28.00,-22.8607494,-43.2302331,-110,1,724,5,54007826,44521,6,-13.0,2147483647.0,
226,2024.09.09_15.28.01,-22.8607494,-43.2302331,-110,1,724,5,54007826,44521,6,-13.0,2147483647.0,
227,2024.09.09_15.28.03,-22.8607494,-43.2302331,-110,1,724,5,54007826,44521,6,-13.0,2147483647.0,
228,2024.09.09_15.28.03,-22.8607494,-43.2302331,-110,1,724,5,54007826,44521,6,-13.0,2147483647.0,
229,2024.09.09_15.28.04,-22.8607494,-43.2302331,-110,1,724,5,54007826,44521,6,-13.0,2147483647.0,
230,2024.09.09_15.28.06,-22.8607494,-43.2302331,-111,1,724,5,54007826,44521,6,-14.0,0.0,
231,2024.09.09_15.28.07,-22.8607494,-43.2302331,-111,1,724,5,54007826,44521,6,-14.0,0.0,
232,2024.09.09_15.28.07,-22.8613763,-43.2286004,-111,1,724,5,54007826,44521,6,-14.0,0.0,
233,2024.09.09_15.28.09,-22.8613763,-43.2286004,-111,1,724,5,54007826,44521,6,-14.0,0.0,
234,2024.09.09_15.28.10,-22.8613763,-43.2286004,-111,1,724,5,54007826,44521,6,-14.0,0.0,
235,2024.09.09_15.28.11,-22.8613763,-43.2286004,-111,1,724,5,54007826,44521,6,-14.0,0.0,
236,2024.09.09_15.28.12,-22.8613763,-43.2286004,-111,1,724,5,54007826,44521,6,-14.0,0.0,
237,2024.09.09_15.28.13,-22.8613763,-43.2286004,-111,1,724,5,54007826,44521,6,-14.0,0.0,
238,2024.09.09_15.28.14,-22.8613763,-43.2286004,-111,1,724,5,54007826,44521,6,-14.0,0.0,
239,2024.09.09_15.28.15,-22.8613763,-43.2286004,-111,1,724,5,54007826,44521,6,-14.0,0.0,
240,2024.09.09_15.28.16,-22.8613763,-43.2286004,-111,1,724,5,54007826,44521,6,-14.0,0.0,
241,2024.09.09_15.28.17,-22.8613763,-43.2286004,-111,1,724,5,54007826,44521,6,-14.0,0.0,
242,2024.09.09_15.28.18,-22.8613763,-43.2286004,-111,1,724,5,54007826,44521,6,-14.0,0.0,
243,2024.09.09_15.28.19,-22.8613763,-43.2286004,-111,1,724,5,54007826,44521,6,-14.0,0.0,
244,2024.09.09_15.28.20,-22.8613763,-43.2286004,-111,1,724,5,54007826,44521,6,-14.0,0.0,
245,2024.09.09_15.28.21,-22.8613763,-43.2286004,-111,1,724,5,54007826,44521,6,-14.0,0.0,
246,2024.09.09_15.28.22,-22.8613763,-43.2286004,-111,1,724,5,54007826,44521,6,-14.0,0.0,
247,2024.09.09_15.28.23,-22.8613763,-43.2286004,-111,1,724,5,54007826,44521,6,-14.0,0.0,
248,2024.09.09_15.28.24,-22.8613763,-43.2286004,-111,1,724,5,54007826,44521,6,-14.0,0.0,
249,2024.09.09_15.28.25,-22.8613763,-43.2286004,-111,1,724,5,54007826,44521,6,-14.0,0.0,
250,2024.09.09_15.28.26,-22.8613763,-43.2286004,-111,1,724,5,54007826,44521,6,-14.0,0.0,
251,2024.09.09_15.28.27,-22.8613763,-43.2286004,-111,1,724,5,54007826,44521,6,-14.0,0.0,
252,2024.09.09_15.28.28,-22.8613763,-43.2286004,-111,1,724,5,54007826,44521,6,-14.0,0.0,
253,2024.09.09_15.28.29,-22.8613763,-43.2286004,-111,1,724,5,54007826,44521,6,-14.0,0.0,
254,2024.09.09_15.28.30,-22.8613763,-43.2286004,-111,1,724,5,54007826,44521,6,-14.0,0.0,
255,2024.09.09_15.28.31,-22.8613763,-43.2286004,-111,1,724,5,54007826,44521,6,-14.0,0.0,
256,2024.09.09_15.28.32,-22.8613763,-43.2286004,-111,1,724,5,54007826,44521,6,-14.0,0.0,
257,2024.09.09_15.28.33,-22.8613763,-43.2286004,-111,1,724,5,54007826,44521,6,-14.0,0.0,
258,2024.09.09_15.28.34,-22.8613763,-43.2286004,-111,1,724,5,54007826,44521,6,-14.0,0.0,
259,2024.09.09_15.28.35,-22.8613763,-43.2286004,-111,1,724,5,54007826,44521,6,-14.0,0.0,
260,2024.09.09_15.28.36,-22.8613763,-43.2286004,-111,1,724,5,54007826,44521,6,-14.0,0.0,
261,2024.09.09_15.28.37,-22.8613763,-43.2286004,-111,1,724,5,54007826,44521,6,-14.0,0.0,
262,2024.09.09_15.28.38,-22.8613763,-43.2286004,-111,1,724,5,54007826,44521,6,-14.0,0.0,
263,2024.09.09_15.28.39,-22.8613763,-43.2286004,-111,1,724,5,54007826,44521,6,-14.0,0.0,
264,2024.09.09_15.28.40,-22.8613763,-43.2286004,-111,1,724,5,54007826,44521,6,-14.0,0.0,
265,2024.09.09_15.28.41,-22.8613763,-43.2286004,-111,1,724,5,54007826,44521,6,-14.0,0.0,
266,2024.09.09_15.28.42,-22.8613763,-43.2286004,-111,1,724,5,54007826,44521,6,-14.0,0.0,
267,2024.09.09_15.28.43,-22.8613763,-43.2286004,-111,1,724,5,54007826,44521,6,-14.0,0.0,
268,2024.09.09_15.28.44,-22.8613763,-43.2286004,-111,1,724,5,54007826,44521,6,-14.0,0.0,
269,2024.09.09_15.28.45,-22.8613763,-43.2286004,-111,1,724,5,54007826,44521,6,-14.0,0.0,
270,2024.09.09_15.28.46,-22.8613763,-43.2286004,-111,1,724,5,54007826,44521,6,-14.0,0.0,
271,2024.09.09_15.28.47,-22.8613763,-43.2286004,-111,1,724,5,54007826,44521,6,-14.0,0.0,
272,2024.09.09_15.28.48,-22.8613763,-43.2286004,-111,1,724,5,54007826,44521,6,-14.0,0.0,
273,2024.09.09_15.28.49,-22.8613763,-43.2286004,-111,1,724,5,54007826,44521,6,-14.0,0.0,
274,2024.09.09_15.28.50,-22.8613763,-43.2286004,-111,1,724,5,54007826,44521,6,-14.0,0.0,
275,2024.09.09_15.28.51,-22.8613763,-43.2286004,-111,1,724,5,54007826,44521,6,-14.0,0.0,
276,2024.09.09_15.28.52,-22.8613763,-43.2286004,-111,1,724,5,54007826,44521,6,-14.0,0.0,
277,2024.09.09_15.28.53,-22.8613763,-43.2286004,-111,1,724,5,54007826,44521,6,-14.0,0.0,
278,2024.09.09_15.28.54,-22.8613763,-43.2286004,-111,1,724,5,54007826,44521,6,-14.0,0.0,
279,2024.09.09_15.28.55,-22.8613763,-43.2286004,-111,1,724,5,54007826,44521,6,-14.0,0.0,
280,2024.09.09_15.28.56,-22.8613763,-43.2286004,-111,1,724,5,54007826,44521,6,-14.0,0.0,
281,2024.09.09_15.28.57,-22.8613763,-43.2286004,-111,1,724,5,54007826,44521,6,-14.0,0.0,
282,2024.09.09_15.28.58,-22.8613763,-43.2286004,-111,1,724,5,54007826,44521,6,-14.0,0.0,
283,2024.09.09_15.28.59,-22.8613763,-43.2286004,-111,1,724,5,54007826,44521,6,-14.0,0.0,
284,2024.09.09_15.29.00,-22.8613763,-43.2286004,-111,1,724,5,54007826,44521,6,-14.0,0.0,
285,2024.09.09_15.29.01,-22.8613763,-43.2286004,-111,1,724,5,54007826,44521,6,-14.0,0.0,
286,2024.09.09_15.29.02,-22.8613763,-43.2286004,-111,1,724,5,54007826,44521,6,-14.0,0.0,
287,2024.09.09_15.29.03,-22.8613763,-43.2286004,-111,1,724,5,54007826,44521,6,-14.0,0.0,
288,2024.09.09_15.29.04,-22.8613763,-43.2286004,-111,1,724,5,54007826,44521,6,-14.0,0.0,
289,2024.09.09_15.29.05,-22.8613763,-43.2286004,-111,1,724,5,54007826,44521,6,-14.0,0.0,
290,2024.09.09_15.29.06,-22.8613763,-43.2286004,-111,1,724,5,54007826,44521,6,-14.0,0.0,
291,2024.09.09_15.29.08,-22.8613763,-43.2286004,-111,1,724,5,54007826,44521,6,-14.0,0.0,
292,2024.09.09_15.29.08,-22.8613763,-43.2286004,-111,1,724,5,54007826,44521,6,-14.0,0.0,
293,2024.09.09_15.29.09,-22.8613763,-43.2286004,-111,1,724,5,54007826,44521,6,-14.0,0.0,
294,2024.09.09_15.29.10,-22.8613763,-43.2286004,-111,1,724,5,54007826,44521,6,-14.0,0.0,
295,2024.09.09_15.29.11,-22.8613763,-43.2286004,-111,1,724,5,54007826,44521,6,-14.0,0.0,
296,2024.09.09_15.29.12,-22.8613763,-43.2286004,-111,1,724,5,54007826,44521,6,-14.0,0.0,
297,2024.09.09_15.29.13,-22.8613763,-43.2286004,-111,1,724,5,54007826,44521,6,-14.0,0.0,
298,2024.09.09_15.29.14,-22.8613763,-43.2286004,-111,1,724,5,54007826,44521,6,-14.0,0.0,
299,2024.09.09_15.29.15,-22.8613763,-43.2286004,-111,1,724,5,54007826,44521,6,-14.0,0.0,
300,2024.09.09_15.29.16,-22.8613763,-43.2286004,-111,1,724,5,54007826,44521,6,-14.0,0.0,
301,2024.09.09_15.29.17,-22.8613763,-43.2286004,-111,1,724,5,54007826,44521,6,-14.0,0.0,
302,2024.09.09_15.29.18,-22.8613763,-43.2286004,-111,1,724,5,54007826,44521,6,-14.0,0.0,
303,2024.09.09_15.29.19,-22.8613763,-43.2286004,-111,1,724,5,54007826,44521,6,-14.0,0.0,
304,2024.09.09_15.29.20,-22.8613763,-43.2286004,-111,1,724,5,54007826,44521,6,-14.0,0.0,
305,2024.09.09_15.29.21,-22.8613763,-43.2286004,-111,1,724,5,54007826,44521,6,-14.0,0.0,
306,2024.09.09_15.29.22,-22.8613763,-43.2286004,-111,1,724,5,54007826,44521,6,-14.0,0.0,
307,2024.09.09_15.29.23,-22.8613763,-43.2286004,-111,1,724,5,54007826,44521,6,-14.0,0.0,
308,2024.09.09_15.29.24,-22.8613763,-43.2286004,-111,1,724,5,54007826,44521,6,-14.0,0.0,
309,2024.09.09_15.29.25,-22.8613763,-43.2286004,-111,1,724,5,54007826,44521,6,-14.0,0.0,
310,2024.09.09_15.29.26,-22.8613763,-43.2286004,-111,1,724,5,54007826,44521,6,-14.0,0.0,
311,2024.09.09_15.29.27,-22.8613763,-43.2286004,-111,1,724,5,54007826,44521,6,-14.0,0.0,
312,2024.09.09_15.29.28,-22.8613763,-43.2286004,-111,1,724,5,54007826,44521,6,-14.0,0.0,
313,2024.09.09_15.29.29,-22.8613763,-43.2286004,-111,1,724,5,54007826,44521,6,-14.0,0.0,
314,2024.09.09_15.29.30,-22.8613763,-43.2286004,-111,1,724,5,54007826,44521,6,-14.0,0.0,
315,2024.09.09_15.29.31,-22.8613763,-43.2286004,-111,1,724,5,54007826,44521,6,-14.0,0.0,
316,2024.09.09_15.29.32,-22.8613763,-43.2286004,-111,1,724,5,54007826,44521,6,-14.0,0.0,
317,2024.09.09_15.29.33,-22.8613763,-43.2286004,-111,1,724,5,54007826,44521,6,-14.0,0.0,
318,2024.09.09_15.29.34,-22.8613763,-43.2286004,-111,1,724,5,54007826,44521,6,-14.0,0.0,
319,2024.09.09_15.29.35,-22.8613763,-43.2286004,-111,1,724,5,54007826,44521,6,-14.0,0.0,
320,2024.09.09_15.29.36,-22.8613763,-43.2286004,-111,1,724,5,54007826,44521,6,-14.0,0.0,
321,2024.09.09_15.29.37,-22.8613763,-43.2286004,-111,1,724,5,54007826,44521,6,-14.0,0.0,
322,2024.09.09_15.29.39,-22.8613763,-43.2286004,-111,1,724,5,54007826,44521,6,-14.0,0.0,
323,2024.09.09_15.29.39,-22.8613763,-43.2286004,-111,1,724,5,54007826,44521,6,-14.0,0.0,
324,2024.09.09_15.29.41,-22.8613763,-43.2286004,-111,1,724,5,54007826,44521,6,-14.0,0.0,
325,2024.09.09_15.29.41,-22.8613763,-43.2286004,-111,1,724,5,54007826,44521,6,-14.0,0.0,
326,2024.09.09_15.29.42,-22.8613763,-43.2286004,-111,1,724,5,54007826,44521,6,-14.0,0.0,
327,2024.09.09_15.29.43,-22.8613763,-43.2286004,-111,1,724,5,54007826,44521,6,-14.0,0.0,
328,2024.09.09_15.29.44,-22.8613763,-43.2286004,-111,1,724,5,54007826,44521,6,-14.0,0.0,
329,2024.09.09_15.29.45,-22.8613763,-43.2286004,-111,1,724,5,54007826,44521,6,-14.0,0.0,
330,2024.09.09_15.29.46,-22.8613763,-43.2286004,-111,1,724,5,54007826,44521,6,-14.0,0.0,
331,2024.09.09_15.29.47,-22.8613763,-43.2286004,-111,1,724,5,54007826,44521,6,-14.0,0.0,
332,2024.09.09_15.29.48,-22.8613763,-43.2286004,-111,1,724,5,54007826,44521,6,-14.0,0.0,
333,2024.09.09_15.29.49,-22.8613763,-43.2286004,-111,1,724,5,54007826,44521,6,-14.0,0.0,
334,2024.09.09_15.29.50,-22.8613763,-43.2286004,-111,1,724,5,54007826,44521,6,-14.0,0.0,
335,2024.09.09_15.29.51,-22.8613763,-43.2286004,-111,1,724,5,54007826,44521,6,-14.0,0.0,
336,2024.09.09_15.29.52,-22.8613763,-43.2286004,-111,1,724,5,54007826,44521,6,-14.0,0.0,
337,2024.09.09_15.29.53,-22.8613763,-43.2286004,-111,1,724,5,54007826,44521,6,-14.0,0.0,
338,2024.09.09_15.29.54,-22.8613763,-43.2286004,-111,1,724,5,54007826,44521,6,-14.0,0.0,
339,2024.09.09_15.29.55,-22.8613763,-43.2286004,-111,1,724,5,54007826,44521,6,-14.0,0.0,
340,2024.09.09_15.29.56,-22.8613763,-43.2286004,-111,1,724,5,54007826,44521,6,-14.0,0.0,
341,2024.09.09_15.29.57,-22.8613763,-43.2286004,-111,1,724,5,54007826,44521,6,-14.0,0.0,
342,2024.09.09_15.29.58,-22.8613763,-43.2286004,-111,1,724,5,54007826,44521,6,-14.0,0.0,
343,2024.09.09_15.29.59,-22.8613763,-43.2286004,-111,1,724,5,54007826,44521,6,-14.0,0.0,
344,2024.09.09_15.30.00,-22.8613763,-43.2286004,-111,1,724,5,54007826,44521,6,-14.0,0.0,
345,2024.09.09_15.30.01,-22.8613763,-43.2286004,-111,1,724,5,54007826,44521,6,-14.0,0.0,
346,2024.09.09_15.30.02,-22.8613763,-43.2286004,-111,1,724,5,54007826,44521,6,-14.0,0.0,
347,2024.09.09_15.30.04,-22.8613763,-43.2286004,-111,1,724,5,54007826,44521,6,-14.0,0.0,
348,2024.09.09_15.30.04,-22.8613763,-43.2286004,-111,1,724,5,54007826,44521,6,-14.0,0.0,
349,2024.09.09_15.30.05,-22.8613763,-43.2286004,-111,1,724,5,54007826,44521,6,-14.0,0.0,
350,2024.09.09_15.30.06,-22.8613763,-43.2286004,-111,1,724,5,54007826,44521,6,-14.0,0.0,
351,2024.09.09_15.30.07,-22.8613763,-43.2286004,-111,1,724,5,54007826,44521,6,-14.0,0.0,
352,2024.09.09_15.30.08,-22.8613763,-43.2286004,-111,1,724,5,54007826,44521,6,-14.0,0.0,
353,2024.09.09_15.30.09,-22.8613763,-43.2286004,-111,1,724,5,54007826,44521,6,-14.0,0.0,
354,2024.09.09_15.30.10,-22.8613763,-43.2286004,-111,1,724,5,54007826,44521,6,-14.0,0.0,
355,2024.09.09_15.30.12,-22.8613763,-43.2286004,-111,1,724,5,54007826,44521,6,-14.0,0.0,
356,2024.09.09_15.30.14,-22.8613763,-43.2286004,-111,1,724,5,54007826,44521,6,-14.0,0.0,
357,2024.09.09_15.30.14,-22.8613763,-43.2286004,-111,1,724,5,54007826,44521,6,-14.0,0.0,
358,2024.09.09_15.30.15,-22.8613763,-43.2286004,-111,1,724,5,54007826,44521,6,-14.0,0.0,
359,2024.09.09_15.30.15,-22.8613763,-43.2286004,-111,1,724,5,54007826,44521,6,-14.0,0.0,
360,2024.09.09_15.30.17,-22.8613763,-43.2286004,-111,1,724,5,54007826,44521,6,-14.0,0.0,
361,2024.09.09_15.30.19,-22.8613763,-43.2286004,-111,1,724,5,54007826,44521,6,-14.0,0.0,
362,2024.09.09_15.30.19,-22.8613763,-43.2286004,-111,1,724,5,54007826,44521,6,-14.0,0.0,
363,2024.09.09_15.30.19,-22.8613763,-43.2286004,-111,1,724,5,54007826,44521,6,-14.0,0.0,
364,2024.09.09_15.30.20,-22.8613763,-43.2286004,-111,1,724,5,54007826,44521,6,-14.0,0.0,
365,2024.09.09_15.30.21,-22.8613763,-43.2286004,-111,1,724,5,54007826,44521,6,-14.0,0.0,
366,2024.09.09_15.30.22,-22.8613763,-43.2286004,-111,1,724,5,54007826,44521,6,-14.0,0.0,
367,2024.09.09_15.30.23,-22.8613763,-43.2286004,-111,1,724,5,54007826,44521,6,-14.0,0.0,
368,2024.09.09_15.30.24,-22.8613763,-43.2286004,-111,1,724,5,54007826,44521,6,-14.0,0.0,
369,2024.09.09_15.30.25,-22.8613763,-43.2286004,-111,1,724,5,54007826,44521,6,-14.0,0.0,
370,2024.09.09_15.30.26,-22.8613763,-43.2286004,-111,1,724,5,54007826,44521,6,-14.0,0.0,
371,2024.09.09_15.30.27,-22.8613763,-43.2286004,-111,1,724,5,54007826,44521,6,-14.0,0.0,
372,2024.09.09_15.30.28,-22.8613763,-43.2286004,-111,1,724,5,54007826,44521,6,-14.0,0.0,
373,2024.09.09_15.30.29,-22.8613763,-43.2286004,-111,1,724,5,54007826,44521,6,-14.0,0.0,
374,2024.09.09_15.30.31,-22.8613763,-43.2286004,-111,1,724,5,54007826,44521,6,-14.0,0.0,
375,2024.09.09_15.30.31,-22.8613763,-43.2286004,-111,1,724,5,54007826,44521,6,-14.0,0.0,
376,2024.09.09_15.30.32,-22.8613763,-43.2286004,-111,1,724,5,54007826,44521,6,-14.0,0.0,
377,2024.09.09_15.30.33,-22.8613763,-43.2286004,-111,1,724,5,54007826,44521,6,-14.0,0.0,
378,2024.09.09_15.30.34,-22.8613763,-43.2286004,-111,1,724,5,54007826,44521,6,-14.0,0.0,
379,2024.09.09_15.30.35,-22.8613763,-43.2286004,-111,1,724,5,54007826,44521,6,-14.0,0.0,
380,2024.09.09_15.30.36,-22.8613763,-43.2286004,-111,1,724,5,54007826,44521,6,-14.0,0.0,
381,2024.09.09_15.30.37,-22.8613763,-43.2286004,-111,1,724,5,54007826,44521,6,-14.0,0.0,
382,2024.09.09_15.30.38,-22.8613763,-43.2286004,-111,1,724,5,54007826,44521,6,-14.0,0.0,
383,2024.09.09_15.30.39,-22.8613763,-43.2286004,-111,1,724,5,54007826,44521,6,-14.0,0.0,
384,2024.09.09_15.30.40,-22.8613763,-43.2286004,-111,1,724,5,54007826,44521,6,-14.0,0.0,
385,2024.09.09_15.30.41,-22.8613763,-43.2286004,-111,1,724,5,54007826,44521,6,-14.0,0.0,
386,2024.09.09_15.30.42,-22.8613763,-43.2286004,-111,1,724,5,54007826,44521,6,-14.0,0.0,
387,2024.09.09_15.30.43,-22.8613763,-43.2286004,-111,1,724,5,54007826,44521,6,-14.0,0.0,
388,2024.09.09_15.30.44,-22.8613763,-43.2286004,-111,1,724,5,54007826,44521,6,-14.0,0.0,
389,2024.09.09_15.30.45,-22.8613763,-43.2286004,-111,1,724,5,54007826,44521,6,-14.0,0.0,
390,2024.09.09_15.30.46,-22.8613763,-43.2286004,-111,1,724,5,54007826,44521,6,-14.0,0.0,
391,2024.09.09_15.30.47,-22.8613763,-43.2286004,-111,1,724,5,54007826,44521,6,-14.0,0.0,
392,2024.09.09_15.30.49,-22.8613763,-43.2286004,-111,1,724,5,54007826,44521,6,-14.0,0.0,
393,2024.09.09_15.30.49,-22.8613763,-43.2286004,-111,1,724,5,54007826,44521,6,-14.0,0.0,
394,2024.09.09_15.30.50,-22.8613763,-43.2286004,-111,1,724,5,54007826,44521,6,-14.0,0.0,
395,2024.09.09_15.30.51,-22.8613763,-43.2286004,-111,1,724,5,54007826,44521,6,-14.0,0.0,
396,2024.09.09_15.30.52,-22.8613763,-43.2286004,-111,1,724,5,54007826,44521,6,-14.0,0.0,
397,2024.09.09_15.30.53,-22.8613763,-43.2286004,-111,1,724,5,54007826,44521,6,-14.0,0.0,
398,2024.09.09_15.30.54,-22.8613763,-43.2286004,-111,1,724,5,54007826,44521,6,-14.0,0.0,
399,2024.09.09_15.30.55,-22.8613763,-43.2286004,-111,1,724,5,54007826,44521,6,-14.0,0.0,
400,2024.09.09_15.30.56,-22.8613763,-43.2286004,-111,1,724,5,54007826,44521,6,-14.0,0.0,
401,2024.09.09_15.30.57,-22.8613763,-43.2286004,-111,1,724,5,54007826,44521,6,-14.0,0.0,
402,2024.09.09_15.30.58,-22.8613763,-43.2286004,-111,1,724,5,54007826,44521,6,-14.0,0.0,
403,2024.09.09_15.30.59,-22.8613763,-43.2286004,-111,1,724,5,54007826,44521,6,-14.0,0.0,
404,2024.09.09_15.31.00,-22.8613763,-43.2286004,-111,1,724,5,54007826,44521,6,-14.0,0.0,
405,2024.09.09_15.31.01,-22.8613763,-43.2286004,-111,1,724,5,54007826,44521,6,-14.0,0.0,
406,2024.09.09_15.31.02,-22.8613763,-43.2286004,-111,1,724,5,54007826,44521,6,-14.0,0.0,
407,2024.09.09_15.31.03,-22.8613763,-43.2286004,-111,1,724,5,54007826,44521,6,-14.0,0.0,
408,2024.09.09_15.31.04,-22.8613763,-43.2286004,-111,1,724,5,54007826,44521,6,-14.0,0.0,
409,2024.09.09_15.31.05,-22.8613763,-43.2286004,-111,1,724,5,54007826,44521,6,-14.0,0.0,
410,2024.09.09_15.31.07,-22.8613763,-43.2286004,-111,1,724,5,54007826,44521,6,-14.0,0.0,
411,2024.09.09_15.31.07,-22.8613763,-43.2286004,-111,1,724,5,54007826,44521,6,-14.0,0.0,
412,2024.09.09_15.31.08,-22.8613763,-43.2286004,-111,1,724,5,54007826,44521,6,-14.0,0.0,
413,2024.09.09_15.31.09,-22.8613763,-43.2286004,-111,1,724,5,54007826,44521,6,-14.0,0.0,
414,2024.09.09_15.31.10,-22.8613763,-43.2286004,-111,1,724,5,54007826,44521,6,-14.0,0.0,
415,2024.09.09_15.31.11,-22.8613763,-43.2286004,-111,1,724,5,54007826,44521,6,-14.0,0.0,
416,2024.09.09_15.31.12,-22.8613763,-43.2286004,-111,1,724,5,54007826,44521,6,-14.0,0.0,
417,2024.09.09_15.31.14,-22.8613763,-43.2286004,-111,1,724,5,54007826,44521,6,-14.0,0.0,
418,2024.09.09_15.31.14,-22.8613763,-43.2286004,-111,1,724,5,54007826,44521,6,-14.0,0.0,
419,2024.09.09_15.31.15,-22.8613763,-43.2286004,-111,1,724,5,54007826,44521,6,-14.0,0.0,
420,2024.09.09_15.31.16,-22.8613763,-43.2286004,-111,1,724,5,54007826,44521,6,-14.0,0.0,
421,2024.09.09_15.31.17,-22.8613763,-43.2286004,-111,1,724,5,54007826,44521,6,-14.0,0.0,
422,2024.09.09_15.31.18,-22.8613763,-43.2286004,-111,1,724,5,54007826,44521,6,-14.0,0.0,
423,2024.09.09_15.31.19,-22.8613763,-43.2286004,-111,1,724,5,54007826,44521,6,-14.0,0.0,
424,2024.09.09_15.31.21,-22.8613763,-43.2286004,-111,1,724,5,54007826,44521,6,-14.0,0.0,
425,2024.09.09_15.31.22,-22.8613763,-43.2286004,-111,1,724,5,54007826,44521,6,-14.0,0.0,
426,2024.09.09_15.31.23,-22.8613763,-43.2286004,-111,1,724,5,54007826,44521,6,-14.0,0.0,
427,2024.09.09_15.31.24,-22.8613763,-43.2286004,-111,1,724,5,54007826,44521,6,-14.0,0.0,
428,2024.09.09_15.31.24,-22.8613763,-43.2286004,-111,1,724,5,54007826,44521,6,-14.0,0.0,
429,2024.09.09_15.31.25,-22.8613763,-43.2286004,-111,1,724,5,54007826,44521,6,-14.0,0.0,
430,2024.09.09_15.31.27,-22.8613763,-43.2286004,-111,1,724,5,54007826,44521,6,-14.0,0.0,
431,2024.09.09_15.31.28,-22.8613763,-43.2286004,-111,1,724,5,54007826,44521,6,-14.0,0.0,
432,2024.09.09_15.31.29,-22.8613763,-43.2286004,-111,1,724,5,54007826,44521,6,-14.0,0.0,
433,2024.09.09_15.31.30,-22.8613763,-43.2286004,-111,1,724,5,54007826,44521,6,-14.0,0.0,
434,2024.09.09_15.31.31,-22.8613763,-43.2286004,-111,1,724,5,54007826,44521,6,-14.0,0.0,
435,2024.09.09_15.31.32,-22.8613763,-43.2286004,-111,1,724,5,54007826,44521,6,-14.0,0.0,
436,2024.09.09_15.31.33,-22.8613763,-43.2286004,-111,1,724,5,54007826,44521,6,-14.0,0.0,
437,2024.09.09_15.31.34,-22.8613763,-43.2286004,-111,1,724,5,54007826,44521,6,-14.0,0.0,
438,2024.09.09_15.31.35,-22.8613763,-43.2286004,-111,1,724,5,54007826,44521,6,-14.0,0.0,
439,2024.09.09_15.31.36,-22.8613763,-43.2286004,-111,1,724,5,54007826,44521,6,-14.0,0.0,
440,2024.09.09_15.31.37,-22.8613763,-43.2286004,-111,1,724,5,54007826,44521,6,-14.0,0.0,
441,2024.09.09_15.31.38,-22.8613763,-43.2286004,-111,1,724,5,54007826,44521,6,-14.0,0.0,
442,2024.09.09_15.31.39,-22.8613763,-43.2286004,-111,1,724,5,54007826,44521,6,-14.0,0.0,
443,2024.09.09_15.31.40,-22.8613763,-43.2286004,-111,1,724,5,54007826,44521,6,-14.0,0.0,
444,2024.09.09_15.31.41,-22.8613763,-43.2286004,-111,1,724,5,54007826,44521,6,-14.0,0.0,
445,2024.09.09_15.31.42,-22.8613763,-43.2286004,-111,1,724,5,54007826,44521,6,-14.0,0.0,
446,2024.09.09_15.31.43,-22.8613763,-43.2286004,-111,1,724,5,54007826,44521,6,-14.0,0.0,
447,2024.09.09_15.31.44,-22.8613763,-43.2286004,-111,1,724,5,54007826,44521,6,-14.0,0.0,
448,2024.09.09_15.31.45,-22.8613763,-43.2286004,-111,1,724,5,54007826,44521,6,-14.0,0.0,
449,2024.09.09_15.31.46,-22.8613763,-43.2286004,-111,1,724,5,54007826,44521,6,-14.0,0.0,
450,2024.09.09_15.31.47,-22.8613763,-43.2286004,-111,1,724,5,54007826,44521,6,-14.0,0.0,
451,2024.09.09_15.31.48,-22.8613763,-43.2286004,-111,1,724,5,54007826,44521,6,-14.0,0.0,
452,2024.09.09_15.31.49,-22.8613763,-43.2286004,-111,1,724,5,54007826,44521,6,-14.0,0.0,
453,2024.09.09_15.31.50,-22.8613763,-43.2286004,-111,1,724,5,54007826,44521,6,-14.0,0.0,
454,2024.09.09_15.31.51,-22.8613763,-43.2286004,-111,1,724,5,54007826,44521,6,-14.0,0.0,
455,2024.09.09_15.31.52,-22.8613763,-43.2286004,-111,1,724,5,54007826,44521,6,-14.0,0.0,
456,2024.09.09_15.31.53,-22.8613763,-43.2286004,-111,1,724,5,54007826,44521,6,-14.0,0.0,
457,2024.09.09_15.31.54,-22.8613763,-43.2286004,-111,1,724,5,54007826,44521,6,-14.0,0.0,
458,2024.09.09_15.31.55,-22.8613763,-43.2286004,-111,1,724,5,54007826,44521,6,-14.0,0.0,
459,2024.09.09_15.31.56,-22.8613763,-43.2286004,-111,1,724,5,54007826,44521,6,-14.0,0.0,
460,2024.09.09_15.31.57,-22.8613763,-43.2286004,-111,1,724,5,54007826,44521,6,-14.0,0.0,
461,2024.09.09_15.31.58,-22.8613763,-43.2286004,-111,1,724,5,54007826,44521,6,-14.0,0.0,
462,2024.09.09_15.31.59,-22.8613763,-43.2286004,-111,1,724,5,54007826,44521,6,-14.0,0.0,
463,2024.09.09_15.32.00,-22.8613763,-43.2286004,-111,1,724,5,54007826,44521,6,-14.0,0.0,
464,2024.09.09_15.32.01,-22.8613763,-43.2286004,-111,1,724,5,54007826,44521,6,-14.0,0.0,
465,2024.09.09_15.32.02,-22.8613763,-43.2286004,-111,1,724,5,54007826,44521,6,-14.0,0.0,
466,2024.09.09_15.32.03,-22.8613763,-43.2286004,-111,1,724,5,54007826,44521,6,-14.0,0.0,
467,2024.09.09_15.32.04,-22.8613763,-43.2286004,-111,1,724,5,54007826,44521,6,-14.0,0.0,
468,2024.09.09_15.32.05,-22.8613763,-43.2286004,-111,1,724,5,54007826,44521,6,-14.0,0.0,
469,2024.09.09_15.32.06,-22.8613763,-43.2286004,-111,1,724,5,54007826,44521,6,-14.0,0.0,
470,2024.09.09_15.32.07,-22.8613763,-43.2286004,-111,1,724,5,54007826,44521,6,-14.0,0.0,
471,2024.09.09_15.32.08,-22.8613763,-43.2286004,-111,1,724,5,54007826,44521,6,-14.0,0.0,
472,2024.09.09_15.32.09,-22.8613763,-43.2286004,-111,1,724,5,54007826,44521,6,-14.0,0.0,
473,2024.09.09_15.32.10,-22.8613763,-43.2286004,-111,1,724,5,54007826,44521,6,-14.0,0.0,
474,2024.09.09_15.32.11,-22.8613763,-43.2286004,-111,1,724,5,54007826,44521,6,-14.0,0.0,
475,2024.09.09_15.32.12,-22.8613763,-43.2286004,-111,1,724,5,54007826,44521,6,-14.0,0.0,
476,2024.09.09_15.32.13,-22.8613763,-43.2286004,-111,1,724,5,54007826,44521,6,-14.0,0.0,
477,2024.09.09_15.32.14,-22.8613763,-43.2286004,-111,1,724,5,54007826,44521,6,-14.0,0.0,
478,2024.09.09_15.32.15,-22.8613763,-43.2286004,-111,1,724,5,54007826,44521,6,-14.0,0.0,
479,2024.09.09_15.32.16,-22.8613763,-43.2286004,-111,1,724,5,54007826,44521,6,-14.0,0.0,
480,2024.09.09_15.32.17,-22.8613763,-43.2286004,-111,1,724,5,54007826,44521,6,-14.0,0.0,
481,2024.09.09_15.32.18,-22.8613763,-43.2286004,-111,1,724,5,54007826,44521,6,-14.0,0.0,
482,2024.09.09_15.32.19,-22.8613763,-43.2286004,-111,1,724,5,54007826,44521,6,-14.0,0.0,
483,2024.09.09_15.32.20,-22.8613763,-43.2286004,-111,1,724,5,54007826,44521,6,-14.0,0.0,
484,2024.09.09_15.32.21,-22.8613763,-43.2286004,-111,1,724,5,54007826,44521,6,-14.0,0.0,
485,2024.09.09_15.32.22,-22.8613763,-43.2286004,-111,1,724,5,54007826,44521,6,-14.0,0.0,
486,2024.09.09_15.32.23,-22.8613763,-43.2286004,-111,1,724,5,54007826,44521,6,-14.0,0.0,
487,2024.09.09_15.32.24,-22.8613763,-43.2286004,-111,1,724,5,54007826,44521,6,-14.0,0.0,
488,2024.09.09_15.32.25,-22.8613763,-43.2286004,-111,1,724,5,54007826,44521,6,-14.0,0.0,
489,2024.09.09_15.32.26,-22.8613763,-43.2286004,-111,1,724,5,54007826,44521,6,-14.0,0.0,
490,2024.09.09_15.32.27,-22.8613763,-43.2286004,-111,1,724,5,54007826,44521,6,-14.0,0.0,
491,2024.09.09_15.32.28,-22.8613763,-43.2286004,-111,1,724,5,54007826,44521,6,-14.0,0.0,
492,2024.09.09_15.32.29,-22.8613763,-43.2286004,-111,1,724,5,54007826,44521,6,-14.0,0.0,
493,2024.09.09_15.32.30,-22.8613763,-43.2286004,-111,1,724,5,54007826,44521,6,-14.0,0.0,
494,2024.09.09_15.32.31,-22.8613763,-43.2286004,-111,1,724,5,54007826,44521,6,-14.0,0.0,
495,2024.09.09_15.32.32,-22.8613763,-43.2286004,-111,1,724,5,54007826,44521,6,-14.0,0.0,
496,2024.09.09_15.32.33,-22.8613763,-43.2286004,-111,1,724,5,54007826,44521,6,-14.0,0.0,
497,2024.09.09_15.32.34,-22.8613763,-43.2286004,-111,1,724,5,54007826,44521,6,-14.0,0.0,
498,2024.09.09_15.32.35,-22.8613763,-43.2286004,-111,1,724,5,54007826,44521,6,-14.0,0.0,
499,2024.09.09_15.32.36,-22.8613763,-43.2286004,-111,1,724,5,54007826,44521,6,-14.0,0.0,
500,2024.09.09_15.32.37,-22.8613763,-43.2286004,-111,1,724,5,54007826,44521,6,-14.0,0.0,
501,2024.09.09_15.32.38,-22.8613763,-43.2286004,-111,1,724,5,54007826,44521,6,-14.0,0.0,
502,2024.09.09_15.32.39,-22.8613763,-43.2286004,-111,1,724,5,54007826,44521,6,-14.0,0.0,
503,2024.09.09_15.32.40,-22.8613763,-43.2286004,-111,1,724,5,54007826,44521,6,-14.0,0.0,
504,2024.09.09_15.32.41,-22.8613763,-43.2286004,-111,1,724,5,54007826,44521,6,-14.0,0.0,
505,2024.09.09_15.32.42,-22.8613763,-43.2286004,-111,1,724,5,54007826,44521,6,-14.0,0.0,
506,2024.09.09_15.32.43,-22.8613763,-43.2286004,-111,1,724,5,54007826,44521,6,-14.0,0.0,
507,2024.09.09_15.32.44,-22.8613763,-43.2286004,-111,1,724,5,54007826,44521,6,-14.0,0.0,
508,2024.09.09_15.32.45,-22.8613763,-43.2286004,-111,1,724,5,54007826,44521,6,-14.0,0.0,
509,2024.09.09_15.32.46,-22.8613763,-43.2286004,-111,1,724,5,54007826,44521,6,-14.0,0.0,
510,2024.09.09_15.32.47,-22.8613763,-43.2286004,-111,1,724,5,54007826,44521,6,-14.0,0.0,
511,2024.09.09_15.32.48,-22.8613763,-43.2286004,-111,1,724,5,54007826,44521,6,-14.0,0.0,
512,2024.09.09_15.32.49,-22.8613763,-43.2286004,-111,1,724,5,54007826,44521,6,-14.0,0.0,
513,2024.09.09_15.32.50,-22.8613763,-43.2286004,-111,1,724,5,54007826,44521,6,-14.0,0.0,
514,2024.09.09_15.32.51,-22.8613763,-43.2286004,-111,1,724,5,54007826,44521,6,-14.0,0.0,
515,2024.09.09_15.32.52,-22.8613763,-43.2286004,-111,1,724,5,54007826,44521,6,-14.0,0.0,
516,2024.09.09_15.32.53,-22.8613763,-43.2286004,-111,1,724,5,54007826,44521,6,-14.0,0.0,
517,2024.09.09_15.32.54,-22.8613763,-43.2286004,-111,1,724,5,54007826,44521,6,-14.0,0.0,
518,2024.09.09_15.32.55,-22.8613763,-43.2286004,-111,1,724,5,54007826,44521,6,-14.0,0.0,
519,2024.09.09_15.32.56,-22.8613763,-43.2286004,-111,1,724,5,54007826,44521,6,-14.0,0.0,
520,2024.09.09_15.32.57,-22.8613763,-43.2286004,-111,1,724,5,54007826,44521,6,-14.0,0.0,
521,2024.09.09_15.32.58,-22.8613763,-43.2286004,-111,1,724,5,54007826,44521,6,-14.0,0.0,
522,2024.09.09_15.32.59,-22.8613763,-43.2286004,-111,1,724,5,54007826,44521,6,-14.0,0.0,
523,2024.09.09_15.33.00,-22.8613763,-43.2286004,-111,1,724,5,54007826,44521,6,-14.0,0.0,
524,2024.09.09_15.33.01,-22.8613763,-43.2286004,-111,1,724,5,54007826,44521,6,-14.0,0.0,
525,2024.09.09_15.33.02,-22.8613763,-43.2286004,-111,1,724,5,54007826,44521,6,-14.0,0.0,
526,2024.09.09_15.33.03,-22.8613763,-43.2286004,-111,1,724,5,54007826,44521,6,-14.0,0.0,
527,2024.09.09_15.33.04,-22.8613763,-43.2286004,-111,1,724,5,54007826,44521,6,-14.0,0.0,
528,2024.09.09_15.33.05,-22.8613763,-43.2286004,-111,1,724,5,54007826,44521,6,-14.0,0.0,
529,2024.09.09_15.33.06,-22.8613763,-43.2286004,-111,1,724,5,54007826,44521,6,-14.0,0.0,
530,2024.09.09_15.33.07,-22.8613763,-43.2286004,-111,1,724,5,54007826,44521,6,-14.0,0.0,
531,2024.09.09_15.33.08,-22.8613763,-43.2286004,-111,1,724,5,54007826,44521,6,-14.0,0.0,
532,2024.09.09_15.33.09,-22.8613763,-43.2286004,-111,1,724,5,54007826,44521,6,-14.0,0.0,
533,2024.09.09_15.33.10,-22.8613763,-43.2286004,-111,1,724,5,54007826,44521,6,-14.0,0.0,
534,2024.09.09_15.33.11,-22.8613763,-43.2286004,-111,1,724,5,54007826,44521,6,-14.0,0.0,
535,2024.09.09_15.33.12,-22.8613763,-43.2286004,-111,1,724,5,54007826,44521,6,-14.0,0.0,
536,2024.09.09_15.33.13,-22.8613763,-43.2286004,-111,1,724,5,54007826,44521,6,-14.0,0.0,
537,2024.09.09_15.33.14,-22.8613763,-43.2286004,-111,1,724,5,54007826,44521,6,-14.0,0.0,
538,2024.09.09_15.33.15,-22.8613763,-43.2286004,-111,1,724,5,54007826,44521,6,-14.0,0.0,
539,2024.09.09_15.33.16,-22.8613763,-43.2286004,-111,1,724,5,54007826,44521,6,-14.0,0.0,
540,2024.09.09_15.33.17,-22.8613763,-43.2286004,-111,1,724,5,54007826,44521,6,-14.0,0.0,
541,2024.09.09_15.33.18,-22.8613763,-43.2286004,-111,1,724,5,54007826,44521,6,-14.0,0.0,
542,2024.09.09_15.33.19,-22.8613763,-43.2286004,-111,1,724,5,54007826,44521,6,-14.0,0.0,
543,2024.09.09_15.33.20,-22.8613763,-43.2286004,-111,1,724,5,54007826,44521,6,-14.0,0.0,
544,2024.09.09_15.33.21,-22.8613763,-43.2286004,-111,1,724,5,54007826,44521,6,-14.0,0.0,
545,2024.09.09_15.33.22,-22.8613763,-43.2286004,-111,1,724,5,54007826,44521,6,-14.0,0.0,
546,2024.09.09_15.33.23,-22.8613763,-43.2286004,-111,1,724,5,54007826,44521,6,-14.0,0.0,
547,2024.09.09_15.33.24,-22.8613763,-43.2286004,-111,1,724,5,54007826,44521,6,-14.0,0.0,
548,2024.09.09_15.33.25,-22.8613763,-43.2286004,-111,1,724,5,54007826,44521,6,-14.0,0.0,
549,2024.09.09_15.33.26,-22.8613763,-43.2286004,-111,1,724,5,54007826,44521,6,-14.0,0.0,
550,2024.09.09_15.33.27,-22.8613763,-43.2286004,-111,1,724,5,54007826,44521,6,-14.0,0.0,
551,2024.09.09_15.33.28,-22.8613763,-43.2286004,-111,1,724,5,54007826,44521,6,-14.0,0.0,
552,2024.09.09_15.33.29,-22.8613763,-43.2286004,-111,1,724,5,54007826,44521,6,-14.0,0.0,
553,2024.09.09_15.33.30,-22.8613763,-43.2286004,-111,1,724,5,54007826,44521,6,-14.0,0.0,
554,2024.09.09_15.33.31,-22.8613763,-43.2286004,-111,1,724,5,54007826,44521,6,-14.0,0.0,
555,2024.09.09_15.33.32,-22.8613763,-43.2286004,-111,1,724,5,54007826,44521,6,-14.0,0.0,
556,2024.09.09_15.33.33,-22.8613763,-43.2286004,-111,1,724,5,54007826,44521,6,-14.0,0.0,
557,2024.09.09_15.33.34,-22.8613763,-43.2286004,-111,1,724,5,54007826,44521,6,-14.0,0.0,
558,2024.09.09_15.33.35,-22.8613763,-43.2286004,-111,1,724,5,54007826,44521,6,-14.0,0.0,
559,2024.09.09_15.33.36,-22.8613763,-43.2286004,-111,1,724,5,54007826,44521,6,-14.0,0.0,
560,2024.09.09_15.33.37,-22.8613763,-43.2286004,-111,1,724,5,54007826,44521,6,-14.0,0.0,
561,2024.09.09_15.33.38,-22.8613763,-43.2286004,-111,1,724,5,54007826,44521,6,-14.0,0.0,
562,2024.09.09_15.33.39,-22.8613763,-43.2286004,-111,1,724,5,54007826,44521,6,-14.0,0.0,
563,2024.09.09_15.33.40,-22.8613763,-43.2286004,-111,1,724,5,54007826,44521,6,-14.0,0.0,
564,2024.09.09_15.33.41,-22.8613763,-43.2286004,-111,1,724,5,54007826,44521,6,-14.0,0.0,
565,2024.09.09_15.33.42,-22.8613763,-43.2286004,-111,1,724,5,54007826,44521,6,-14.0,0.0,
566,2024.09.09_15.33.43,-22.8613763,-43.2286004,-111,1,724,5,54007826,44521,6,-14.0,0.0,
567,2024.09.09_15.33.44,-22.8613763,-43.2286004,-111,1,724,5,54007826,44521,6,-14.0,0.0,
568,2024.09.09_15.33.45,-22.8613763,-43.2286004,-111,1,724,5,54007826,44521,6,-14.0,0.0,
569,2024.09.09_15.33.46,-22.8613763,-43.2286004,-111,1,724,5,54007826,44521,6,-14.0,0.0,
570,2024.09.09_15.33.47,-22.8613763,-43.2286004,-111,1,724,5,54007826,44521,6,-14.0,0.0,
571,2024.09.09_15.33.48,-22.8613763,-43.2286004,-111,1,724,5,54007826,44521,6,-14.0,0.0,
572,2024.09.09_15.33.49,-22.8613763,-43.2286004,-111,1,724,5,54007826,44521,6,-14.0,0.0,
573,2024.09.09_15.33.50,-22.8613763,-43.2286004,-111,1,724,5,54007826,44521,6,-14.0,0.0,
574,2024.09.09_15.33.51,-22.8613763,-43.2286004,-111,1,724,5,54007826,44521,6,-14.0,0.0,
575,2024.09.09_15.33.52,-22.8613763,-43.2286004,-111,1,724,5,54007826,44521,6,-14.0,0.0,
576,2024.09.09_15.33.53,-22.8613763,-43.2286004,-111,1,724,5,54007826,44521,6,-14.0,0.0,
577,2024.09.09_15.33.54,-22.8613763,-43.2286004,-111,1,724,5,54007826,44521,6,-14.0,0.0,
578,2024.09.09_15.33.55,-22.8613763,-43.2286004,-111,1,724,5,54007826,44521,6,-14.0,0.0,
579,2024.09.09_15.33.56,-22.8613763,-43.2286004,-111,1,724,5,54007826,44521,6,-14.0,0.0,
580,2024.09.09_15.33.57,-22.8613763,-43.2286004,-111,1,724,5,54007826,44521,6,-14.0,0.0,
581,2024.09.09_15.33.58,-22.8613763,-43.2286004,-111,1,724,5,54007826,44521,6,-14.0,0.0,
582,2024.09.09_15.33.59,-22.8613763,-43.2286004,-111,1,724,5,54007826,44521,6,-14.0,0.0,
583,2024.09.09_15.34.00,-22.8613763,-43.2286004,-111,1,724,5,54007826,44521,6,-14.0,0.0,
584,2024.09.09_15.34.01,-22.8613763,-43.2286004,-111,1,724,5,54007826,44521,6,-14.0,0.0,
585,2024.09.09_15.34.02,-22.8613763,-43.2286004,-111,1,724,5,54007826,44521,6,-14.0,0.0,
586,2024.09.09_15.34.03,-22.8613763,-43.2286004,-111,1,724,5,54007826,44521,6,-14.0,0.0,
587,2024.09.09_15.34.04,-22.8613763,-43.2286004,-111,1,724,5,54007826,44521,6,-14.0,0.0,
588,2024.09.09_15.34.05,-22.8613763,-43.2286004,-111,1,724,5,54007826,44521,6,-14.0,0.0,
589,2024.09.09_15.34.07,-22.8613763,-43.2286004,-111,1,724,5,54007826,44521,6,-14.0,0.0,
590,2024.09.09_15.34.07,-22.8613763,-43.2286004,-111,1,724,5,54007826,44521,6,-14.0,0.0,
591,2024.09.09_15.34.08,-22.8613763,-43.2286004,-111,1,724,5,54007826,44521,6,-14.0,0.0,
592,2024.09.09_15.34.09,-22.8613763,-43.2286004,-111,1,724,5,54007826,44521,6,-14.0,0.0,
593,2024.09.09_15.34.10,-22.8613763,-43.2286004,-111,1,724,5,54007826,44521,6,-14.0,0.0,
594,2024.09.09_15.34.11,-22.8613763,-43.2286004,-111,1,724,5,54007826,44521,6,-14.0,0.0,
595,2024.09.09_15.34.12,-22.8613763,-43.2286004,-111,1,724,5,54007826,44521,6,-14.0,0.0,
596,2024.09.09_15.34.13,-22.8613763,-43.2286004,-111,1,724,5,54007826,44521,6,-14.0,0.0,
597,2024.09.09_15.34.14,-22.8613763,-43.2286004,-111,1,724,5,54007826,44521,6,-14.0,0.0,
598,2024.09.09_15.34.15,-22.8613763,-43.2286004,-111,1,724,5,54007826,44521,6,-14.0,0.0,
599,2024.09.09_15.34.16,-22.8613763,-43.2286004,-111,1,724,5,54007826,44521,6,-14.0,0.0,
600,2024.09.09_15.34.17,-22.8613763,-43.2286004,-111,1,724,5,54007826,44521,6,-14.0,0.0,
601,2024.09.09_15.34.18,-22.8613763,-43.2286004,-111,1,724,5,54007826,44521,6,-14.0,0.0,
602,2024.09.09_15.34.19,-22.8613763,-43.2286004,-111,1,724,5,54007826,44521,6,-14.0,0.0,
603,2024.09.09_15.34.20,-22.8613763,-43.2286004,-111,1,724,5,54007826,44521,6,-14.0,0.0,
604,2024.09.09_15.34.21,-22.8613763,-43.2286004,-111,1,724,5,54007826,44521,6,-14.0,0.0,
605,2024.09.09_15.34.22,-22.8613763,-43.2286004,-111,1,724,5,54007826,44521,6,-14.0,0.0,
606,2024.09.09_15.34.23,-22.8613763,-43.2286004,-111,1,724,5,54007826,44521,6,-14.0,0.0,
607,2024.09.09_15.34.24,-22.8613763,-43.2286004,-111,1,724,5,54007826,44521,6,-14.0,0.0,
608,2024.09.09_15.34.25,-22.8613763,-43.2286004,-111,1,724,5,54007826,44521,6,-14.0,0.0,
609,2024.09.09_15.34.26,-22.8613763,-43.2286004,-111,1,724,5,54007826,44521,6,-14.0,0.0,
610,2024.09.09_15.34.27,-22.8613763,-43.2286004,-111,1,724,5,54007826,44521,6,-14.0,0.0,
611,2024.09.09_15.34.28,-22.8613763,-43.2286004,-111,1,724,5,54007826,44521,6,-14.0,0.0,
612,2024.09.09_15.34.29,-22.8613763,-43.2286004,-111,1,724,5,54007826,44521,6,-14.0,0.0,
613,2024.09.09_15.34.31,-22.8613763,-43.2286004,-111,1,724,5,54007826,44521,6,-14.0,0.0,
614,2024.09.09_15.34.31,-22.8613763,-43.2286004,-111,1,724,5,54007826,44521,6,-14.0,0.0,
615,2024.09.09_15.34.32,-22.8613763,-43.2286004,-111,1,724,5,54007826,44521,6,-14.0,0.0,
616,2024.09.09_15.34.33,-22.8613763,-43.2286004,-111,1,724,5,54007826,44521,6,-14.0,0.0,
617,2024.09.09_15.34.34,-22.8613763,-43.2286004,-111,1,724,5,54007826,44521,6,-14.0,0.0,
618,2024.09.09_15.34.36,-22.8613763,-43.2286004,-111,1,724,5,54007826,44521,6,-14.0,0.0,
619,2024.09.09_15.34.36,-22.8613763,-43.2286004,-111,1,724,5,54007826,44521,6,-14.0,0.0,
620,2024.09.09_15.34.37,-22.8613763,-43.2286004,-111,1,724,5,54007826,44521,6,-14.0,0.0,
621,2024.09.09_15.34.38,-22.8613763,-43.2286004,-111,1,724,5,54007826,44521,6,-14.0,0.0,
622,2024.09.09_15.34.39,-22.8613763,-43.2286004,-111,1,724,5,54007826,44521,6,-14.0,0.0,
623,2024.09.09_15.34.40,-22.8613763,-43.2286004,-111,1,724,5,54007826,44521,6,-14.0,0.0,
624,2024.09.09_15.34.41,-22.8613763,-43.2286004,-111,1,724,5,54007826,44521,6,-14.0,0.0,
625,2024.09.09_15.34.43,-22.8613763,-43.2286004,-111,1,724,5,54007826,44521,6,-14.0,0.0,
626,2024.09.09_15.34.44,-22.8613763,-43.2286004,-111,1,724,5,54007826,44521,6,-14.0,0.0,
627,2024.09.09_15.34.44,-22.8613763,-43.2286004,-111,1,724,5,54007826,44521,6,-14.0,0.0,
628,2024.09.09_15.34.45,-22.8613763,-43.2286004,-111,1,724,5,54007826,44521,6,-14.0,0.0,
629,2024.09.09_15.34.46,-22.8613763,-43.2286004,-111,1,724,5,54007826,44521,6,-14.0,0.0,
630,2024.09.09_15.34.47,-22.8613763,-43.2286004,-111,1,724,5,54007826,44521,6,-14.0,0.0,
631,2024.09.09_15.34.48,-22.8613763,-43.2286004,-111,1,724,5,54007826,44521,6,-14.0,0.0,
632,2024.09.09_15.34.50,-22.8613763,-43.2286004,-111,1,724,5,54007826,44521,6,-14.0,0.0,
633,2024.09.09_15.34.50,-22.8613763,-43.2286004,-111,1,724,5,54007826,44521,6,-14.0,0.0,
634,2024.09.09_15.34.52,-22.8613763,-43.2286004,-111,1,724,5,54007826,44521,6,-14.0,0.0,
635,2024.09.09_15.34.52,-22.8613763,-43.2286004,-111,1,724,5,54007826,44521,6,-14.0,0.0,
636,2024.09.09_15.34.54,-22.8613763,-43.2286004,-111,1,724,5,54007826,44521,6,-14.0,0.0,
637,2024.09.09_15.34.54,-22.8613763,-43.2286004,-111,1,724,5,54007826,44521,6,-14.0,0.0,
638,2024.09.09_15.34.55,-22.8613763,-43.2286004,-111,1,724,5,54007826,44521,6,-14.0,0.0,
639,2024.09.09_15.34.56,-22.8613763,-43.2286004,-111,1,724,5,54007826,44521,6,-14.0,0.0,
640,2024.09.09_15.34.57,-22.8613763,-43.2286004,-111,1,724,5,54007826,44521,6,-14.0,0.0,
641,2024.09.09_15.34.58,-22.8613763,-43.2286004,-111,1,724,5,54007826,44521,6,-14.0,0.0,
642,2024.09.09_15.34.59,-22.8613763,-43.2286004,-111,1,724,5,54007826,44521,6,-14.0,0.0,
643,2024.09.09_15.35.01,-22.8613763,-43.2286004,-111,1,724,5,54007826,44521,6,-14.0,0.0,
644,2024.09.09_15.35.02,-22.8613763,-43.2286004,-111,1,724,5,54007826,44521,6,-14.0,0.0,
645,2024.09.09_15.35.03,-22.8613763,-43.2286004,-111,1,724,5,54007826,44521,6,-14.0,0.0,
646,2024.09.09_15.35.04,-22.8613763,-43.2286004,-111,1,724,5,54007826,44521,6,-14.0,0.0,
647,2024.09.09_15.35.04,-22.8613763,-43.2286004,-111,1,724,5,54007826,44521,6,-14.0,0.0,
648,2024.09.09_15.35.06,-22.8613763,-43.2286004,-111,1,724,5,54007826,44521,6,-14.0,0.0,
649,2024.09.09_15.35.07,-22.8613763,-43.2286004,-111,1,724,5,54007826,44521,6,-14.0,0.0,
650,2024.09.09_15.35.08,-22.8613763,-43.2286004,-111,1,724,5,54007826,44521,6,-14.0,0.0,
651,2024.09.09_15.35.09,-22.8613763,-43.2286004,-111,1,724,5,54007826,44521,6,-14.0,0.0,
652,2024.09.09_15.35.10,-22.8613763,-43.2286004,-111,1,724,5,54007826,44521,6,-14.0,0.0,
653,2024.09.09_15.35.11,-22.8613763,-43.2286004,-111,1,724,5,54007826,44521,6,-14.0,0.0,
654,2024.09.09_15.35.12,-22.8613763,-43.2286004,-111,1,724,5,54007826,44521,6,-14.0,0.0,
655,2024.09.09_15.35.13,-22.8613763,-43.2286004,-111,1,724,5,54007826,44521,6,-14.0,0.0,
656,2024.09.09_15.35.14,-22.8613763,-43.2286004,-111,1,724,5,54007826,44521,6,-14.0,0.0,
657,2024.09.09_15.35.15,-22.8613763,-43.2286004,-111,1,724,5,54007826,44521,6,-14.0,0.0,
658,2024.09.09_15.35.16,-22.8613763,-43.2286004,-111,1,724,5,54007826,44521,6,-14.0,0.0,
659,2024.09.09_15.35.17,-22.8613763,-43.2286004,-111,1,724,5,54007826,44521,6,-14.0,0.0,
660,2024.09.09_15.35.18,-22.8613763,-43.2286004,-111,1,724,5,54007826,44521,6,-14.0,0.0,
661,2024.09.09_15.35.19,-22.8613763,-43.2286004,-111,1,724,5,54007826,44521,6,-14.0,0.0,
662,2024.09.09_15.35.20,-22.8613763,-43.2286004,-111,1,724,5,54007826,44521,6,-14.0,0.0,
663,2024.09.09_15.35.21,-22.8613763,-43.2286004,-111,1,724,5,54007826,44521,6,-14.0,0.0,
664,2024.09.09_15.35.22,-22.8613763,-43.2286004,-111,1,724,5,54007826,44521,6,-14.0,0.0,
665,2024.09.09_15.35.23,-22.8613763,-43.2286004,-111,1,724,5,54007826,44521,6,-14.0,0.0,
666,2024.09.09_15.35.24,-22.8613763,-43.2286004,-111,1,724,5,54007826,44521,6,-14.0,0.0,
667,2024.09.09_15.35.25,-22.8613763,-43.2286004,-111,1,724,5,54007826,44521,6,-14.0,0.0,
668,2024.09.09_15.35.26,-22.8613763,-43.2286004,-111,1,724,5,54007826,44521,6,-14.0,0.0,
669,2024.09.09_15.35.27,-22.8613763,-43.2286004,-111,1,724,5,54007826,44521,6,-14.0,0.0,
670,2024.09.09_15.35.28,-22.8613763,-43.2286004,-111,1,724,5,54007826,44521,6,-14.0,0.0,
671,2024.09.09_15.35.29,-22.8613763,-43.2286004,-111,1,724,5,54007826,44521,6,-14.0,0.0,
672,2024.09.09_15.35.30,-22.8613763,-43.2286004,-111,1,724,5,54007826,44521,6,-14.0,0.0,
673,2024.09.09_15.35.31,-22.8613763,-43.2286004,-111,1,724,5,54007826,44521,6,-14.0,0.0,
674,2024.09.09_15.35.32,-22.8613763,-43.2286004,-111,1,724,5,54007826,44521,6,-14.0,0.0,
675,2024.09.09_15.35.33,-22.8613763,-43.2286004,-111,1,724,5,54007826,44521,6,-14.0,0.0,
676,2024.09.09_15.35.34,-22.8613763,-43.2286004,-111,1,724,5,54007826,44521,6,-14.0,0.0,
677,2024.09.09_15.35.35,-22.8613763,-43.2286004,-111,1,724,5,54007826,44521,6,-14.0,0.0,
678,2024.09.09_15.35.36,-22.8613763,-43.2286004,-111,1,724,5,54007826,44521,6,-14.0,0.0,
679,2024.09.09_15.35.37,-22.8613763,-43.2286004,-111,1,724,5,54007826,44521,6,-14.0,0.0,
680,2024.09.09_15.35.38,-22.8613763,-43.2286004,-111,1,724,5,54007826,44521,6,-14.0,0.0,
681,2024.09.09_15.35.39,-22.8613763,-43.2286004,-111,1,724,5,54007826,44521,6,-14.0,0.0,
682,2024.09.09_15.35.40,-22.8613763,-43.2286004,-111,1,724,5,54007826,44521,6,-14.0,0.0,
683,2024.09.09_15.35.41,-22.8613763,-43.2286004,-111,1,724,5,54007826,44521,6,-14.0,0.0,
684,2024.09.09_15.35.42,-22.8613763,-43.2286004,-111,1,724,5,54007826,44521,6,-14.0,0.0,
685,2024.09.09_15.35.43,-22.8613763,-43.2286004,-111,1,724,5,54007826,44521,6,-14.0,0.0,
686,2024.09.09_15.35.44,-22.8613763,-43.2286004,-111,1,724,5,54007826,44521,6,-14.0,0.0,
687,2024.09.09_15.35.45,-22.8613763,-43.2286004,-111,1,724,5,54007826,44521,6,-14.0,0.0,
688,2024.09.09_15.35.46,-22.8613763,-43.2286004,-111,1,724,5,54007826,44521,6,-14.0,0.0,
689,2024.09.09_15.35.47,-22.8613763,-43.2286004,-111,1,724,5,54007826,44521,6,-14.0,0.0,
690,2024.09.09_15.35.48,-22.8613763,-43.2286004,-111,1,724,5,54007826,44521,6,-14.0,0.0,
691,2024.09.09_15.35.49,-22.8613763,-43.2286004,-111,1,724,5,54007826,44521,6,-14.0,0.0,
692,2024.09.09_15.35.50,-22.8613763,-43.2286004,-111,1,724,5,54007826,44521,6,-14.0,0.0,
693,2024.09.09_15.35.51,-22.8613763,-43.2286004,-111,1,724,5,54007826,44521,6,-14.0,0.0,
694,2024.09.09_15.35.52,-22.8613763,-43.2286004,-111,1,724,5,54007826,44521,6,-14.0,0.0,
695,2024.09.09_15.35.54,-22.8613763,-43.2286004,-111,1,724,5,54007826,44521,6,-14.0,0.0,
696,2024.09.09_15.35.54,-22.8613763,-43.2286004,-111,1,724,5,54007826,44521,6,-14.0,0.0,
697,2024.09.09_15.35.55,-22.8613763,-43.2286004,-111,1,724,5,54007826,44521,6,-14.0,0.0,
698,2024.09.09_15.35.56,-22.8613763,-43.2286004,-111,1,724,5,54007826,44521,6,-14.0,0.0,
699,2024.09.09_15.35.57,-22.8613763,-43.2286004,-111,1,724,5,54007826,44521,6,-14.0,0.0,
700,2024.09.09_15.35.58,-22.8613763,-43.2286004,-111,1,724,5,54007826,44521,6,-14.0,0.0,
701,2024.09.09_15.35.59,-22.8613763,-43.2286004,-111,1,724,5,54007826,44521,6,-14.0,0.0,
702,2024.09.09_15.36.00,-22.8613763,-43.2286004,-111,1,724,5,54007826,44521,6,-14.0,0.0,
703,2024.09.09_15.36.01,-22.8613763,-43.2286004,-111,1,724,5,54007826,44521,6,-14.0,0.0,
704,2024.09.09_15.36.02,-22.8613763,-43.2286004,-111,1,724,5,54007826,44521,6,-14.0,0.0,
705,2024.09.09_15.36.03,-22.8613763,-43.2286004,-111,1,724,5,54007826,44521,6,-14.0,0.0,
706,2024.09.09_15.36.04,-22.8613763,-43.2286004,-111,1,724,5,54007826,44521,6,-14.0,0.0,
707,2024.09.09_15.36.05,-22.8613763,-43.2286004,-111,1,724,5,54007826,44521,6,-14.0,0.0,
708,2024.09.09_15.36.06,-22.8613763,-43.2286004,-111,1,724,5,54007826,44521,6,-14.0,0.0,
709,2024.09.09_15.36.07,-22.8613763,-43.2286004,-111,1,724,5,54007826,44521,6,-14.0,0.0,
710,2024.09.09_15.36.08,-22.8613763,-43.2286004,-111,1,724,5,54007826,44521,6,-14.0,0.0,
711,2024.09.09_15.36.09,-22.8613763,-43.2286004,-111,1,724,5,54007826,44521,6,-14.0,0.0,
712,2024.09.09_15.36.10,-22.8613763,-43.2286004,-111,1,724,5,54007826,44521,6,-14.0,0.0,
713,2024.09.09_15.36.11,-22.8613763,-43.2286004,-111,1,724,5,54007826,44521,6,-14.0,0.0,
714,2024.09.09_15.36.12,-22.8613763,-43.2286004,-111,1,724,5,54007826,44521,6,-14.0,0.0,
715,2024.09.09_15.36.13,-22.8613763,-43.2286004,-111,1,724,5,54007826,44521,6,-14.0,0.0,
716,2024.09.09_15.36.14,-22.8613763,-43.2286004,-111,1,724,5,54007826,44521,6,-14.0,0.0,
717,2024.09.09_15.36.15,-22.8613763,-43.2286004,-111,1,724,5,54007826,44521,6,-14.0,0.0,
718,2024.09.09_15.36.16,-22.8613763,-43.2286004,-111,1,724,5,54007826,44521,6,-14.0,0.0,
719,2024.09.09_15.36.18,-22.8613763,-43.2286004,-111,1,724,5,54007826,44521,6,-14.0,0.0,
720,2024.09.09_15.36.18,-22.8613763,-43.2286004,-111,1,724,5,54007826,44521,6,-14.0,0.0,
721,2024.09.09_15.36.19,-22.8613763,-43.2286004,-111,1,724,5,54007826,44521,6,-14.0,0.0,
722,2024.09.09_15.36.20,-22.8613763,-43.2286004,-111,1,724,5,54007826,44521,6,-14.0,0.0,
723,2024.09.09_15.36.21,-22.8613763,-43.2286004,-111,1,724,5,54007826,44521,6,-14.0,0.0,
724,2024.09.09_15.36.22,-22.8613763,-43.2286004,-111,1,724,5,54007826,44521,6,-14.0,0.0,
725,2024.09.09_15.36.23,-22.8613763,-43.2286004,-111,1,724,5,54007826,44521,6,-14.0,0.0,
726,2024.09.09_15.36.24,-22.8613763,-43.2286004,-111,1,724,5,54007826,44521,6,-14.0,0.0,
727,2024.09.09_15.36.25,-22.8613763,-43.2286004,-111,1,724,5,54007826,44521,6,-14.0,0.0,
728,2024.09.09_15.36.26,-22.8613763,-43.2286004,-111,1,724,5,54007826,44521,6,-14.0,0.0,
729,2024.09.09_15.36.27,-22.8613763,-43.2286004,-111,1,724,5,54007826,44521,6,-14.0,0.0,
730,2024.09.09_15.36.28,-22.8613763,-43.2286004,-111,1,724,5,54007826,44521,6,-14.0,0.0,
731,2024.09.09_15.36.29,-22.8613763,-43.2286004,-111,1,724,5,54007826,44521,6,-14.0,0.0,
732,2024.09.09_15.36.30,-22.8613763,-43.2286004,-111,1,724,5,54007826,44521,6,-14.0,0.0,
733,2024.09.09_15.36.31,-22.8613763,-43.2286004,-111,1,724,5,54007826,44521,6,-14.0,0.0,
734,2024.09.09_15.36.32,-22.8613763,-43.2286004,-111,1,724,5,54007826,44521,6,-14.0,0.0,
735,2024.09.09_15.36.33,-22.8613763,-43.2286004,-111,1,724,5,54007826,44521,6,-14.0,0.0,
736,2024.09.09_15.36.34,-22.8613763,-43.2286004,-111,1,724,5,54007826,44521,6,-14.0,0.0,
737,2024.09.09_15.36.35,-22.8613763,-43.2286004,-111,1,724,5,54007826,44521,6,-14.0,0.0,
738,2024.09.09_15.36.36,-22.8613763,-43.2286004,-111,1,724,5,54007826,44521,6,-14.0,0.0,
739,2024.09.09_15.36.37,-22.8613763,-43.2286004,-111,1,724,5,54007826,44521,6,-14.0,0.0,
740,2024.09.09_15.36.39,-22.8613763,-43.2286004,-111,1,724,5,54007826,44521,6,-14.0,0.0,
741,2024.09.09_15.36.40,-22.8613763,-43.2286004,-111,1,724,5,54007826,44521,6,-14.0,0.0,
742,2024.09.09_15.36.40,-22.8613763,-43.2286004,-111,1,724,5,54007826,44521,6,-14.0,0.0,
743,2024.09.09_15.36.41,-22.8613763,-43.2286004,-111,1,724,5,54007826,44521,6,-14.0,0.0,
744,2024.09.09_15.36.42,-22.8613763,-43.2286004,-111,1,724,5,54007826,44521,6,-14.0,0.0,
745,2024.09.09_15.36.43,-22.8613763,-43.2286004,-111,1,724,5,54007826,44521,6,-14.0,0.0,
746,2024.09.09_15.36.44,-22.8613763,-43.2286004,-111,1,724,5,54007826,44521,6,-14.0,0.0,
747,2024.09.09_15.36.45,-22.8613763,-43.2286004,-111,1,724,5,54007826,44521,6,-14.0,0.0,
748,2024.09.09_15.36.46,-22.8613763,-43.2286004,-111,1,724,5,54007826,44521,6,-14.0,0.0,
749,2024.09.09_15.36.47,-22.8613763,-43.2286004,-111,1,724,5,54007826,44521,6,-14.0,0.0,
750,2024.09.09_15.36.50,-22.8613763,-43.2286004,-111,1,724,5,54007826,44521,6,-14.0,0.0,
751,2024.09.09_15.36.50,-22.8613763,-43.2286004,-111,1,724,5,54007826,44521,6,-14.0,0.0,
752,2024.09.09_15.36.51,-22.8613763,-43.2286004,-111,1,724,5,54007826,44521,6,-14.0,0.0,
753,2024.09.09_15.36.51,-22.8613763,-43.2286004,-111,1,724,5,54007826,44521,6,-14.0,0.0,
754,2024.09.09_15.36.52,-22.8613763,-43.2286004,-111,1,724,5,54007826,44521,6,-14.0,0.0,
755,2024.09.09_15.36.53,-22.8613763,-43.2286004,-111,1,724,5,54007826,44521,6,-14.0,0.0,
756,2024.09.09_15.36.54,-22.8613763,-43.2286004,-111,1,724,5,54007826,44521,6,-14.0,0.0,
757,2024.09.09_15.36.55,-22.8613763,-43.2286004,-111,1,724,5,54007826,44521,6,-14.0,0.0,
758,2024.09.09_15.36.56,-22.8613763,-43.2286004,-111,1,724,5,54007826,44521,6,-14.0,0.0,
759,2024.09.09_15.36.57,-22.8613763,-43.2286004,-111,1,724,5,54007826,44521,6,-14.0,0.0,
760,2024.09.09_15.36.58,-22.8613763,-43.2286004,-111,1,724,5,54007826,44521,6,-14.0,0.0,
761,2024.09.09_15.36.59,-22.8613763,-43.2286004,-111,1,724,5,54007826,44521,6,-14.0,0.0,
762,2024.09.09_15.37.00,-22.8613763,-43.2286004,-111,1,724,5,54007826,44521,6,-14.0,0.0,
763,2024.09.09_15.37.01,-22.8613763,-43.2286004,-111,1,724,5,54007826,44521,6,-14.0,0.0,
764,2024.09.09_15.37.02,-22.8613763,-43.2286004,-111,1,724,5,54007826,44521,6,-14.0,0.0,
765,2024.09.09_15.37.04,-22.8613763,-43.2286004,-111,1,724,5,54007826,44521,6,-14.0,0.0,
766,2024.09.09_15.37.04,-22.8613763,-43.2286004,-111,1,724,5,54007826,44521,6,-14.0,0.0,
767,2024.09.09_15.37.05,-22.8613763,-43.2286004,-111,1,724,5,54007826,44521,6,-14.0,0.0,
768,2024.09.09_15.37.06,-22.8613763,-43.2286004,-111,1,724,5,54007826,44521,6,-14.0,0.0,
769,2024.09.09_15.37.07,-22.8613763,-43.2286004,-111,1,724,5,54007826,44521,6,-14.0,0.0,
770,2024.09.09_15.37.09,-22.8613763,-43.2286004,-111,1,724,5,54007826,44521,6,-14.0,0.0,
771,2024.09.09_15.37.10,-22.8613763,-43.2286004,-111,1,724,5,54007826,44521,6,-14.0,0.0,
772,2024.09.09_15.37.11,-22.8613763,-43.2286004,-111,1,724,5,54007826,44521,6,-14.0,0.0,
773,2024.09.09_15.37.11,-22.8613763,-43.2286004,-111,1,724,5,54007826,44521,6,-14.0,0.0,
774,2024.09.09_15.37.12,-22.8613763,-43.2286004,-111,1,724,5,54007826,44521,6,-14.0,0.0,
775,2024.09.09_15.37.13,-22.8613763,-43.2286004,-111,1,724,5,54007826,44521,6,-14.0,0.0,
776,2024.09.09_15.37.14,-22.8613763,-43.2286004,-111,1,724,5,54007826,44521,6,-14.0,0.0,
777,2024.09.09_15.37.15,-22.8613763,-43.2286004,-111,1,724,5,54007826,44521,6,-14.0,0.0,
778,2024.09.09_15.37.17,-22.8613763,-43.2286004,-111,1,724,5,54007826,44521,6,-14.0,0.0,
779,2024.09.09_15.37.18,-22.8613763,-43.2286004,-111,1,724,5,54007826,44521,6,-14.0,0.0,
780,2024.09.09_15.37.18,-22.8613763,-43.2286004,-111,1,724,5,54007826,44521,6,-14.0,0.0,
781,2024.09.09_15.37.19,-22.8613763,-43.2286004,-111,1,724,5,54007826,44521,6,-14.0,0.0,
782,2024.09.09_15.37.20,-22.8613763,-43.2286004,-111,1,724,5,54007826,44521,6,-14.0,0.0,
783,2024.09.09_15.37.21,-22.8613763,-43.2286004,-111,1,724,5,54007826,44521,6,-14.0,0.0,
784,2024.09.09_15.37.22,-22.8613763,-43.2286004,-111,1,724,5,54007826,44521,6,-14.0,0.0,
785,2024.09.09_15.37.23,-22.8613763,-43.2286004,-111,1,724,5,54007826,44521,6,-14.0,0.0,
786,2024.09.09_15.37.24,-22.8613763,-43.2286004,-111,1,724,5,54007826,44521,6,-14.0,0.0,
787,2024.09.09_15.37.26,-22.8613763,-43.2286004,-111,1,724,5,54007826,44521,6,-14.0,0.0,
788,2024.09.09_15.37.26,-22.8613763,-43.2286004,-111,1,724,5,54007826,44521,6,-14.0,0.0,
789,2024.09.09_15.37.28,-22.8613763,-43.2286004,-111,1,724,5,54007826,44521,6,-14.0,0.0,
790,2024.09.09_15.37.28,-22.8613763,-43.2286004,-111,1,724,5,54007826,44521,6,-14.0,0.0,
791,2024.09.09_15.37.29,-22.8613763,-43.2286004,-111,1,724,5,54007826,44521,6,-14.0,0.0,
792,2024.09.09_15.37.30,-22.8613763,-43.2286004,-111,1,724,5,54007826,44521,6,-14.0,0.0,
793,2024.09.09_15.37.31,-22.8613763,-43.2286004,-111,1,724,5,54007826,44521,6,-14.0,0.0,
794,2024.09.09_15.37.33,-22.8613763,-43.2286004,-111,1,724,5,54007826,44521,6,-14.0,0.0,
795,2024.09.09_15.37.33,-22.8613763,-43.2286004,-111,1,724,5,54007826,44521,6,-14.0,0.0,
796,2024.09.09_15.37.34,-22.8613763,-43.2286004,-111,1,724,5,54007826,44521,6,-14.0,0.0,
797,2024.09.09_15.37.35,-22.8613763,-43.2286004,-111,1,724,5,54007826,44521,6,-14.0,0.0,
798,2024.09.09_15.37.36,-22.8613763,-43.2286004,-111,1,724,5,54007826,44521,6,-14.0,0.0,
799,2024.09.09_15.37.37,-22.8613763,-43.2286004,-111,1,724,5,54007826,44521,6,-14.0,0.0,
800,2024.09.09_15.37.38,-22.8613763,-43.2286004,-111,1,724,5,54007826,44521,6,-14.0,0.0,
801,2024.09.09_15.37.40,-22.8613763,-43.2286004,-111,1,724,5,54007826,44521,6,-14.0,0.0,
802,2024.09.09_15.37.41,-22.8613763,-43.2286004,-111,1,724,5,54007826,44521,6,-14.0,0.0,
803,2024.09.09_15.37.41,-22.8613763,-43.2286004,-111,1,724,5,54007826,44521,6,-14.0,0.0,
804,2024.09.09_15.37.43,-22.8613763,-43.2286004,-111,1,724,5,54007826,44521,6,-14.0,0.0,
805,2024.09.09_15.37.43,-22.8613763,-43.2286004,-111,1,724,5,54007826,44521,6,-14.0,0.0,
806,2024.09.09_15.37.44,-22.8613763,-43.2286004,-111,1,724,5,54007826,44521,6,-14.0,0.0,
807,2024.09.09_15.37.46,-22.8613763,-43.2286004,-111,1,724,5,54007826,44521,6,-14.0,0.0,
808,2024.09.09_15.37.47,-22.8613763,-43.2286004,-111,1,724,5,54007826,44521,6,-14.0,0.0,
809,2024.09.09_15.37.47,-22.8613763,-43.2286004,-111,1,724,5,54007826,44521,6,-14.0,0.0,
810,2024.09.09_15.37.49,-22.8613763,-43.2286004,-111,1,724,5,54007826,44521,6,-14.0,0.0,
811,2024.09.09_15.37.50,-22.8613763,-43.2286004,-111,1,724,5,54007826,44521,6,-14.0,0.0,
812,2024.09.09_15.37.50,-22.8613763,-43.2286004,-111,1,724,5,54007826,44521,6,-14.0,0.0,
813,2024.09.09_15.37.52,-22.8613763,-43.2286004,-111,1,724,5,54007826,44521,6,-14.0,0.0,
814,2024.09.09_15.37.53,-22.8613763,-43.2286004,-111,1,724,5,54007826,44521,6,-14.0,0.0,
815,2024.09.09_15.37.54,-22.8613763,-43.2286004,-111,1,724,5,54007826,44521,6,-14.0,0.0,
816,2024.09.09_15.37.55,-22.8613763,-43.2286004,-111,1,724,5,54007826,44521,6,-14.0,0.0,
817,2024.09.09_15.37.56,-22.8613763,-43.2286004,-111,1,724,5,54007826,44521,6,-14.0,0.0,
818,2024.09.09_15.37.57,-22.8613763,-43.2286004,-111,1,724,5,54007826,44521,6,-14.0,0.0,
819,2024.09.09_15.37.58,-22.8613763,-43.2286004,-111,1,724,5,54007826,44521,6,-14.0,0.0,
820,2024.09.09_15.37.59,-22.8613763,-43.2286004,-111,1,724,5,54007826,44521,6,-14.0,0.0,
821,2024.09.09_15.38.00,-22.8613763,-43.2286004,-111,1,724,5,54007826,44521,6,-14.0,0.0,
822,2024.09.09_15.38.01,-22.8613763,-43.2286004,-111,1,724,5,54007826,44521,6,-14.0,0.0,
823,2024.09.09_15.38.02,-22.8613763,-43.2286004,-111,1,724,5,54007826,44521,6,-14.0,0.0,
824,2024.09.09_15.38.03,-22.8613763,-43.2286004,-111,1,724,5,54007826,44521,6,-14.0,0.0,
825,2024.09.09_15.38.04,-22.8613763,-43.2286004,-111,1,724,5,54007826,44521,6,-14.0,0.0,
826,2024.09.09_15.38.04,-22.8613763,-43.2286004,-111,1,724,5,54007826,44521,6,-14.0,0.0,
827,2024.09.09_15.38.06,-22.8613763,-43.2286004,-111,1,724,5,54007826,44521,6,-14.0,0.0,
828,2024.09.09_15.38.06,-22.8613763,-43.2286004,-111,1,724,5,54007826,44521,6,-14.0,0.0,
829,2024.09.09_15.38.08,-22.8613763,-43.2286004,-111,1,724,5,54007826,44521,6,-14.0,0.0,
830,2024.09.09_15.38.08,-22.8613763,-43.2286004,-111,1,724,5,54007826,44521,6,-14.0,0.0,
831,2024.09.09_15.38.09,-22.8613763,-43.2286004,-111,1,724,5,54007826,44521,6,-14.0,0.0,
832,2024.09.09_15.38.11,-22.8613763,-43.2286004,-111,1,724,5,54007826,44521,6,-14.0,0.0,
833,2024.09.09_15.38.12,-22.8613763,-43.2286004,-111,1,724,5,54007826,44521,6,-14.0,0.0,
834,2024.09.09_15.38.13,-22.8613763,-43.2286004,-111,1,724,5,54007826,44521,6,-14.0,0.0,
835,2024.09.09_15.38.14,-22.8613763,-43.2286004,-111,1,724,5,54007826,44521,6,-14.0,0.0,
836,2024.09.09_15.38.15,-22.8613763,-43.2286004,-111,1,724,5,54007826,44521,6,-14.0,0.0,
837,2024.09.09_15.38.16,-22.8613763,-43.2286004,-111,1,724,5,54007826,44521,6,-14.0,0.0,
838,2024.09.09_15.38.16,-22.8613763,-43.2286004,-111,1,724,5,54007826,44521,6,-14.0,0.0,
839,2024.09.09_15.38.17,-22.8613763,-43.2286004,-111,1,724,5,54007826,44521,6,-14.0,0.0,
840,2024.09.09_15.38.19,-22.8613763,-43.2286004,-111,1,724,5,54007826,44521,6,-14.0,0.0,
841,2024.09.09_15.38.20,-22.8613763,-43.2286004,-111,1,724,5,54007826,44521,6,-14.0,0.0,
842,2024.09.09_15.38.21,-22.8613763,-43.2286004,-111,1,724,5,54007826,44521,6,-14.0,0.0,
843,2024.09.09_15.38.22,-22.8613763,-43.2286004,-111,1,724,5,54007826,44521,6,-14.0,0.0,
844,2024.09.09_15.38.23,-22.8613763,-43.2286004,-111,1,724,5,54007826,44521,6,-14.0,0.0,
845,2024.09.09_15.38.24,-22.8613763,-43.2286004,-111,1,724,5,54007826,44521,6,-14.0,0.0,
846,2024.09.09_15.38.25,-22.8613763,-43.2286004,-111,1,724,5,54007826,44521,6,-14.0,0.0,
847,2024.09.09_15.38.27,-22.8613763,-43.2286004,-111,1,724,5,54007826,44521,6,-14.0,0.0,
848,2024.09.09_15.38.28,-22.8613763,-43.2286004,-111,1,724,5,54007826,44521,6,-14.0,0.0,
849,2024.09.09_15.38.28,-22.8613763,-43.2286004,-111,1,724,5,54007826,44521,6,-14.0,0.0,
850,2024.09.09_15.38.29,-22.8613763,-43.2286004,-111,1,724,5,54007826,44521,6,-14.0,0.0,
851,2024.09.09_15.38.29,-22.8613763,-43.2286004,-111,1,724,5,54007826,44521,6,-14.0,0.0,
852,2024.09.09_15.38.31,-22.8613763,-43.2286004,-111,1,724,5,54007826,44521,6,-14.0,0.0,
853,2024.09.09_15.38.32,-22.8613763,-43.2286004,-111,1,724,5,54007826,44521,6,-14.0,0.0,
854,2024.09.09_15.38.33,-22.8613763,-43.2286004,-111,1,724,5,54007826,44521,6,-14.0,0.0,
855,2024.09.09_15.38.34,-22.8613763,-43.2286004,-111,1,724,5,54007826,44521,6,-14.0,0.0,
856,2024.09.09_15.38.35,-22.8613763,-43.2286004,-111,1,724,5,54007826,44521,6,-14.0,0.0,
857,2024.09.09_15.38.36,-22.8613763,-43.2286004,-111,1,724,5,54007826,44521,6,-14.0,0.0,
858,2024.09.09_15.38.37,-22.8613763,-43.2286004,-111,1,724,5,54007826,44521,6,-14.0,0.0,
859,2024.09.09_15.38.38,-22.8613763,-43.2286004,-111,1,724,5,54007826,44521,6,-14.0,0.0,
860,2024.09.09_15.38.39,-22.8613763,-43.2286004,-111,1,724,5,54007826,44521,6,-14.0,0.0,
861,2024.09.09_15.38.40,-22.8613763,-43.2286004,-111,1,724,5,54007826,44521,6,-14.0,0.0,
862,2024.09.09_15.38.41,-22.8613763,-43.2286004,-111,1,724,5,54007826,44521,6,-14.0,0.0,
863,2024.09.09_15.38.42,-22.8613763,-43.2286004,-111,1,724,5,54007826,44521,6,-14.0,0.0,
864,2024.09.09_15.38.43,-22.8613763,-43.2286004,-111,1,724,5,54007826,44521,6,-14.0,0.0,
865,2024.09.09_15.38.44,-22.8613763,-43.2286004,-111,1,724,5,54007826,44521,6,-14.0,0.0,
866,2024.09.09_15.38.45,-22.8613763,-43.2286004,-111,1,724,5,54007826,44521,6,-14.0,0.0,
867,2024.09.09_15.38.47,-22.8613763,-43.2286004,-111,1,724,5,54007826,44521,6,-14.0,0.0,
868,2024.09.09_15.38.47,-22.8613763,-43.2286004,-111,1,724,5,54007826,44521,6,-14.0,0.0,
869,2024.09.09_15.38.48,-22.8613763,-43.2286004,-111,1,724,5,54007826,44521,6,-14.0,0.0,
870,2024.09.09_15.38.49,-22.8613763,-43.2286004,-111,1,724,5,54007826,44521,6,-14.0,0.0,
871,2024.09.09_15.38.50,-22.8613763,-43.2286004,-111,1,724,5,54007826,44521,6,-14.0,0.0,
872,2024.09.09_15.38.51,-22.8613763,-43.2286004,-111,1,724,5,54007826,44521,6,-14.0,0.0,
873,2024.09.09_15.38.52,-22.8613763,-43.2286004,-111,1,724,5,54007826,44521,6,-14.0,0.0,
874,2024.09.09_15.38.53,-22.8613763,-43.2286004,-111,1,724,5,54007826,44521,6,-14.0,0.0,
875,2024.09.09_15.38.54,-22.8613763,-43.2286004,-111,1,724,5,54007826,44521,6,-14.0,0.0,
876,2024.09.09_15.38.55,-22.8613763,-43.2286004,-111,1,724,5,54007826,44521,6,-14.0,0.0,
877,2024.09.09_15.38.56,-22.8613763,-43.2286004,-111,1,724,5,54007826,44521,6,-14.0,0.0,
878,2024.09.09_15.38.57,-22.8613763,-43.2286004,-111,1,724,5,54007826,44521,6,-14.0,0.0,
879,2024.09.09_15.38.58,-22.8613763,-43.2286004,-111,1,724,5,54007826,44521,6,-14.0,0.0,
880,2024.09.09_15.38.59,-22.8613763,-43.2286004,-111,1,724,5,54007826,44521,6,-14.0,0.0,
881,2024.09.09_15.39.00,-22.8613763,-43.2286004,-111,1,724,5,54007826,44521,6,-14.0,0.0,
882,2024.09.09_15.39.01,-22.8613763,-43.2286004,-111,1,724,5,54007826,44521,6,-14.0,0.0,
883,2024.09.09_15.39.02,-22.8613763,-43.2286004,-111,1,724,5,54007826,44521,6,-14.0,0.0,
884,2024.09.09_15.39.03,-22.8613763,-43.2286004,-111,1,724,5,54007826,44521,6,-14.0,0.0,
885,2024.09.09_15.39.04,-22.8613763,-43.2286004,-111,1,724,5,54007826,44521,6,-14.0,0.0,
886,2024.09.09_15.39.05,-22.8613763,-43.2286004,-111,1,724,5,54007826,44521,6,-14.0,0.0,
887,2024.09.09_15.39.06,-22.8613763,-43.2286004,-111,1,724,5,54007826,44521,6,-14.0,0.0,
888,2024.09.09_15.39.07,-22.8613763,-43.2286004,-111,1,724,5,54007826,44521,6,-14.0,0.0,
889,2024.09.09_15.39.08,-22.8613763,-43.2286004,-111,1,724,5,54007826,44521,6,-14.0,0.0,
890,2024.09.09_15.39.09,-22.8613763,-43.2286004,-111,1,724,5,54007826,44521,6,-14.0,0.0,
891,2024.09.09_15.39.11,-22.8613763,-43.2286004,-111,1,724,5,54007826,44521,6,-14.0,0.0,
892,2024.09.09_15.39.11,-22.8613763,-43.2286004,-111,1,724,5,54007826,44521,6,-14.0,0.0,
893,2024.09.09_15.39.12,-22.8613763,-43.2286004,-111,1,724,5,54007826,44521,6,-14.0,0.0,
894,2024.09.09_15.39.13,-22.8613763,-43.2286004,-111,1,724,5,54007826,44521,6,-14.0,0.0,
895,2024.09.09_15.39.14,-22.8613763,-43.2286004,-111,1,724,5,54007826,44521,6,-14.0,0.0,
896,2024.09.09_15.39.15,-22.8613763,-43.2286004,-111,1,724,5,54007826,44521,6,-14.0,0.0,
897,2024.09.09_15.39.16,-22.8613763,-43.2286004,-111,1,724,5,54007826,44521,6,-14.0,0.0,
898,2024.09.09_15.39.17,-22.8613763,-43.2286004,-111,1,724,5,54007826,44521,6,-14.0,0.0,
899,2024.09.09_15.39.18,-22.8613763,-43.2286004,-111,1,724,5,54007826,44521,6,-14.0,0.0,
900,2024.09.09_15.39.19,-22.8613763,-43.2286004,-111,1,724,5,54007826,44521,6,-14.0,0.0,
901,2024.09.09_15.39.21,-22.8613763,-43.2286004,-111,1,724,5,54007826,44521,6,-14.0,0.0,
902,2024.09.09_15.39.21,-22.8613763,-43.2286004,-111,1,724,5,54007826,44521,6,-14.0,0.0,
903,2024.09.09_15.39.22,-22.8613763,-43.2286004,-111,1,724,5,54007826,44521,6,-14.0,0.0,
904,2024.09.09_15.39.23,-22.8613763,-43.2286004,-111,1,724,5,54007826,44521,6,-14.0,0.0,
905,2024.09.09_15.39.24,-22.8613763,-43.2286004,-111,1,724,5,54007826,44521,6,-14.0,0.0,
906,2024.09.09_15.39.25,-22.8613763,-43.2286004,-111,1,724,5,54007826,44521,6,-14.0,0.0,
907,2024.09.09_15.39.26,-22.8613763,-43.2286004,-111,1,724,5,54007826,44521,6,-14.0,0.0,
908,2024.09.09_15.39.27,-22.8613763,-43.2286004,-111,1,724,5,54007826,44521,6,-14.0,0.0,
909,2024.09.09_15.39.28,-22.8613763,-43.2286004,-111,1,724,5,54007826,44521,6,-14.0,0.0,
910,2024.09.09_15.39.29,-22.8613763,-43.2286004,-111,1,724,5,54007826,44521,6,-14.0,0.0,
911,2024.09.09_15.39.30,-22.8613763,-43.2286004,-111,1,724,5,54007826,44521,6,-14.0,0.0,
912,2024.09.09_15.39.31,-22.8613763,-43.2286004,-111,1,724,5,54007826,44521,6,-14.0,0.0,
913,2024.09.09_15.39.32,-22.8613763,-43.2286004,-111,1,724,5,54007826,44521,6,-14.0,0.0,
914,2024.09.09_15.39.34,-22.8613763,-43.2286004,-111,1,724,5,54007826,44521,6,-14.0,0.0,
915,2024.09.09_15.39.34,-22.8613763,-43.2286004,-111,1,724,5,54007826,44521,6,-14.0,0.0,
916,2024.09.09_15.39.35,-22.8613763,-43.2286004,-111,1,724,5,54007826,44521,6,-14.0,0.0,
917,2024.09.09_15.39.36,-22.8613763,-43.2286004,-111,1,724,5,54007826,44521,6,-14.0,0.0,
918,2024.09.09_15.39.37,-22.8613763,-43.2286004,-111,1,724,5,54007826,44521,6,-14.0,0.0,
919,2024.09.09_15.39.38,-22.8613763,-43.2286004,-111,1,724,5,54007826,44521,6,-14.0,0.0,
920,2024.09.09_15.39.39,-22.8613763,-43.2286004,-111,1,724,5,54007826,44521,6,-14.0,0.0,
921,2024.09.09_15.39.40,-22.8613763,-43.2286004,-111,1,724,5,54007826,44521,6,-14.0,0.0,
922,2024.09.09_15.39.41,-22.8613763,-43.2286004,-111,1,724,5,54007826,44521,6,-14.0,0.0,
923,2024.09.09_15.39.42,-22.8613763,-43.2286004,-111,1,724,5,54007826,44521,6,-14.0,0.0,
924,2024.09.09_15.39.44,-22.8613763,-43.2286004,-111,1,724,5,54007826,44521,6,-14.0,0.0,
925,2024.09.09_15.39.44,-22.8613763,-43.2286004,-111,1,724,5,54007826,44521,6,-14.0,0.0,
926,2024.09.09_15.39.45,-22.8613763,-43.2286004,-111,1,724,5,54007826,44521,6,-14.0,0.0,
927,2024.09.09_15.39.46,-22.8613763,-43.2286004,-111,1,724,5,54007826,44521,6,-14.0,0.0,
928,2024.09.09_15.39.47,-22.8613763,-43.2286004,-111,1,724,5,54007826,44521,6,-14.0,0.0,
929,2024.09.09_15.39.48,-22.8613763,-43.2286004,-111,1,724,5,54007826,44521,6,-14.0,0.0,
930,2024.09.09_15.39.49,-22.8613763,-43.2286004,-111,1,724,5,54007826,44521,6,-14.0,0.0,
931,2024.09.09_15.39.50,-22.8613763,-43.2286004,-111,1,724,5,54007826,44521,6,-14.0,0.0,
932,2024.09.09_15.39.51,-22.8613763,-43.2286004,-111,1,724,5,54007826,44521,6,-14.0,0.0,
933,2024.09.09_15.39.52,-22.8613763,-43.2286004,-111,1,724,5,54007826,44521,6,-14.0,0.0,
934,2024.09.09_15.39.53,-22.8613763,-43.2286004,-111,1,724,5,54007826,44521,6,-14.0,0.0,
935,2024.09.09_15.39.54,-22.8613763,-43.2286004,-111,1,724,5,54007826,44521,6,-14.0,0.0,
936,2024.09.09_15.39.55,-22.8613763,-43.2286004,-111,1,724,5,54007826,44521,6,-14.0,0.0,
937,2024.09.09_15.39.56,-22.8613763,-43.2286004,-111,1,724,5,54007826,44521,6,-14.0,0.0,
938,2024.09.09_15.39.57,-22.8613763,-43.2286004,-111,1,724,5,54007826,44521,6,-14.0,0.0,
939,2024.09.09_15.39.58,-22.8613763,-43.2286004,-111,1,724,5,54007826,44521,6,-14.0,0.0,
940,2024.09.09_15.39.59,-22.8613763,-43.2286004,-111,1,724,5,54007826,44521,6,-14.0,0.0,
941,2024.09.09_15.40.00,-22.8613763,-43.2286004,-111,1,724,5,54007826,44521,6,-14.0,0.0,
942,2024.09.09_15.40.01,-22.8613763,-43.2286004,-111,1,724,5,54007826,44521,6,-14.0,0.0,
943,2024.09.09_15.40.02,-22.8613763,-43.2286004,-111,1,724,5,54007826,44521,6,-14.0,0.0,
944,2024.09.09_15.40.03,-22.8613763,-43.2286004,-111,1,724,5,54007826,44521,6,-14.0,0.0,
945,2024.09.09_15.40.05,-22.8613763,-43.2286004,-111,1,724,5,54007826,44521,6,-14.0,0.0,
946,2024.09.09_15.40.05,-22.8613763,-43.2286004,-111,1,724,5,54007826,44521,6,-14.0,0.0,
947,2024.09.09_15.40.06,-22.8613763,-43.2286004,-111,1,724,5,54007826,44521,6,-14.0,0.0,
948,2024.09.09_15.40.20,-22.8613763,-43.2286004,-24,4,724,5,139062330,34521,7,,,
949,2024.09.09_15.40.20,-22.8613763,-43.2286004,-24,4,724,5,139062330,34521,7,,,
950,2024.09.09_15.40.21,-22.8613763,-43.2286004,-24,4,724,5,139062330,34521,7,,,
951,2024.09.09_15.40.21,-22.8613763,-43.2286004,-24,4,724,5,139062330,34521,7,,,
952,2024.09.09_15.40.21,-22.8613763,-43.2286004,-24,4,724,5,139062330,34521,7,,,
953,2024.09.09_15.40.22,-22.8613763,-43.2286004,-24,4,724,5,139062330,34521,7,,,
954,2024.09.09_15.40.22,-22.8613763,-43.2286004,-24,4,724,5,139062330,34521,7,,,
955,2024.09.09_15.40.23,-22.8613763,-43.2286004,-24,4,724,5,139062330,34521,7,,,
956,2024.09.09_15.40.23,-22.8613763,-43.2286004,-24,4,724,5,139062330,34521,7,,,
957,2024.09.09_15.40.23,-22.8613763,-43.2286004,-24,4,724,5,139062330,34521,7,,,
958,2024.09.09_15.40.24,-22.8613763,-43.2286004,-24,4,724,5,139062330,34521,7,,,
959,2024.09.09_15.40.24,-22.8613763,-43.2286004,-24,4,724,5,139062330,34521,7,,,
960,2024.09.09_15.40.25,-22.8613763,-43.2286004,-24,4,724,5,139062330,34521,7,,,
961,2024.09.09_15.40.26,-22.8613763,-43.2286004,-24,4,724,5,139062330,34521,7,,,
962,2024.09.09_15.40.27,-22.8613763,-43.2286004,-24,4,724,5,139062330,34521,7,,,
963,2024.09.09_15.40.28,-22.8613763,-43.2286004,-24,4,724,5,139062330,34521,7,,,
964,2024.09.09_15.40.29,-22.8613763,-43.2286004,-24,4,724,5,139062330,34521,7,,,
965,2024.09.09_15.40.30,-22.8613763,-43.2286004,-24,4,724,5,139062330,34521,7,,,
966,2024.09.09_15.40.33,-22.8613763,-43.2286004,-108,1,724,5,54007826,44521,6,-12.0,5.0,
967,2024.09.09_15.40.34,-22.8613763,-43.2286004,-108,1,724,5,54007826,44521,6,-12.0,5.0,
968,2024.09.09_15.40.34,-22.8613763,-43.2286004,-108,1,724,5,54007826,44521,6,-12.0,5.0,
969,2024.09.09_15.40.34,-22.8613763,-43.2286004,-108,1,724,5,54007826,44521,6,-12.0,5.0,
970,2024.09.09_15.40.35,-22.8613763,-43.2286004,-108,1,724,5,54007826,44521,6,-12.0,5.0,
971,2024.09.09_15.40.36,-22.8613763,-43.2286004,-108,1,724,5,54007826,44521,6,-12.0,5.0,
972,2024.09.09_15.40.37,-22.8613763,-43.2286004,-108,1,724,5,54007826,44521,6,-12.0,5.0,
973,2024.09.09_15.40.38,-22.8613763,-43.2286004,-108,1,724,5,54007826,44521,6,-12.0,5.0,
974,2024.09.09_15.40.39,-22.8613763,-43.2286004,-108,1,724,5,54007826,44521,6,-12.0,5.0,
975,2024.09.09_15.40.40,-22.8613763,-43.2286004,-108,1,724,5,54007826,44521,6,-12.0,5.0,
976,2024.09.09_15.40.41,-22.8613763,-43.2286004,-108,1,724,5,54007826,44521,6,-12.0,5.0,
977,2024.09.09_15.40.42,-22.8613763,-43.2286004,-108,1,724,5,54007826,44521,6,-12.0,5.0,
978,2024.09.09_15.40.43,-22.8613763,-43.2286004,-108,1,724,5,54007826,44521,6,-12.0,5.0,
979,2024.09.09_15.40.44,-22.8613763,-43.2286004,-108,1,724,5,54007826,44521,6,-12.0,5.0,
980,2024.09.09_15.40.45,-22.8613763,-43.2286004,-108,1,724,5,54007826,44521,6,-12.0,5.0,
981,2024.09.09_15.40.46,-22.8613763,-43.2286004,-108,1,724,5,54007826,44521,6,-12.0,5.0,
982,2024.09.09_15.40.47,-22.8613763,-43.2286004,-108,1,724,5,54007826,44521,6,-12.0,5.0,
983,2024.09.09_15.40.48,-22.8613763,-43.2286004,-108,1,724,5,54007826,44521,6,-12.0,5.0,
984,2024.09.09_15.40.49,-22.8613763,-43.2286004,-108,1,724,5,54007826,44521,6,-12.0,5.0,
985,2024.09.09_15.40.50,-22.8613763,-43.2286004,-108,1,724,5,54007826,44521,6,-12.0,5.0,
986,2024.09.09_15.40.51,-22.8613763,-43.2286004,-108,1,724,5,54007826,44521,6,-12.0,5.0,
987,2024.09.09_15.40.52,-22.8613763,-43.2286004,-108,1,724,5,54007826,44521,6,-12.0,5.0,
988,2024.09.09_15.40.54,-22.8613763,-43.2286004,-108,1,724,5,54007826,44521,6,-12.0,5.0,
989,2024.09.09_15.40.54,-22.8613763,-43.2286004,-108,1,724,5,54007826,44521,6,-12.0,5.0,
990,2024.09.09_15.40.55,-22.8613763,-43.2286004,-108,1,724,5,54007826,44521,6,-12.0,5.0,
991,2024.09.09_15.40.56,-22.8613763,-43.2286004,-108,1,724,5,54007826,44521,6,-12.0,5.0,
992,2024.09.09_15.40.57,-22.8613763,-43.2286004,-108,1,724,5,54007826,44521,6,-12.0,5.0,
993,2024.09.09_15.40.58,-22.8613763,-43.2286004,-108,1,724,5,54007826,44521,6,-12.0,5.0,
994,2024.09.09_15.40.59,-22.8613763,-43.2286004,-108,1,724,5,54007826,44521,6,-12.0,5.0,
995,2024.09.09_15.41.00,-22.8613763,-43.2286004,-108,1,724,5,54007826,44521,6,-12.0,5.0,
996,2024.09.09_15.41.01,-22.8613763,-43.2286004,-108,1,724,5,54007826,44521,6,-12.0,5.0,
997,2024.09.09_15.41.02,-22.8613763,-43.2286004,-108,1,724,5,54007826,44521,6,-12.0,5.0,
998,2024.09.09_15.41.03,-22.8613763,-43.2286004,-108,1,724,5,54007826,44521,6,-12.0,5.0,
999,2024.09.09_15.41.04,-22.8613763,-43.2286004,-108,1,724,5,54007826,44521,6,-12.0,5.0,
1000,2024.09.09_15.41.05,-22.8613763,-43.2286004,-108,1,724,5,54007826,44521,6,-12.0,5.0,
1001,2024.09.09_15.41.06,-22.8613763,-43.2286004,-108,1,724,5,54007826,44521,6,-12.0,5.0,
1002,2024.09.09_15.41.07,-22.8613763,-43.2286004,-108,1,724,5,54007826,44521,6,-12.0,5.0,
1003,2024.09.09_15.41.08,-22.8613763,-43.2286004,-108,1,724,5,54007826,44521,6,-12.0,5.0,
1004,2024.09.09_15.41.09,-22.8613763,-43.2286004,-108,1,724,5,54007826,44521,6,-12.0,5.0,
1005,2024.09.09_15.41.10,-22.8613763,-43.2286004,-108,1,724,5,54007826,44521,6,-12.0,5.0,
1006,2024.09.09_15.41.11,-22.8613763,-43.2286004,-108,1,724,5,54007826,44521,6,-12.0,5.0,
1007,2024.09.09_15.41.12,-22.8613763,-43.2286004,-108,1,724,5,54007826,44521,6,-12.0,5.0,
1008,2024.09.09_15.41.13,-22.8613763,-43.2286004,-108,1,724,5,54007826,44521,6,-12.0,5.0,
1009,2024.09.09_15.41.14,-22.8613763,-43.2286004,-108,1,724,5,54007826,44521,6,-12.0,5.0,
1010,2024.09.09_15.41.15,-22.8613763,-43.2286004,-108,1,724,5,54007826,44521,6,-12.0,5.0,
1011,2024.09.09_15.41.16,-22.8613763,-43.2286004,-108,1,724,5,54007826,44521,6,-12.0,5.0,
1012,2024.09.09_15.41.17,-22.8613763,-43.2286004,-108,1,724,5,54007826,44521,6,-12.0,5.0,
1013,2024.09.09_15.41.18,-22.8613763,-43.2286004,-108,1,724,5,54007826,44521,6,-12.0,5.0,
1014,2024.09.09_15.41.19,-22.8613763,-43.2286004,-108,1,724,5,54007826,44521,6,-12.0,5.0,
1015,2024.09.09_15.41.20,-22.8613763,-43.2286004,-108,1,724,5,54007826,44521,6,-12.0,5.0,
1016,2024.09.09_15.41.21,-22.8613763,-43.2286004,-108,1,724,5,54007826,44521,6,-12.0,5.0,
1017,2024.09.09_15.41.22,-22.8613763,-43.2286004,-108,1,724,5,54007826,44521,6,-12.0,5.0,
1018,2024.09.09_15.41.23,-22.8613763,-43.2286004,-108,1,724,5,54007826,44521,6,-12.0,5.0,
1019,2024.09.09_15.41.24,-22.8613763,-43.2286004,-108,1,724,5,54007826,44521,6,-12.0,5.0,
1020,2024.09.09_15.41.25,-22.8613763,-43.2286004,-108,1,724,5,54007826,44521,6,-12.0,5.0,
1021,2024.09.09_15.41.27,-22.8613763,-43.2286004,-108,1,724,5,54007826,44521,6,-12.0,5.0,
1022,2024.09.09_15.41.27,-22.8613763,-43.2286004,-108,1,724,5,54007826,44521,6,-12.0,5.0,
1023,2024.09.09_15.41.28,-22.8613763,-43.2286004,-108,1,724,5,54007826,44521,6,-12.0,5.0,
1024,2024.09.09_15.41.29,-22.8613763,-43.2286004,-108,1,724,5,54007826,44521,6,-12.0,5.0,
1025,2024.09.09_15.41.30,-22.8613763,-43.2286004,-108,1,724,5,54007826,44521,6,-12.0,5.0,
1026,2024.09.09_15.41.31,-22.8613763,-43.2286004,-108,1,724,5,54007826,44521,6,-12.0,5.0,
1027,2024.09.09_15.41.32,-22.8613763,-43.2286004,-108,1,724,5,54007826,44521,6,-12.0,5.0,
1028,2024.09.09_15.41.33,-22.8613763,-43.2286004,-108,1,724,5,54007826,44521,6,-12.0,5.0,
1029,2024.09.09_15.41.34,-22.8613763,-43.2286004,-108,1,724,5,54007826,44521,6,-12.0,5.0,
1030,2024.09.09_15.41.35,-22.8613763,-43.2286004,-108,1,724,5,54007826,44521,6,-12.0,5.0,
1031,2024.09.09_15.41.36,-22.8613763,-43.2286004,-108,1,724,5,54007826,44521,6,-12.0,5.0,
1032,2024.09.09_15.41.37,-22.8613763,-43.2286004,-108,1,724,5,54007826,44521,6,-12.0,5.0,
1033,2024.09.09_15.41.39,-22.8613763,-43.2286004,-108,1,724,5,54007826,44521,6,-12.0,5.0,
1034,2024.09.09_15.41.39,-22.8613763,-43.2286004,-108,1,724,5,54007826,44521,6,-12.0,5.0,
1035,2024.09.09_15.41.40,-22.8613763,-43.2286004,-108,1,724,5,54007826,44521,6,-12.0,5.0,
1036,2024.09.09_15.41.41,-22.8613763,-43.2286004,-108,1,724,5,54007826,44521,6,-12.0,5.0,
1037,2024.09.09_15.41.42,-22.8613763,-43.2286004,-108,1,724,5,54007826,44521,6,-12.0,5.0,
1038,2024.09.09_15.41.43,-22.8613763,-43.2286004,-108,1,724,5,54007826,44521,6,-12.0,5.0,
1039,2024.09.09_15.41.44,-22.8613763,-43.2286004,-108,1,724,5,54007826,44521,6,-12.0,5.0,
1040,2024.09.09_15.41.45,-22.8613763,-43.2286004,-108,1,724,5,54007826,44521,6,-12.0,5.0,
1041,2024.09.09_15.41.46,-22.8613763,-43.2286004,-108,1,724,5,54007826,44521,6,-12.0,5.0,
1042,2024.09.09_15.41.47,-22.8613763,-43.2286004,-108,1,724,5,54007826,44521,6,-12.0,5.0,
1043,2024.09.09_15.41.48,-22.8613763,-43.2286004,-108,1,724,5,54007826,44521,6,-12.0,5.0,
1044,2024.09.09_15.41.50,-22.8613763,-43.2286004,-108,1,724,5,54007826,44521,6,-12.0,5.0,
1045,2024.09.09_15.41.50,-22.8613763,-43.2286004,-108,1,724,5,54007826,44521,6,-12.0,5.0,
1046,2024.09.09_15.41.51,-22.8613763,-43.2286004,-108,1,724,5,54007826,44521,6,-12.0,5.0,
1047,2024.09.09_15.41.52,-22.8613763,-43.2286004,-108,1,724,5,54007826,44521,6,-12.0,5.0,
1048,2024.09.09_15.41.53,-22.8613763,-43.2286004,-108,1,724,5,54007826,44521,6,-12.0,5.0,
1049,2024.09.09_15.41.54,-22.8613763,-43.2286004,-108,1,724,5,54007826,44521,6,-12.0,5.0,
1050,2024.09.09_15.41.55,-22.8613763,-43.2286004,-108,1,724,5,54007826,44521,6,-12.0,5.0,
1051,2024.09.09_15.41.56,-22.8613763,-43.2286004,-108,1,724,5,54007826,44521,6,-12.0,5.0,
1052,2024.09.09_15.41.57,-22.8613763,-43.2286004,-108,1,724,5,54007826,44521,6,-12.0,5.0,
1053,2024.09.09_15.41.58,-22.8613763,-43.2286004,-108,1,724,5,54007826,44521,6,-12.0,5.0,
1054,2024.09.09_15.41.59,-22.8613763,-43.2286004,-108,1,724,5,54007826,44521,6,-12.0,5.0,
1055,2024.09.09_15.42.00,-22.8613763,-43.2286004,-108,1,724,5,54007826,44521,6,-12.0,5.0,
1056,2024.09.09_15.42.01,-22.8613763,-43.2286004,-108,1,724,5,54007826,44521,6,-12.0,5.0,
1057,2024.09.09_15.42.02,-22.8613763,-43.2286004,-108,1,724,5,54007826,44521,6,-12.0,5.0,
1058,2024.09.09_15.42.03,-22.8613763,-43.2286004,-108,1,724,5,54007826,44521,6,-12.0,5.0,
1059,2024.09.09_15.42.04,-22.8613763,-43.2286004,-108,1,724,5,54007826,44521,6,-12.0,5.0,
1060,2024.09.09_15.42.06,-22.8613763,-43.2286004,-108,1,724,5,54007826,44521,6,-12.0,5.0,
1061,2024.09.09_15.42.06,-22.8613763,-43.2286004,-108,1,724,5,54007826,44521,6,-12.0,5.0,
1062,2024.09.09_15.42.07,-22.8613763,-43.2286004,-108,1,724,5,54007826,44521,6,-12.0,5.0,
1063,2024.09.09_15.42.09,-22.8613763,-43.2286004,-108,1,724,5,54007826,44521,6,-12.0,5.0,
1064,2024.09.09_15.42.10,-22.8613763,-43.2286004,-108,1,724,5,54007826,44521,6,-12.0,5.0,
1065,2024.09.09_15.42.11,-22.8613763,-43.2286004,-108,1,724,5,54007826,44521,6,-12.0,5.0,
1066,2024.09.09_15.42.12,-22.8613763,-43.2286004,-108,1,724,5,54007826,44521,6,-12.0,5.0,
1067,2024.09.09_15.42.13,-22.8613763,-43.2286004,-108,1,724,5,54007826,44521,6,-12.0,5.0,
1068,2024.09.09_15.42.14,-22.8613763,-43.2286004,-108,1,724,5,54007826,44521,6,-12.0,5.0,
1069,2024.09.09_15.42.15,-22.8613763,-43.2286004,-108,1,724,5,54007826,44521,6,-12.0,5.0,
1070,2024.09.09_15.42.15,-22.8613763,-43.2286004,-108,1,724,5,54007826,44521,6,-12.0,5.0,
1071,2024.09.09_15.42.17,-22.8613763,-43.2286004,-108,1,724,5,54007826,44521,6,-12.0,5.0,
1072,2024.09.09_15.42.18,-22.8613763,-43.2286004,-108,1,724,5,54007826,44521,6,-12.0,5.0,
1073,2024.09.09_15.42.19,-22.8613763,-43.2286004,-108,1,724,5,54007826,44521,6,-12.0,5.0,
