Sequence,Transport,Timestamp,Latency,Latitude,Longitude,Signal_dbm,Signal_level,MCC,MNC,CellId,Tac/Lac,Mobile_Network,RSRQ,RSSNR,NRARFCN
1,4,2024.04.03_16.40.11,103,-22.8613084,-43.2284695,-103,2,724,5,53821450,44521,6,-13,5,
2,4,2024.04.03_16.40.12,244,-22.8613238,-43.2284694,-103,2,724,5,53821450,44521,6,-13,5,
3,4,2024.04.03_16.40.13,128,-22.8612867,-43.2284989,-103,2,724,5,53821450,44521,6,-13,5,
4,4,2024.04.03_16.40.14,144,-22.861286,-43.2285081,-103,2,724,5,53821450,44521,6,-13,5,
5,4,2024.04.03_16.40.15,285,-22.8612c868,-43.2285098,-103,2,724,5,53821450,44521,6,-13,5,
6,4,2024.04.03_16.40.16,128,-22.8612862,-43.2285156,-98,2,724,5,53821450,44521,6,-13,5,
7,4,2024.04.03_16.40.17,163,-22.8612832,-43.2285233,-98,2,724,5,53821450,44521,6,-13,5,
8,4,2024.04.03_16.40.18,456,-22.8612744,-43.2285174,-98,2,724,5,53821450,44521,6,-13,5,
9,4,2024.04.03_16.40.19,152,-22.8612704,-43.2285159,-98,2,724,5,53821450,44521,6,-13,5,
10,4,2024.04.03_16.40.20,202,-22.861265,-43.228514,-98,2,724,5,53821450,44521,6,-13,5,
11,4,2024.04.03_16.40.21,193,-22.861259,-43.2285099,-101,2,724,5,53821450,44521,6,-14,4,
12,4,2024.04.03_16.40.22,148,-22.8612552,-43.2285056,-101,2,724,5,53821450,44521,6,-14,4,
13,4,2024.04.03_16.40.23,142,-22.8612435,-43.2284939,-101,2,724,5,53821450,44521,6,-14,4,
14,4,2024.04.03_16.40.24,194,-22.8612341,-43.2284874,-101,2,724,5,53821450,44521,6,-14,4,
15,4,2024.04.03_16.40.25,146,-22.861225,-43.2284847,-101,2,724,5,53821450,44521,6,-14,4,
16,4,2024.04.03_16.40.26,236,-22.8612164,-43.2284846,-98,2,724,5,53821450,44521,6,-12,4,
17,4,2024.04.03_16.40.27,197,-22.8612329,-43.228476,-98,2,724,5,53821450,44521,6,-12,4,
18,4,2024.04.03_16.40.28,145,-22.8612713,-43.228439,-98,2,724,5,53821450,44521,6,-12,4,
19,4,2024.04.03_16.40.29,452,-22.8612947,-43.2284001,-98,2,724,5,53821450,44521,6,-12,4,
20,4,2024.04.03_16.40.30,217,-22.8612976,-43.2283892,-98,2,724,5,53821450,44521,6,-12,4,
21,4,2024.04.03_16.40.31,206,-22.8612997,-43.2283755,-99,2,724,5,53821450,44521,6,-12,4,
22,4,2024.04.03_16.40.32,281,-22.8612971,-43.2283563,-99,2,724,5,53821450,44521,6,-12,4,
23,4,2024.04.03_16.40.33,244,-22.8612882,-43.2283232,-99,2,724,5,53821450,44521,6,-12,4,
24,4,2024.04.03_16.40.34,196,-22.8612837,-43.2283008,-99,2,724,5,53821450,44521,6,-12,4,
25,4,2024.04.03_16.40.35,189,-22.8612776,-43.2282902,-99,2,724,5,53821450,44521,6,-12,4,
26,4,2024.04.03_16.40.36,134,-22.8612776,-43.2282902,-98,2,724,5,53821450,44521,6,-13,6,
27,4,2024.04.03_16.40.37,209,-22.8612628,-43.2282897,-98,2,724,5,53821450,44521,6,-13,6,
28,4,2024.04.03_16.40.38,157,-22.8612563,-43.2282812,-98,2,724,5,53821450,44521,6,-13,6,
29,4,2024.04.03_16.40.39,175,-22.8612563,-43.2282812,-98,2,724,5,53821450,44521,6,-13,6,
30,4,2024.04.03_16.40.40,222,-22.8612563,-43.2282812,-98,2,724,5,53821450,44521,6,-13,6,
31,4,2024.04.03_16.40.41,181,-22.8612476,-43.2282783,-102,2,724,5,53821450,44521,6,-13,5,
32,4,2024.04.03_16.40.43,138,-22.8612754,-43.228283,-102,2,724,5,53821450,44521,6,-13,5,
33,4,2024.04.03_16.40.43,1154,-22.8612754,-43.228283,-102,2,724,5,53821450,44521,6,-13,5,
34,4,2024.04.03_16.40.44,242,-22.8612754,-43.228283,-102,2,724,5,53821450,44521,6,-13,5,
35,4,2024.04.03_16.40.45,170,-22.8612754,-43.228283,-102,2,724,5,53821450,44521,6,-13,5,
36,4,2024.04.03_16.40.47,1205,-22.8612802,-43.2282827,-104,2,724,5,53821450,44521,6,-13,4,
37,4,2024.04.03_16.40.47,209,-22.8612802,-43.2282827,-104,2,724,5,53821450,44521,6,-13,4,
38,4,2024.04.03_16.40.49,294,-22.8612924,-43.2282939,-104,2,724,5,53821450,44521,6,-13,4,
39,4,2024.04.03_16.40.49,1328,-22.8612924,-43.2282939,-104,2,724,5,53821450,44521,6,-13,4,
40,4,2024.04.03_16.40.50,425,-22.8612924,-43.2282939,-104,2,724,5,53821450,44521,6,-13,4,
41,4,2024.04.03_16.40.51,192,-22.8612924,-43.2282939,-103,2,724,5,53821450,44521,6,-15,5,
42,4,2024.04.03_16.40.52,330,-22.8612933,-43.2282931,-103,2,724,5,53821450,44521,6,-15,5,
43,4,2024.04.03_16.40.53,241,-22.861293,-43.2282912,-103,2,724,5,53821450,44521,6,-15,5,
44,4,2024.04.03_16.40.54,227,-22.861293,-43.2282912,-103,2,724,5,53821450,44521,6,-15,5,
45,4,2024.04.03_16.40.55,184,-22.8612944,-43.2282893,-103,2,724,5,53821450,44521,6,-15,5,
46,4,2024.04.03_16.40.56,267,-22.8612947,-43.2282886,-104,2,724,5,53821450,44521,6,-13,5,
47,4,2024.04.03_16.40.57,158,-22.8612953,-43.2282894,-104,2,724,5,53821450,44521,6,-13,5,
48,4,2024.04.03_16.40.58,181,-22.8612963,-43.2282903,-104,2,724,5,53821450,44521,6,-13,5,
49,4,2024.04.03_16.40.59,163,-22.8612963,-43.2282903,-104,2,724,5,53821450,44521,6,-13,5,
50,4,2024.04.03_16.41.00,253,-22.8612963,-43.2282903,-104,2,724,5,53821450,44521,6,-13,5,
51,4,2024.04.03_16.41.01,200,-22.8612963,-43.2282903,-103,2,724,5,53821450,44521,6,-13,5,
52,4,2024.04.03_16.41.02,143,-22.8612972,-43.2282895,-103,2,724,5,53821450,44521,6,-13,5,
53,4,2024.04.03_16.41.03,148,-22.8612994,-43.228292,-103,2,724,5,53821450,44521,6,-13,5,
54,4,2024.04.03_16.41.04,378,-22.8612994,-43.228292,-103,2,724,5,53821450,44521,6,-13,5,
55,4,2024.04.03_16.41.05,170,-22.8612994,-43.228292,-103,2,724,5,53821450,44521,6,-13,5,
56,4,2024.04.03_16.41.06,128,-22.8612994,-43.228292,-102,2,724,5,53821450,44521,6,-14,5,
57,4,2024.04.03_16.41.07,262,-22.8613019,-43.2283423,-102,2,724,5,53821450,44521,6,-14,5,
58,4,2024.04.03_16.41.08,191,-22.8613019,-43.2283423,-102,2,724,5,53821450,44521,6,-14,5,
59,4,2024.04.03_16.41.09,303,-22.8613019,-43.2283423,-102,2,724,5,53821450,44521,6,-14,5,
60,4,2024.04.03_16.41.10,276,-22.8613019,-43.2283423,-102,2,724,5,53821450,44521,6,-14,5,
61,4,2024.04.03_16.41.11,153,-22.8613019,-43.2283423,-99,2,724,5,53821450,44521,6,-13,6,
62,4,2024.04.03_16.41.12,169,-22.8612967,-43.2283411,-99,2,724,5,53821450,44521,6,-13,6,
63,4,2024.04.03_16.41.13,274,-22.8612967,-43.2283411,-99,2,724,5,53821450,44521,6,-13,6,
64,4,2024.04.03_16.41.14,133,-22.8612967,-43.2283411,-99,2,724,5,53821450,44521,6,-13,6,
65,4,2024.04.03_16.41.15,212,-22.8612967,-43.2283411,-99,2,724,5,53821450,44521,6,-13,6,
66,4,2024.04.03_16.41.16,141,-22.8612967,-43.2283411,-95,3,724,5,53821450,44521,6,-11,6,
67,4,2024.04.03_16.41.17,164,-22.8612528,-43.2282923,-95,3,724,5,53821450,44521,6,-11,6,
68,4,2024.04.03_16.41.18,225,-22.8612528,-43.2282923,-95,3,724,5,53821450,44521,6,-11,6,
69,4,2024.04.03_16.41.19,144,-22.8612528,-43.2282923,-95,3,724,5,53821450,44521,6,-11,6,
70,4,2024.04.03_16.41.20,156,-22.8612528,-43.2282923,-95,3,724,5,53821450,44521,6,-11,6,
71,4,2024.04.03_16.41.21,211,-22.8612528,-43.2282923,-100,2,724,5,53821450,44521,6,-12,9,
72,4,2024.04.03_16.41.22,186,-22.8611583,-43.228132,-100,2,724,5,53821450,44521,6,-12,9,
73,4,2024.04.03_16.41.23,130,-22.8611583,-43.228132,-100,2,724,5,53821450,44521,6,-12,9,
74,4,2024.04.03_16.41.24,262,-22.8611583,-43.228132,-100,2,724,5,53821450,44521,6,-12,9,
75,4,2024.04.03_16.41.25,221,-22.8611583,-43.228132,-100,2,724,5,53821450,44521,6,-12,9,
76,4,2024.04.03_16.41.26,334,-22.8611583,-43.228132,-100,2,724,5,53821450,44521,6,-12,9,
77,4,2024.04.03_16.41.27,228,-22.8611145,-43.2280223,-100,2,724,5,53821450,44521,6,-12,9,
78,4,2024.04.03_16.41.28,186,-22.8611145,-43.2280223,-100,2,724,5,53821450,44521,6,-12,9,
79,4,2024.04.03_16.41.29,298,-22.8611145,-43.2280223,-100,2,724,5,53821450,44521,6,-12,9,
80,4,2024.04.03_16.41.30,231,-22.8611145,-43.2280223,-100,2,724,5,53821450,44521,6,-12,9,
81,4,2024.04.03_16.41.31,171,-22.8611145,-43.2280223,-100,2,724,5,53821450,44521,6,-12,9,
82,4,2024.04.03_16.41.32,156,-22.8611122,-43.2279849,-100,2,724,5,53821450,44521,6,-12,9,
83,4,2024.04.03_16.41.33,227,-22.8611122,-43.2279849,-100,2,724,5,53821450,44521,6,-12,9,
84,4,2024.04.03_16.41.34,114,-22.8611122,-43.2279849,-100,2,724,5,53821450,44521,6,-12,9,
85,4,2024.04.03_16.41.35,154,-22.8611122,-43.2279849,-100,2,724,5,53821450,44521,6,-12,9,
86,4,2024.04.03_16.41.36,166,-22.8611122,-43.2279849,-100,2,724,5,53821450,44521,6,-12,9,
87,4,2024.04.03_16.41.37,171,-22.86113,-43.2278977,-100,2,724,5,53821450,44521,6,-12,9,
88,4,2024.04.03_16.41.38,192,-22.86113,-43.2278977,-100,2,724,5,53821450,44521,6,-12,9,
89,4,2024.04.03_16.41.39,159,-22.86113,-43.2278977,-100,2,724,5,53821450,44521,6,-12,9,
90,4,2024.04.03_16.41.40,141,-22.86113,-43.2278977,-100,2,724,5,53821450,44521,6,-12,9,
91,4,2024.04.03_16.41.42,260,-22.86113,-43.2278977,-100,2,724,5,53821450,44521,6,-12,9,
92,4,2024.04.03_16.41.42,182,-22.8611592,-43.2278508,-104,2,724,5,53821450,44521,6,-13,5,
93,4,2024.04.03_16.41.43,171,-22.861161,-43.2278495,-104,2,724,5,53821450,44521,6,-13,5,
94,4,2024.04.03_16.41.45,333,-22.861161,-43.2278495,-104,2,724,5,53821450,44521,6,-13,5,
95,4,2024.04.03_16.41.46,232,-22.861161,-43.2278495,-104,2,724,5,53821450,44521,6,-13,5,
96,4,2024.04.03_16.41.47,345,-22.861161,-43.2278495,-104,2,724,5,53821450,44521,6,-13,5,
97,4,2024.04.03_16.41.49,1225,-22.8613254,-43.2277438,-104,2,724,5,30758409,44521,6,-17,1,
98,4,2024.04.03_16.41.49,210,-22.8613254,-43.2277438,-104,2,724,5,30758409,44521,6,-17,1,
99,4,2024.04.03_16.41.50,522,-22.8613254,-43.2277438,-104,2,724,5,30758409,44521,6,-17,1,
100,4,2024.04.03_16.41.51,166,-22.8613254,-43.2277438,-104,2,724,5,30758409,44521,6,-17,1,
101,4,2024.04.03_16.41.52,230,-22.8613254,-43.2277438,-104,2,724,5,30758409,44521,6,-17,1,
102,4,2024.04.03_16.41.53,214,-22.8615206,-43.227629,-104,2,724,5,30758409,44521,6,-17,1,
103,4,2024.04.03_16.41.54,318,-22.8615206,-43.227629,-114,1,724,5,54007826,44521,6,-18,-5,
104,4,2024.04.03_16.41.55,253,-22.8615206,-43.227629,-114,1,724,5,54007826,44521,6,-18,-5,
105,4,2024.04.03_16.41.56,190,-22.8615206,-43.227629,-114,1,724,5,54007826,44521,6,-18,-5,
106,4,2024.04.03_16.41.57,185,-22.8615206,-43.227629,-114,1,724,5,54007826,44521,6,-18,-5,
107,4,2024.04.03_16.41.58,165,-22.8615066,-43.2272907,-112,1,724,5,54007826,44521,6,-19,-4,
108,4,2024.04.03_16.41.59,450,-22.8615021,-43.227284,-112,1,724,5,54007826,44521,6,-19,-4,
109,4,2024.04.03_16.42.00,199,-22.8615021,-43.227284,-112,1,724,5,54007826,44521,6,-19,-4,
110,4,2024.04.03_16.42.01,260,-22.8615021,-43.227284,-112,1,724,5,54007826,44521,6,-19,-4,
111,4,2024.04.03_16.42.02,293,-22.8615021,-43.227284,-112,1,724,5,54007826,44521,6,-19,-4,
112,4,2024.04.03_16.42.03,242,-22.8613936,-43.2270783,-112,1,724,5,54007826,44521,6,-19,-4,
113,4,2024.04.03_16.42.04,161,-22.8613936,-43.2270783,-112,1,724,5,54007826,44521,6,-19,-4,
114,4,2024.04.03_16.42.05,283,-22.8613936,-43.2270783,-112,1,724,5,54007826,44521,6,-19,-4,
115,4,2024.04.03_16.42.06,208,-22.8613936,-43.2270783,-112,1,724,5,54007826,44521,6,-19,-4,
116,4,2024.04.03_16.42.07,257,-22.8613936,-43.2270783,-112,1,724,5,54007826,44521,6,-19,-4,
117,4,2024.04.03_16.42.08,317,-22.8613796,-43.2270489,-114,1,724,5,54007826,44521,6,-18,-4,
118,4,2024.04.03_16.42.09,247,-22.8613796,-43.2270489,-114,1,724,5,54007826,44521,6,-18,-4,
119,4,2024.04.03_16.42.10,345,-22.8613803,-43.2270499,-114,1,724,5,54007826,44521,6,-18,-4,
120,4,2024.04.03_16.42.11,357,-22.8613803,-43.2270499,-114,1,724,5,54007826,44521,6,-18,-4,
121,4,2024.04.03_16.42.12,314,-22.8613803,-43.2270499,-114,1,724,5,54007826,44521,6,-18,-4,
122,4,2024.04.03_16.42.13,792,-22.8613567,-43.2270126,-114,1,724,5,54007826,44521,6,-18,-4,
123,4,2024.04.03_16.42.14,200,-22.8613567,-43.2270126,-114,1,724,5,54007826,44521,6,-18,-4,
124,4,2024.04.03_16.42.15,144,-22.8613567,-43.2270126,-114,1,724,5,54007826,44521,6,-18,-4,
125,4,2024.04.03_16.42.16,237,-22.8613567,-43.2270126,-114,1,724,5,54007826,44521,6,-18,-4,
126,4,2024.04.03_16.42.17,176,-22.8613567,-43.2270126,-114,1,724,5,54007826,44521,6,-18,-4,
127,4,2024.04.03_16.42.18,266,-22.8614997,-43.2268986,-114,1,724,5,54007826,44521,6,-19,-5,
128,4,2024.04.03_16.42.19,360,-22.8615047,-43.2268967,-114,1,724,5,54007826,44521,6,-19,-5,
129,4,2024.04.03_16.42.20,574,-22.8615047,-43.2268967,-114,1,724,5,54007826,44521,6,-19,-5,
130,4,2024.04.03_16.42.21,382,-22.8615047,-43.2268967,-114,1,724,5,54007826,44521,6,-19,-5,
131,4,2024.04.03_16.42.23,1181,-22.8618693,-43.2265992,-120,0,724,5,53821470,44521,6,-20,-5,
132,4,2024.04.03_16.42.23,335,-22.8618693,-43.2265992,-120,0,724,5,53821470,44521,6,-20,-5,
133,4,2024.04.03_16.42.24,271,-22.8618693,-43.2265992,-107,1,724,5,30758409,44521,6,-18,-6,
134,4,2024.04.03_16.42.25,311,-22.8618693,-43.2265992,-107,1,724,5,30758409,44521,6,-18,-6,
135,4,2024.04.03_16.42.26,260,-22.8618693,-43.2265992,-107,1,724,5,30758409,44521,6,-18,-6,
136,4,2024.04.03_16.42.27,183,-22.8618693,-43.2265992,-107,1,724,5,30758409,44521,6,-18,-6,
137,4,2024.04.03_16.42.28,304,-22.8622482,-43.2262893,-107,1,724,5,30758409,44521,6,-18,-6,
138,4,2024.04.03_16.42.29,312,-22.8622482,-43.2262893,-107,1,724,5,30758409,44521,6,-18,-6,
139,4,2024.04.03_16.42.31,394,-22.8622482,-43.2262893,-97,2,724,5,30758409,44521,6,-16,-6,
140,4,2024.04.03_16.42.31,1394,-22.8622482,-43.2262893,-97,2,724,5,30758409,44521,6,-16,-6,
141,4,2024.04.03_16.42.32,148,-22.8622482,-43.2262893,-97,2,724,5,30758409,44521,6,-16,-6,
142,4,2024.04.03_16.42.33,206,-22.8626957,-43.2262383,-97,2,724,5,30758409,44521,6,-16,-6,
143,4,2024.04.03_16.42.34,175,-22.8626957,-43.2262383,-97,2,724,5,30758409,44521,6,-16,-6,
144,4,2024.04.03_16.42.36,1170,-22.8626957,-43.2262383,-107,1,724,5,53821962,44521,6,-19,-6,
145,4,2024.04.03_16.42.36,174,-22.8626957,-43.2262383,-107,1,724,5,53821962,44521,6,-19,-6,
146,4,2024.04.03_16.42.39,928,-22.8630308,-43.2260725,-115,1,724,5,54462987,44521,6,-20,-10,
147,4,2024.04.03_16.42.39,1960,-22.8630308,-43.2260725,-115,1,724,5,54462987,44521,6,-20,-10,
148,4,2024.04.03_16.42.39,330,-22.8630308,-43.2260725,-115,1,724,5,54462987,44521,6,-20,-10,
149,4,2024.04.03_16.42.40,601,-22.8630308,-43.2260725,-115,1,724,5,54462987,44521,6,-20,-10,
150,4,2024.04.03_16.42.41,151,-22.8630308,-43.2260725,-111,1,724,5,54007826,44521,6,-16,-11,
151,4,2024.04.03_16.42.42,308,-22.8630308,-43.2260725,-111,1,724,5,54007826,44521,6,-16,-11,
152,4,2024.04.03_16.42.43,280,-22.8629448,-43.2255185,-111,1,724,5,54007826,44521,6,-16,-11,
153,4,2024.04.03_16.42.44,184,-22.8629448,-43.2255185,-111,1,724,5,54007826,44521,6,-16,-11,
154,4,2024.04.03_16.42.45,141,-22.8629448,-43.2255185,-111,1,724,5,54007826,44521,6,-16,-11,
155,4,2024.04.03_16.42.46,301,-22.8629448,-43.2255185,-111,1,724,5,54007826,44521,6,-16,-11,
156,4,2024.04.03_16.42.47,205,-22.8629448,-43.2255185,-111,1,724,5,54007826,44521,6,-16,-11,
157,4,2024.04.03_16.42.51,202,-22.8624825,-43.2254715,-106,1,724,5,53821450,44521,6,-18,-5,
158,4,2024.04.03_16.42.51,1211,-22.8624825,-43.2254715,-106,1,724,5,53821450,44521,6,-18,-5,
159,4,2024.04.03_16.42.51,3234,-22.8624825,-43.2254715,-106,1,724,5,53821450,44521,6,-18,-5,
160,4,2024.04.03_16.42.52,3320,-22.8624825,-43.2254715,-114,1,724,5,53821470,44521,6,-17,-5,
161,4,2024.04.03_16.42.52,356,-22.8622424,-43.2258978,-114,1,724,5,53821470,44521,6,-17,-5,
162,4,2024.04.03_16.42.55,1339,-22.8622424,-43.2258978,-105,2,724,5,30758409,44521,6,-17,-6,
163,4,2024.04.03_16.42.55,334,-22.8622424,-43.2258978,-105,2,724,5,30758409,44521,6,-17,-6,
164,4,2024.04.03_16.42.56,2892,-22.8622424,-43.2258978,-105,2,724,5,30758409,44521,6,-17,-6,
165,4,2024.04.03_16.42.56,121,-22.8622424,-43.2258978,-105,2,724,5,30758409,44521,6,-17,-6,
166,4,2024.04.03_16.42.57,283,-22.8622424,-43.2258978,-105,2,724,5,30758409,44521,6,-17,-6,
167,4,2024.04.03_16.42.58,165,-22.8618843,-43.2263285,-105,2,724,5,30758409,44521,6,-17,-6,
168,4,2024.04.03_16.42.59,154,-22.8618843,-43.2263285,-105,2,724,5,30758409,44521,6,-17,-6,
169,4,2024.04.03_16.43.01,815,-22.8618843,-43.2263285,-112,1,724,5,53821470,44521,6,-15,-4,
170,4,2024.04.03_16.43.01,252,-22.8618843,-43.2263285,-112,1,724,5,53821470,44521,6,-15,-4,
171,4,2024.04.03_16.43.02,361,-22.8613588,-43.2266698,-112,1,724,5,53821470,44521,6,-15,-4,
172,4,2024.04.03_16.43.03,316,-22.8613588,-43.2266698,-112,1,724,5,53821470,44521,6,-15,-4,
173,4,2024.04.03_16.43.04,298,-22.8613588,-43.2266698,-112,1,724,5,53821470,44521,6,-15,-4,
174,4,2024.04.03_16.43.05,176,-22.8613588,-43.2266698,-112,1,724,5,53821470,44521,6,-15,-4,
175,4,2024.04.03_16.43.06,335,-22.8613588,-43.2266698,-112,1,724,5,53821470,44521,6,-15,-4,
176,4,2024.04.03_16.43.07,150,-22.8613588,-43.2266698,-112,1,724,5,53821470,44521,6,-15,-4,
177,4,2024.04.03_16.43.08,216,-22.8609979,-43.2269544,-112,1,724,5,53821470,44521,6,-15,-4,
178,4,2024.04.03_16.43.09,324,-22.8609979,-43.2269544,-112,1,724,5,53821470,44521,6,-15,-4,
179,4,2024.04.03_16.43.10,135,-22.8609979,-43.2269544,-112,1,724,5,53821470,44521,6,-15,-4,
180,4,2024.04.03_16.43.12,158,-22.8609979,-43.2269544,-112,1,724,5,53821470,44521,6,-15,-4,
181,4,2024.04.03_16.43.12,1162,-22.8609979,-43.2269544,-112,1,724,5,53821470,44521,6,-15,-4,
182,4,2024.04.03_16.43.13,419,-22.8608836,-43.2270091,-110,1,724,5,54007822,44521,6,-18,-1,
183,4,2024.04.03_16.43.14,373,-22.8608854,-43.2270071,-112,1,724,5,53821442,44521,6,-16,0,
184,4,2024.04.03_16.43.15,558,-22.8608854,-43.2270071,-112,1,724,5,53821442,44521,6,-16,0,
185,4,2024.04.03_16.43.17,1217,-22.8608768,-43.2270805,-112,1,724,5,53821442,44521,6,-16,0,
186,4,2024.04.03_16.43.17,216,-22.8608768,-43.2270805,-112,1,724,5,53821442,44521,6,-16,0,
187,4,2024.04.03_16.43.18,172,-22.8608768,-43.2270805,-109,1,724,5,53821442,44521,6,-16,0,
188,4,2024.04.03_16.43.19,152,-22.8608718,-43.2270845,-109,1,724,5,53821442,44521,6,-16,0,
189,4,2024.04.03_16.43.20,293,-22.8608718,-43.2270845,-109,1,724,5,53821442,44521,6,-16,0,
190,4,2024.04.03_16.43.21,255,-22.8608718,-43.2270845,-109,1,724,5,53821442,44521,6,-16,0,
191,4,2024.04.03_16.43.22,171,-22.8605979,-43.2272295,-109,1,724,5,53821442,44521,6,-16,0,
192,4,2024.04.03_16.43.23,346,-22.8605979,-43.2272295,-109,1,724,5,53821442,44521,6,-16,0,
193,4,2024.04.03_16.43.24,138,-22.8605979,-43.2272295,-109,1,724,5,53821442,44521,6,-16,0,
194,4,2024.04.03_16.43.25,170,-22.8605979,-43.2272295,-109,1,724,5,53821442,44521,6,-16,0,
195,4,2024.04.03_16.43.26,498,-22.8605979,-43.2272295,-109,1,724,5,53821442,44521,6,-16,0,
196,4,2024.04.03_16.43.27,255,-22.8602103,-43.2274941,-109,1,724,5,53821442,44521,6,-16,0,
197,4,2024.04.03_16.43.28,188,-22.8602103,-43.2274941,-109,1,724,5,53821442,44521,6,-16,0,
198,4,2024.04.03_16.43.29,170,-22.8602103,-43.2274941,-109,1,724,5,53821442,44521,6,-16,0,
199,4,2024.04.03_16.43.30,263,-22.8602103,-43.2274941,-109,1,724,5,53821442,44521,6,-16,0,
200,4,2024.04.03_16.43.31,201,-22.8602103,-43.2274941,-109,1,724,5,53821442,44521,6,-16,0,
201,4,2024.04.03_16.43.32,171,-22.8597885,-43.2278012,-109,1,724,5,53821442,44521,6,-16,0,
202,4,2024.04.03_16.43.33,168,-22.8597885,-43.2278012,-109,1,724,5,53821442,44521,6,-16,0,
203,4,2024.04.03_16.43.34,129,-22.8597885,-43.2278012,-109,1,724,5,53821442,44521,6,-16,0,
204,4,2024.04.03_16.43.35,174,-22.8597885,-43.2278012,-109,1,724,5,53821442,44521,6,-16,0,
205,4,2024.04.03_16.43.36,134,-22.8597885,-43.2278012,-109,1,724,5,53821442,44521,6,-16,0,
206,4,2024.04.03_16.43.37,256,-22.8592412,-43.228199,-109,1,724,5,53821442,44521,6,-16,0,
207,4,2024.04.03_16.43.38,209,-22.8592412,-43.228199,-109,1,724,5,53821442,44521,6,-16,0,
208,4,2024.04.03_16.43.39,96,-22.8592412,-43.228199,-109,1,724,5,53821442,44521,6,-16,0,
209,4,2024.04.03_16.43.40,352,-22.8592412,-43.228199,-109,1,724,5,53821442,44521,6,-16,0,
210,4,2024.04.03_16.43.41,253,-22.8592412,-43.228199,-109,1,724,5,53821442,44521,6,-16,0,
211,4,2024.04.03_16.43.44,1760,-22.858681,-43.2285791,-109,1,724,5,53821442,44521,6,-16,0,
212,4,2024.04.03_16.43.44,850,-22.858681,-43.2285791,-109,1,724,5,53821442,44521,6,-16,0,
213,4,2024.04.03_16.43.44,105,-22.858681,-43.2285791,-109,1,724,5,53821442,44521,6,-16,0,
214,4,2024.04.03_16.43.45,190,-22.858681,-43.2285791,-109,1,724,5,53821442,44521,6,-16,0,
215,4,2024.04.03_16.43.47,929,-22.858681,-43.2285791,-109,1,724,5,53821442,44521,6,-16,0,
216,4,2024.04.03_16.43.48,361,-22.8580722,-43.228851,-109,1,724,5,53821442,44521,6,-16,0,
217,4,2024.04.03_16.43.48,132,-22.8580722,-43.228851,-109,1,724,5,53821442,44521,6,-16,0,
218,4,2024.04.03_16.43.51,1344,-22.8580722,-43.228851,-97,2,724,5,53821449,44521,6,-15,-2,
219,4,2024.04.03_16.43.51,394,-22.8580722,-43.228851,-97,2,724,5,53821449,44521,6,-15,-2,
220,4,2024.04.03_16.43.51,190,-22.8580722,-43.228851,-97,2,724,5,53821449,44521,6,-15,-2,
221,4,2024.04.03_16.43.53,373,-22.8574869,-43.2289721,-97,2,724,5,53821449,44521,6,-15,-2,
222,4,2024.04.03_16.43.53,252,-22.8574869,-43.2289721,-97,2,724,5,53821449,44521,6,-15,-2,
223,4,2024.04.03_16.43.54,197,-22.8574869,-43.2289721,-97,2,724,5,53821449,44521,6,-15,-2,
224,4,2024.04.03_16.43.57,361,-22.8574869,-43.2289721,-97,2,724,5,53821449,44521,6,-15,-2,
225,4,2024.04.03_16.43.57,1394,-22.8574869,-43.2289721,-97,2,724,5,53821449,44521,6,-15,-2,
226,4,2024.04.03_16.43.58,204,-22.8569667,-43.2291875,-97,2,724,5,53821449,44521,6,-15,-2,
227,4,2024.04.03_16.43.58,1218,-22.8569667,-43.2291875,-97,2,724,5,53821449,44521,6,-15,-2,
228,4,2024.04.03_16.44.00,360,-22.8569667,-43.2291875,-97,2,724,5,53821449,44521,6,-15,-2,
229,4,2024.04.03_16.44.01,382,-22.8569667,-43.2291875,-97,2,724,5,53821449,44521,6,-15,-2,
230,4,2024.04.03_16.44.01,226,-22.8569667,-43.2291875,-97,2,724,5,53821449,44521,6,-15,-2,
231,4,2024.04.03_16.44.02,139,-22.8565273,-43.2296801,-97,2,724,5,53821449,44521,6,-15,-2,
232,4,2024.04.03_16.44.04,250,-22.8564874,-43.2297528,-97,2,724,5,53821449,44521,6,-15,-2,
233,4,2024.04.03_16.44.04,206,-22.8563943,-43.2299049,-97,2,724,5,53821449,44521,6,-15,-2,
234,4,2024.04.03_16.44.11,3329,-22.8561928,-43.2302184,-97,2,724,5,53821449,44521,6,-15,-2,
235,4,2024.04.03_16.44.11,2327,-22.8561928,-43.2302184,-97,2,724,5,53821449,44521,6,-15,-2,
236,4,2024.04.03_16.44.11,323,-22.8561928,-43.2302184,-97,2,724,5,53821449,44521,6,-15,-2,
237,4,2024.04.03_16.44.11,4379,-22.8561928,-43.2302184,-97,2,724,5,53821449,44521,6,-15,-2,
238,4,2024.04.03_16.44.11,1383,-22.8561928,-43.2302184,-97,2,724,5,53821449,44521,6,-15,-2,
239,4,2024.04.03_16.44.12,274,-22.8561928,-43.2302184,-97,2,724,5,53821449,44521,6,-15,-2,
240,4,2024.04.03_16.44.12,171,-22.855769,-43.2306574,-97,2,724,5,53821449,44521,6,-15,-2,
241,4,2024.04.03_16.44.13,7309,-22.855769,-43.2306574,-97,2,724,5,53821449,44521,6,-15,-2,
242,4,2024.04.03_16.44.14,161,-22.855769,-43.2306574,-97,2,724,5,53821449,44521,6,-15,-2,
243,4,2024.04.03_16.44.15,251,-22.855769,-43.2306574,-97,2,724,5,53821449,44521,6,-15,-2,
244,4,2024.04.03_16.44.16,275,-22.855769,-43.2306574,-97,2,724,5,53821449,44521,6,-15,-2,
245,4,2024.04.03_16.44.17,272,-22.855769,-43.2306574,-97,2,724,5,53821449,44521,6,-15,-2,
246,4,2024.04.03_16.44.18,289,-22.855769,-43.2306574,-97,2,724,5,53821449,44521,6,-15,-2,
247,4,2024.04.03_16.44.19,239,-22.8551805,-43.2310888,-114,1,724,5,53821469,44521,6,-17,2,
248,4,2024.04.03_16.44.20,919,-22.8551805,-43.2310888,-99,2,724,5,54005266,44521,6,-11,-1,
249,4,2024.04.03_16.44.21,117,-22.8551805,-43.2310888,-99,2,724,5,54005266,44521,6,-11,-1,
250,4,2024.04.03_16.44.22,237,-22.8551805,-43.2310888,-99,2,724,5,54005266,44521,6,-11,-1,
251,4,2024.04.03_16.44.23,273,-22.8551805,-43.2310888,-99,2,724,5,54005266,44521,6,-11,-1,
252,4,2024.04.03_16.44.24,390,-22.8546787,-43.2314511,-99,2,724,5,54005266,44521,6,-11,-1,
253,4,2024.04.03_16.44.25,856,-22.8546787,-43.2314511,-99,2,724,5,54005266,44521,6,-11,-1,
254,4,2024.04.03_16.44.26,621,-22.8546787,-43.2314511,-99,2,724,5,54005266,44521,6,-11,-1,
255,4,2024.04.03_16.44.27,285,-22.8546787,-43.2314511,-99,2,724,5,54005266,44521,6,-11,-1,
256,4,2024.04.03_16.44.28,202,-22.8546787,-43.2314511,-99,2,724,5,54005266,44521,6,-11,-1,
257,4,2024.04.03_16.44.29,206,-22.8542374,-43.2317703,-99,2,724,5,54005266,44521,6,-11,-1,
258,4,2024.04.03_16.44.30,621,-22.8542374,-43.2317703,-99,2,724,5,54005266,44521,6,-11,-1,
259,4,2024.04.03_16.44.31,156,-22.8542374,-43.2317703,-99,2,724,5,54005266,44521,6,-11,-1,
260,4,2024.04.03_16.44.32,299,-22.8542374,-43.2317703,-99,2,724,5,54005266,44521,6,-11,-1,
261,4,2024.04.03_16.44.33,281,-22.8542374,-43.2317703,-99,2,724,5,54005266,44521,6,-11,-1,
262,4,2024.04.03_16.44.34,208,-22.8538026,-43.2320914,-99,2,724,5,54005266,44521,6,-11,-1,
263,4,2024.04.03_16.44.35,328,-22.8538026,-43.2320914,-99,2,724,5,54005266,44521,6,-11,-1,
264,4,2024.04.03_16.44.36,346,-22.8538026,-43.2320914,-99,2,724,5,54005266,44521,6,-11,-1,
265,4,2024.04.03_16.44.37,270,-22.8538026,-43.2320914,-99,2,724,5,54005266,44521,6,-11,-1,
266,4,2024.04.03_16.44.38,340,-22.8538026,-43.2320914,-99,2,724,5,54005266,44521,6,-11,-1,
267,4,2024.04.03_16.44.39,325,-22.8533873,-43.2324064,-99,2,724,5,54005266,44521,6,-11,-1,
268,4,2024.04.03_16.44.40,255,-22.8533873,-43.2324064,-99,2,724,5,54005266,44521,6,-11,-1,
269,4,2024.04.03_16.44.44,402,-22.8529354,-43.2327658,-108,1,724,5,54007825,44521,6,-20,-8,
270,4,2024.04.03_16.44.44,1390,-22.8529354,-43.2327658,-108,1,724,5,54007825,44521,6,-20,-8,
271,4,2024.04.03_16.44.44,2398,-22.8529354,-43.2327658,-108,1,724,5,54007825,44521,6,-20,-8,
272,4,2024.04.03_16.44.46,1324,-22.8529354,-43.2327658,-115,1,724,5,53821469,44521,6,-20,-8,
273,4,2024.04.03_16.44.46,321,-22.8529354,-43.2327658,-115,1,724,5,53821469,44521,6,-20,-8,
274,4,2024.04.03_16.44.48,1283,-22.8529354,-43.2327658,-107,1,724,5,53821441,44521,6,-19,-9,
275,4,2024.04.03_16.44.48,278,-22.8529354,-43.2327658,-107,1,724,5,53821441,44521,6,-19,-9,
276,4,2024.04.03_16.44.49,110,-22.8524689,-43.2331251,-107,1,724,5,53821441,44521,6,-19,-9,
277,4,2024.04.03_16.44.50,272,-22.8524689,-43.2331251,-107,1,724,5,53821441,44521,6,-19,-9,
278,4,2024.04.03_16.44.51,262,-22.8524689,-43.2331251,-107,1,724,5,53821441,44521,6,-19,-9,
279,4,2024.04.03_16.44.54,2133,-22.8520274,-43.2334809,-107,1,724,5,53821441,44521,6,-19,-9,
280,4,2024.04.03_16.44.54,1663,-22.8520274,-43.2334809,-107,1,724,5,53821441,44521,6,-19,-9,
281,4,2024.04.03_16.44.55,1880,-22.8520274,-43.2334809,-107,1,724,5,53821441,44521,6,-19,-9,
282,4,2024.04.03_16.44.56,139,-22.8520274,-43.2334809,-107,1,724,5,53821441,44521,6,-19,-9,
283,4,2024.04.03_16.44.56,1150,-22.8520274,-43.2334809,-107,1,724,5,53821441,44521,6,-19,-9,
284,4,2024.04.03_16.44.57,280,-22.8520274,-43.2334809,-107,1,724,5,53821441,44521,6,-19,-9,
285,4,2024.04.03_16.44.58,163,-22.8520274,-43.2334809,-107,1,724,5,53821441,44521,6,-19,-9,
286,4,2024.04.03_16.44.59,175,-22.8515864,-43.2337525,-107,1,724,5,53821441,44521,6,-19,-9,
287,4,2024.04.03_16.45.00,159,-22.8515864,-43.2337525,-107,1,724,5,53821441,44521,6,-19,-9,
288,4,2024.04.03_16.45.01,225,-22.8515864,-43.2337525,-107,1,724,5,53821441,44521,6,-19,-9,
289,4,2024.04.03_16.45.02,181,-22.8515864,-43.2337525,-107,1,724,5,53821441,44521,6,-19,-9,
290,4,2024.04.03_16.45.04,1196,-22.8511796,-43.2340204,-106,1,724,5,54005250,44521,6,-15,-5,
291,4,2024.04.03_16.45.04,186,-22.8511796,-43.2340204,-106,1,724,5,54005250,44521,6,-15,-5,
292,4,2024.04.03_16.45.05,229,-22.8511796,-43.2340204,-106,1,724,5,54005250,44521,6,-15,-5,
293,4,2024.04.03_16.45.06,370,-22.8511796,-43.2340204,-108,1,724,5,53821441,44521,6,-18,-5,
294,4,2024.04.03_16.45.07,276,-22.8511796,-43.2340204,-103,2,724,5,54005262,44521,6,-12,-5,
295,4,2024.04.03_16.45.08,232,-22.8511796,-43.2340204,-103,2,724,5,54005262,44521,6,-12,-5,
296,4,2024.04.03_16.45.09,168,-22.8508178,-43.2342974,-103,2,724,5,54005262,44521,6,-12,-5,
297,4,2024.04.03_16.45.10,294,-22.8508178,-43.2342974,-103,2,724,5,54005262,44521,6,-12,-5,
298,4,2024.04.03_16.45.11,238,-22.8508178,-43.2342974,-103,2,724,5,54005262,44521,6,-12,-5,
299,4,2024.04.03_16.45.12,238,-22.8508178,-43.2342974,-103,2,724,5,54005262,44521,6,-12,-5,
300,4,2024.04.03_16.45.13,137,-22.8508178,-43.2342974,-103,2,724,5,54005262,44521,6,-12,-5,
301,4,2024.04.03_16.45.14,284,-22.8504501,-43.2346014,-103,2,724,5,54005262,44521,6,-12,-5,
302,4,2024.04.03_16.45.15,197,-22.8504501,-43.2346014,-103,2,724,5,54005262,44521,6,-12,-5,
303,4,2024.04.03_16.45.16,190,-22.8504501,-43.2346014,-103,2,724,5,54005262,44521,6,-12,-5,
304,4,2024.04.03_16.45.17,366,-22.8504501,-43.2346014,-103,2,724,5,54005262,44521,6,-12,-5,
305,4,2024.04.03_16.45.18,165,-22.8504501,-43.2346014,-103,2,724,5,54005262,44521,6,-12,-5,
306,4,2024.04.03_16.45.19,307,-22.8501345,-43.2348225,-103,2,724,5,54005262,44521,6,-12,-5,
307,4,2024.04.03_16.45.20,174,-22.8501345,-43.2348225,-103,2,724,5,54005262,44521,6,-12,-5,
308,4,2024.04.03_16.45.21,246,-22.8501345,-43.2348225,-103,2,724,5,54005262,44521,6,-12,-5,
309,4,2024.04.03_16.45.22,193,-22.8501345,-43.2348225,-103,2,724,5,54005262,44521,6,-12,-5,
310,4,2024.04.03_16.45.23,197,-22.8501345,-43.2348225,-103,2,724,5,54005262,44521,6,-12,-5,
311,4,2024.04.03_16.45.24,175,-22.8499508,-43.2349362,-101,2,724,5,54005262,44521,6,-13,0,
312,4,2024.04.03_16.45.25,389,-22.8499528,-43.2349342,-101,2,724,5,54005262,44521,6,-13,0,
313,4,2024.04.03_16.45.26,236,-22.8499528,-43.2349342,-101,2,724,5,54005262,44521,6,-13,0,
314,4,2024.04.03_16.45.27,227,-22.8499528,-43.2349342,-101,2,724,5,54005262,44521,6,-13,0,
315,4,2024.04.03_16.45.28,393,-22.849739,-43.2351192,-101,2,724,5,54005262,44521,6,-13,0,
316,4,2024.04.03_16.45.29,222,-22.849739,-43.2351192,-101,2,724,5,54005262,44521,6,-13,0,
317,4,2024.04.03_16.45.30,365,-22.849739,-43.2351192,-101,2,724,5,54005262,44521,6,-13,0,
318,4,2024.04.03_16.45.31,326,-22.849739,-43.2351192,-101,2,724,5,54005262,44521,6,-13,0,
319,4,2024.04.03_16.45.32,242,-22.849739,-43.2351192,-101,2,724,5,54005262,44521,6,-13,0,
320,4,2024.04.03_16.45.33,152,-22.849739,-43.2351192,-101,2,724,5,54005262,44521,6,-13,0,
321,4,2024.04.03_16.45.34,381,-22.8494757,-43.2353302,-101,2,724,5,54005262,44521,6,-13,0,
322,4,2024.04.03_16.45.35,145,-22.8494757,-43.2353302,-101,2,724,5,54005262,44521,6,-13,0,
323,4,2024.04.03_16.45.37,1288,-22.8494757,-43.2353302,-101,2,724,5,54005262,44521,6,-13,0,
324,4,2024.04.03_16.45.40,2833,-22.8491857,-43.2354637,-101,2,724,5,54005262,44521,6,-13,0,
325,4,2024.04.03_16.45.40,842,-22.8491857,-43.2354637,-101,2,724,5,54005262,44521,6,-13,0,
326,4,2024.04.03_16.45.40,1855,-22.8491857,-43.2354637,-101,2,724,5,54005262,44521,6,-13,0,
327,4,2024.04.03_16.45.40,155,-22.8491857,-43.2354637,-101,2,724,5,54005262,44521,6,-13,0,
328,4,2024.04.03_16.45.41,153,-22.8491857,-43.2354637,-101,2,724,5,54005262,44521,6,-13,0,
329,4,2024.04.03_16.45.42,230,-22.8491857,-43.2354637,-101,2,724,5,54005262,44521,6,-13,0,
330,4,2024.04.03_16.45.43,166,-22.8491857,-43.2354637,-101,2,724,5,54005262,44521,6,-13,0,
331,4,2024.04.03_16.45.44,166,-22.848963,-43.2356198,-101,2,724,5,54005262,44521,6,-13,0,
332,4,2024.04.03_16.45.45,329,-22.848963,-43.2356198,-101,2,724,5,54005262,44521,6,-13,0,
333,4,2024.04.03_16.45.46,226,-22.848963,-43.2356198,-101,2,724,5,54005262,44521,6,-13,0,
334,4,2024.04.03_16.45.47,147,-22.848963,-43.2356198,-101,2,724,5,54005262,44521,6,-13,0,
335,4,2024.04.03_16.45.48,252,-22.8487798,-43.2357941,-101,2,724,5,54005262,44521,6,-13,0,
336,4,2024.04.03_16.45.49,212,-22.8487798,-43.2357941,-101,2,724,5,54005262,44521,6,-13,0,
337,4,2024.04.03_16.45.50,225,-22.8487798,-43.2357941,-101,2,724,5,54005262,44521,6,-13,0,
338,4,2024.04.03_16.45.51,128,-22.8487798,-43.2357941,-101,2,724,5,54005262,44521,6,-13,0,
339,4,2024.04.03_16.45.52,282,-22.8487798,-43.2357941,-101,2,724,5,54005262,44521,6,-13,0,
340,4,2024.04.03_16.45.53,156,-22.8484363,-43.2359619,-101,2,724,5,54005262,44521,6,-13,0,
341,4,2024.04.03_16.45.54,146,-22.8484363,-43.2359619,-101,2,724,5,54005262,44521,6,-13,0,
342,4,2024.04.03_16.45.55,121,-22.8484363,-43.2359619,-101,2,724,5,54005262,44521,6,-13,0,
343,4,2024.04.03_16.45.56,147,-22.8484363,-43.2359619,-101,2,724,5,54005262,44521,6,-13,0,
344,4,2024.04.03_16.45.57,179,-22.8484363,-43.2359619,-101,2,724,5,54005262,44521,6,-13,0,
345,4,2024.04.03_16.45.58,152,-22.8479834,-43.2360053,-101,2,724,5,54005262,44521,6,-13,0,
346,4,2024.04.03_16.45.59,337,-22.8479834,-43.2360053,-101,2,724,5,54005262,44521,6,-13,0,
347,4,2024.04.03_16.46.00,211,-22.8479834,-43.2360053,-101,2,724,5,54005262,44521,6,-13,0,
348,4,2024.04.03_16.46.01,201,-22.8479834,-43.2360053,-101,2,724,5,54005262,44521,6,-13,0,
349,4,2024.04.03_16.46.02,154,-22.8475548,-43.2359084,-101,2,724,5,54005262,44521,6,-13,0,
350,4,2024.04.03_16.46.03,226,-22.8475548,-43.2359084,-101,2,724,5,54005262,44521,6,-13,0,
351,4,2024.04.03_16.46.04,168,-22.8475548,-43.2359084,-101,2,724,5,54005262,44521,6,-13,0,
352,4,2024.04.03_16.46.05,137,-22.8475548,-43.2359084,-101,2,724,5,54005262,44521,6,-13,0,
353,4,2024.04.03_16.46.06,341,-22.8475548,-43.2359084,-101,2,724,5,54005262,44521,6,-13,0,
354,4,2024.04.03_16.46.07,187,-22.8469204,-43.2357885,-101,2,724,5,54005262,44521,6,-13,0,
355,4,2024.04.03_16.46.08,162,-22.8469204,-43.2357885,-101,2,724,5,54005262,44521,6,-13,0,
356,4,2024.04.03_16.46.09,309,-22.8469204,-43.2357885,-101,2,724,5,54005262,44521,6,-13,0,
357,4,2024.04.03_16.46.10,127,-22.8469204,-43.2357885,-101,2,724,5,54005262,44521,6,-13,0,
358,4,2024.04.03_16.46.11,180,-22.8469204,-43.2357885,-101,2,724,5,54005262,44521,6,-13,0,
359,4,2024.04.03_16.46.12,151,-22.8462485,-43.2356405,-101,2,724,5,54005262,44521,6,-13,0,
360,4,2024.04.03_16.46.13,135,-22.8462485,-43.2356405,-101,2,724,5,54005262,44521,6,-13,0,
361,4,2024.04.03_16.46.14,152,-22.8462485,-43.2356405,-101,2,724,5,54005262,44521,6,-13,0,
362,4,2024.04.03_16.46.15,152,-22.8462485,-43.2356405,-101,2,724,5,54005262,44521,6,-13,0,
363,4,2024.04.03_16.46.16,160,-22.8462485,-43.2356405,-101,2,724,5,54005262,44521,6,-13,0,
364,4,2024.04.03_16.46.17,143,-22.8456266,-43.2355405,-101,2,724,5,54005262,44521,6,-13,0,
365,4,2024.04.03_16.46.18,172,-22.8456266,-43.2355405,-101,2,724,5,54005262,44521,6,-13,0,
366,4,2024.04.03_16.46.19,150,-22.8456266,-43.2355405,-101,2,724,5,54005262,44521,6,-13,0,
367,4,2024.04.03_16.46.20,310,-22.8456266,-43.2355405,-101,2,724,5,54005262,44521,6,-13,0,
368,4,2024.04.03_16.46.21,138,-22.8456266,-43.2355405,-101,2,724,5,54005262,44521,6,-13,0,
369,4,2024.04.03_16.46.22,193,-22.8456266,-43.2355405,-101,2,724,5,54005262,44521,6,-13,0,
370,4,2024.04.03_16.46.23,128,-22.8449079,-43.2355303,-101,2,724,5,54005262,44521,6,-13,0,
371,4,2024.04.03_16.46.24,196,-22.8449079,-43.2355303,-101,2,724,5,54005262,44521,6,-13,0,
372,4,2024.04.03_16.46.25,141,-22.8449079,-43.2355303,-101,2,724,5,54005262,44521,6,-13,0,
373,4,2024.04.03_16.46.26,280,-22.8449079,-43.2355303,-101,2,724,5,54005262,44521,6,-13,0,
374,4,2024.04.03_16.46.27,260,-22.8446691,-43.2357514,-101,2,724,5,54005262,44521,6,-13,0,
375,4,2024.04.03_16.46.28,155,-22.8446691,-43.2357514,-101,2,724,5,54005262,44521,6,-13,0,
376,4,2024.04.03_16.46.29,288,-22.8446691,-43.2357514,-101,2,724,5,54005262,44521,6,-13,0,
377,4,2024.04.03_16.46.30,156,-22.8446691,-43.2357514,-101,2,724,5,54005262,44521,6,-13,0,
378,4,2024.04.03_16.46.31,201,-22.8446691,-43.2357514,-101,2,724,5,54005262,44521,6,-13,0,
379,4,2024.04.03_16.46.32,157,-22.844593,-43.2361877,-101,2,724,5,54005262,44521,6,-13,0,
380,4,2024.04.03_16.46.33,128,-22.844593,-43.2361877,-101,2,724,5,54005262,44521,6,-13,0,
381,4,2024.04.03_16.46.34,127,-22.844593,-43.2361877,-101,2,724,5,54005262,44521,6,-13,0,
382,4,2024.04.03_16.46.35,230,-22.844593,-43.2361877,-101,2,724,5,54005262,44521,6,-13,0,
383,4,2024.04.03_16.46.36,138,-22.844593,-43.2361877,-86,3,724,5,54005249,44521,6,-17,-5,
384,4,2024.04.03_16.46.37,115,-22.844593,-43.2361877,-86,3,724,5,54005249,44521,6,-17,-5,
385,4,2024.04.03_16.46.38,223,-22.8446445,-43.236282,-91,3,724,5,54005249,44521,6,-17,-6,
386,4,2024.04.03_16.46.39,148,-22.8446443,-43.2362788,-91,3,724,5,54005249,44521,6,-17,-6,
387,4,2024.04.03_16.46.40,148,-22.8446443,-43.2362788,-91,3,724,5,54005249,44521,6,-17,-6,
388,4,2024.04.03_16.46.41,249,-22.8446443,-43.2362788,-91,3,724,5,54005249,44521,6,-17,-6,
389,4,2024.04.03_16.46.42,194,-22.8446443,-43.2362788,-91,3,724,5,54005249,44521,6,-17,-6,
390,4,2024.04.03_16.46.43,126,-22.8446439,-43.2362508,-90,3,724,5,54005249,44521,6,-16,-6,
391,4,2024.04.03_16.46.45,263,-22.8446438,-43.2362504,-90,3,724,5,54005249,44521,6,-16,-6,
392,4,2024.04.03_16.46.46,257,-22.8446438,-43.2362504,-90,3,724,5,54005249,44521,6,-16,-6,
393,4,2024.04.03_16.46.46,232,-22.8446438,-43.2362504,-90,3,724,5,54005249,44521,6,-16,-6,
394,4,2024.04.03_16.46.47,130,-22.8446438,-43.2362504,-90,3,724,5,54005249,44521,6,-16,-6,
395,4,2024.04.03_16.46.48,123,-22.8446479,-43.236233,-91,3,724,5,54005249,44521,6,-16,-3,
396,4,2024.04.03_16.46.49,112,-22.844648,-43.2362327,-91,3,724,5,54005249,44521,6,-16,-3,
397,4,2024.04.03_16.46.50,111,-22.844648,-43.2362327,-91,3,724,5,54005249,44521,6,-16,-3,
398,4,2024.04.03_16.46.51,103,-22.844648,-43.2362327,-91,3,724,5,54005249,44521,6,-16,-3,
399,4,2024.04.03_16.46.52,129,-22.844648,-43.2362327,-91,3,724,5,54005249,44521,6,-16,-3,
400,4,2024.04.03_16.46.53,146,-22.8446366,-43.2362365,-93,3,724,5,54005249,44521,6,-16,-3,
401,4,2024.04.03_16.46.54,143,-22.8446364,-43.2362366,-93,3,724,5,54005249,44521,6,-16,-3,
402,4,2024.04.03_16.46.56,215,-22.8446364,-43.2362366,-93,3,724,5,54005249,44521,6,-16,-3,
403,4,2024.04.03_16.46.56,127,-22.8446364,-43.2362366,-93,3,724,5,54005249,44521,6,-16,-3,
404,4,2024.04.03_16.46.57,125,-22.8446364,-43.2362366,-93,3,724,5,54005249,44521,6,-16,-3,
405,4,2024.04.03_16.47.04,4261,-22.8446275,-43.2362547,-93,3,724,5,54005249,44521,6,-16,-4,
406,4,2024.04.03_16.47.04,2237,-22.8446275,-43.2362547,-93,3,724,5,54005249,44521,6,-16,-4,
407,4,2024.04.03_16.47.04,243,-22.8446275,-43.2362547,-93,3,724,5,54005249,44521,6,-16,-4,
408,4,2024.04.03_16.47.04,3288,-22.8446275,-43.2362547,-93,3,724,5,54005249,44521,6,-16,-4,
409,4,2024.04.03_16.47.05,143,-22.8446273,-43.2362556,-93,3,724,5,54005249,44521,6,-16,-4,
410,4,2024.04.03_16.47.06,3149,-22.8446273,-43.2362556,-93,3,724,5,54005249,44521,6,-16,-4,
411,4,2024.04.03_16.47.06,137,-22.8446273,-43.2362556,-93,3,724,5,54005249,44521,6,-16,-4,
412,4,2024.04.03_16.47.06,7281,-22.8446273,-43.2362556,-93,3,724,5,54005249,44521,6,-16,-4,
413,4,2024.04.03_16.47.07,131,-22.8446273,-43.2362556,-93,3,724,5,54005249,44521,6,-16,-4,
414,4,2024.04.03_16.47.08,146,-22.8446273,-43.2362556,-93,3,724,5,54005249,44521,6,-16,-4,
415,4,2024.04.03_16.47.09,148,-22.8446244,-43.2362577,-93,3,724,5,54005249,44521,6,-17,-2,
416,4,2024.04.03_16.47.10,237,-22.8446244,-43.2362577,-93,3,724,5,54005249,44521,6,-17,-2,
417,4,2024.04.03_16.47.11,197,-22.8446244,-43.2362577,-93,3,724,5,54005249,44521,6,-17,-2,
418,4,2024.04.03_16.47.12,169,-22.8446244,-43.2362577,-93,3,724,5,54005249,44521,6,-17,-2,
419,4,2024.04.03_16.47.13,134,-22.8446244,-43.2362577,-93,3,724,5,54005249,44521,6,-17,-2,
420,4,2024.04.03_16.47.14,112,-22.8446255,-43.2362566,-92,3,724,5,54005249,44521,6,-17,-1,
421,4,2024.04.03_16.47.15,161,-22.8446255,-43.2362566,-92,3,724,5,54005249,44521,6,-17,-1,
422,4,2024.04.03_16.47.16,258,-22.8446255,-43.2362566,-92,3,724,5,54005249,44521,6,-17,-1,
423,4,2024.04.03_16.47.17,192,-22.8446255,-43.2362566,-92,3,724,5,54005249,44521,6,-17,-1,
424,4,2024.04.03_16.47.18,169,-22.8446255,-43.2362566,-92,3,724,5,54005249,44521,6,-17,-1,
425,4,2024.04.03_16.47.19,151,-22.8446274,-43.2362561,-92,3,724,5,54005249,44521,6,-18,-5,
426,4,2024.04.03_16.47.20,224,-22.8446274,-43.2362561,-92,3,724,5,54005249,44521,6,-18,-5,
427,4,2024.04.03_16.47.21,129,-22.8446274,-43.2362561,-92,3,724,5,54005249,44521,6,-18,-5,
428,4,2024.04.03_16.47.22,147,-22.8446274,-43.2362561,-92,3,724,5,54005249,44521,6,-18,-5,
429,4,2024.04.03_16.47.23,284,-22.8446274,-43.2362561,-92,3,724,5,54005249,44521,6,-18,-5,
430,4,2024.04.03_16.47.24,114,-22.8446284,-43.2362561,-89,3,724,5,54005249,44521,6,-16,-5,
431,4,2024.04.03_16.47.25,165,-22.8446284,-43.2362561,-89,3,724,5,54005249,44521,6,-16,-5,
432,4,2024.04.03_16.47.26,286,-22.8446284,-43.2362561,-89,3,724,5,54005249,44521,6,-16,-5,
433,4,2024.04.03_16.47.27,268,-22.8446284,-43.2362561,-89,3,724,5,54005249,44521,6,-16,-5,
434,4,2024.04.03_16.47.28,199,-22.8446284,-43.2362561,-89,3,724,5,54005249,44521,6,-16,-5,
435,4,2024.04.03_16.47.29,137,-22.8446287,-43.236256,-90,3,724,5,54005249,44521,6,-18,-8,
436,4,2024.04.03_16.47.30,117,-22.8446287,-43.236256,-90,3,724,5,54005249,44521,6,-18,-8,
437,4,2024.04.03_16.47.31,241,-22.8446287,-43.236256,-90,3,724,5,54005249,44521,6,-18,-8,
438,4,2024.04.03_16.47.32,176,-22.8446287,-43.236256,-90,3,724,5,54005249,44521,6,-18,-8,
439,4,2024.04.03_16.47.33,595,-22.8446287,-43.236256,-107,1,724,5,54199326,44521,6,-20,-4,
440,4,2024.04.03_16.47.34,291,-22.8446287,-43.236256,-89,3,724,5,54005249,44521,6,-14,-4,
441,4,2024.04.03_16.47.35,180,-22.8446287,-43.236256,-89,3,724,5,54005249,44521,6,-14,-4,
442,4,2024.04.03_16.47.36,140,-22.8446287,-43.236256,-89,3,724,5,54005249,44521,6,-14,-4,
443,4,2024.04.03_16.47.37,361,-22.8446287,-43.236256,-89,3,724,5,54005249,44521,6,-14,-4,
444,4,2024.04.03_16.47.38,154,-22.8446287,-43.236256,-89,3,724,5,54005249,44521,6,-14,-4,
445,4,2024.04.03_16.47.39,189,-22.8446288,-43.2362558,-95,3,724,5,54005249,44521,6,-17,-1,
446,4,2024.04.03_16.47.40,239,-22.8446288,-43.2362558,-95,3,724,5,54005249,44521,6,-17,-1,
447,4,2024.04.03_16.47.41,97,-22.8446288,-43.2362558,-95,3,724,5,54005249,44521,6,-17,-1,
448,4,2024.04.03_16.47.42,144,-22.8446288,-43.2362558,-95,3,724,5,54005249,44521,6,-17,-1,
449,4,2024.04.03_16.47.43,138,-22.8446288,-43.2362558,-95,3,724,5,54005249,44521,6,-17,-1,
450,4,2024.04.03_16.47.44,127,-22.8446288,-43.2362556,-91,3,724,5,54005249,44521,6,-15,1,
451,4,2024.04.03_16.47.48,2998,-22.8446288,-43.2362556,-91,3,724,5,54005249,44521,6,-15,1,
452,4,2024.04.03_16.47.48,2164,-22.8446288,-43.2362556,-91,3,724,5,54005249,44521,6,-15,1,
453,4,2024.04.03_16.47.48,1165,-22.8446288,-43.2362556,-91,3,724,5,54005249,44521,6,-15,1,
454,4,2024.04.03_16.47.48,250,-22.8446288,-43.2362556,-91,3,724,5,54005249,44521,6,-15,1,
455,4,2024.04.03_16.47.49,626,-22.8446293,-43.2362559,-88,3,724,5,54005261,44521,6,-14,1,
456,4,2024.04.03_16.47.50,137,-22.8446293,-43.2362559,-88,3,724,5,54005261,44521,6,-14,1,
457,4,2024.04.03_16.47.51,169,-22.8446293,-43.2362559,-88,3,724,5,54005261,44521,6,-14,1,
458,4,2024.04.03_16.47.52,208,-22.8446293,-43.2362559,-88,3,724,5,54005261,44521,6,-15,-1,
459,4,2024.04.03_16.47.53,169,-22.8446293,-43.2362559,-88,3,724,5,54005261,44521,6,-15,-1,
460,4,2024.04.03_16.47.54,136,-22.8446295,-43.2362558,-90,3,724,5,54005261,44521,6,-15,-2,
461,4,2024.04.03_16.47.55,222,-22.8446295,-43.2362558,-90,3,724,5,54005261,44521,6,-15,-2,
462,4,2024.04.03_16.47.56,206,-22.8446295,-43.2362558,-90,3,724,5,54005261,44521,6,-15,-2,
463,4,2024.04.03_16.47.57,180,-22.8446295,-43.2362558,-90,3,724,5,54005261,44521,6,-15,-2,
464,4,2024.04.03_16.47.58,137,-22.8446295,-43.2362558,-90,3,724,5,54005261,44521,6,-15,-2,
465,4,2024.04.03_16.47.59,214,-22.8446737,-43.2363502,-86,3,724,5,54005261,44521,6,-14,-5,
466,4,2024.04.03_16.48.00,167,-22.8446758,-43.2363545,-86,3,724,5,54005261,44521,6,-14,-5,
467,4,2024.04.03_16.48.01,143,-22.8446758,-43.2363545,-86,3,724,5,54005261,44521,6,-14,-5,
468,4,2024.04.03_16.48.02,129,-22.8446758,-43.2363545,-86,3,724,5,54005261,44521,6,-14,-5,
469,4,2024.04.03_16.48.03,182,-22.8446758,-43.2363545,-86,3,724,5,54005261,44521,6,-14,-5,
470,4,2024.04.03_16.48.04,146,-22.8447548,-43.2365008,-85,4,724,5,54005261,44521,6,-14,-1,
471,4,2024.04.03_16.48.05,162,-22.8447574,-43.2365049,-85,4,724,5,54005261,44521,6,-14,-1,
472,4,2024.04.03_16.48.06,241,-22.8447574,-43.2365049,-85,4,724,5,54005261,44521,6,-14,-1,
473,4,2024.04.03_16.48.07,182,-22.8447574,-43.2365049,-85,4,724,5,54005261,44521,6,-14,-1,
474,4,2024.04.03_16.48.08,180,-22.8447574,-43.2365049,-85,4,724,5,54005261,44521,6,-14,-1,
475,4,2024.04.03_16.48.09,270,-22.8448402,-43.2366628,-83,4,724,5,54005261,44521,6,-12,2,
476,4,2024.04.03_16.48.10,137,-22.8448455,-43.2366717,-83,4,724,5,54005261,44521,6,-12,2,
477,4,2024.04.03_16.48.11,175,-22.8448455,-43.2366717,-83,4,724,5,54005261,44521,6,-12,2,
478,4,2024.04.03_16.48.12,256,-22.8448455,-43.2366717,-83,4,724,5,54005261,44521,6,-12,2,
479,4,2024.04.03_16.48.13,138,-22.8448455,-43.2366717,-83,4,724,5,54005261,44521,6,-12,2,
480,4,2024.04.03_16.48.14,193,-22.8449863,-43.2368861,-87,3,724,5,54005261,44521,6,-13,2,
481,4,2024.04.03_16.48.15,284,-22.8449921,-43.2368961,-87,3,724,5,54005261,44521,6,-13,2,
482,4,2024.04.03_16.48.16,114,-22.8449921,-43.2368961,-87,3,724,5,54005261,44521,6,-13,2,
483,4,2024.04.03_16.48.17,124,-22.8449921,-43.2368961,-87,3,724,5,54005261,44521,6,-13,2,
484,4,2024.04.03_16.48.18,158,-22.8449921,-43.2368961,-87,3,724,5,54005261,44521,6,-13,2,
485,4,2024.04.03_16.48.19,120,-22.8451372,-43.2371165,-87,3,724,5,54005261,44521,6,-13,2,
486,4,2024.04.03_16.48.20,141,-22.8451372,-43.2371165,-87,3,724,5,54005261,44521,6,-13,2,
487,4,2024.04.03_16.48.21,187,-22.8451372,-43.2371165,-87,3,724,5,54005261,44521,6,-13,2,
488,4,2024.04.03_16.48.22,115,-22.8451372,-43.2371165,-87,3,724,5,54005261,44521,6,-13,2,
489,4,2024.04.03_16.48.23,144,-22.8451372,-43.2371165,-87,3,724,5,54005261,44521,6,-13,2,
490,4,2024.04.03_16.48.24,188,-22.8453496,-43.2373799,-87,3,724,5,54005261,44521,6,-13,2,
491,4,2024.04.03_16.48.25,170,-22.8453496,-43.2373799,-87,3,724,5,54005261,44521,6,-13,2,
492,4,2024.04.03_16.48.26,257,-22.8453496,-43.2373799,-87,3,724,5,54005261,44521,6,-13,2,
493,4,2024.04.03_16.48.27,113,-22.8453496,-43.2373799,-87,3,724,5,54005261,44521,6,-13,2,
494,4,2024.04.03_16.48.28,167,-22.8453496,-43.2373799,-87,3,724,5,54005261,44521,6,-13,2,
495,4,2024.04.03_16.48.29,284,-22.8456951,-43.2376107,-87,3,724,5,54005261,44521,6,-13,2,
496,4,2024.04.03_16.48.31,1203,-22.8456951,-43.2376107,-87,3,724,5,54005261,44521,6,-13,2,
497,4,2024.04.03_16.48.31,207,-22.8456951,-43.2376107,-87,3,724,5,54005261,44521,6,-13,2,
498,4,2024.04.03_16.48.32,201,-22.8456951,-43.2376107,-87,3,724,5,54005261,44521,6,-13,2,
499,4,2024.04.03_16.48.33,168,-22.8456951,-43.2376107,-87,3,724,5,54005261,44521,6,-13,2,
500,4,2024.04.03_16.48.34,148,-22.8461357,-43.2376978,-76,4,724,5,54005262,44521,6,-13,2,
501,4,2024.04.03_16.48.35,140,-22.8461357,-43.2376978,-76,4,724,5,54005262,44521,6,-13,2,
502,4,2024.04.03_16.48.36,285,-22.8461357,-43.2376978,-76,4,724,5,54005262,44521,6,-13,2,
503,4,2024.04.03_16.48.37,131,-22.8461357,-43.2376978,-76,4,724,5,54005262,44521,6,-13,2,
504,4,2024.04.03_16.48.38,123,-22.8461357,-43.2376978,-76,4,724,5,54005262,44521,6,-13,2,
505,4,2024.04.03_16.48.39,152,-22.846633,-43.2375685,-76,4,724,5,54005262,44521,6,-13,2,
506,4,2024.04.03_16.48.40,134,-22.846633,-43.2375685,-76,4,724,5,54005262,44521,6,-13,2,
507,4,2024.04.03_16.48.41,245,-22.846633,-43.2375685,-76,4,724,5,54005262,44521,6,-13,2,
508,4,2024.04.03_16.48.42,173,-22.846633,-43.2375685,-76,4,724,5,54005262,44521,6,-13,2,
509,4,2024.04.03_16.48.43,264,-22.8471357,-43.2372234,-76,4,724,5,54005262,44521,6,-13,2,
510,4,2024.04.03_16.48.44,115,-22.8471357,-43.2372234,-76,4,724,5,54005262,44521,6,-13,2,
511,4,2024.04.03_16.48.45,181,-22.8471357,-43.2372234,-76,4,724,5,54005262,44521,6,-13,2,
512,4,2024.04.03_16.48.46,138,-22.8471357,-43.2372234,-76,4,724,5,54005262,44521,6,-13,2,
513,4,2024.04.03_16.48.47,262,-22.8471357,-43.2372234,-76,4,724,5,54005262,44521,6,-13,2,
514,4,2024.04.03_16.48.48,187,-22.8476051,-43.2368588,-76,4,724,5,54005262,44521,6,-13,2,
515,4,2024.04.03_16.48.49,168,-22.8476051,-43.2368588,-76,4,724,5,54005262,44521,6,-13,2,
516,4,2024.04.03_16.48.50,289,-22.8476051,-43.2368588,-76,4,724,5,54005262,44521,6,-13,2,
517,4,2024.04.03_16.48.51,108,-22.8476051,-43.2368588,-76,4,724,5,54005262,44521,6,-13,2,
518,4,2024.04.03_16.48.52,177,-22.8476051,-43.2368588,-76,4,724,5,54005262,44521,6,-13,2,
519,4,2024.04.03_16.48.53,115,-22.8480358,-43.236545,-76,4,724,5,54005262,44521,6,-13,2,
520,4,2024.04.03_16.48.54,107,-22.8480358,-43.236545,-76,4,724,5,54005262,44521,6,-13,2,
521,4,2024.04.03_16.48.55,116,-22.8480358,-43.236545,-76,4,724,5,54005262,44521,6,-13,2,
522,4,2024.04.03_16.48.56,165,-22.8480358,-43.236545,-76,4,724,5,54005262,44521,6,-13,2,
523,4,2024.04.03_16.48.57,408,-22.8480358,-43.236545,-76,4,724,5,54005262,44521,6,-13,2,
524,4,2024.04.03_16.48.58,236,-22.8484688,-43.2362413,-76,4,724,5,54005262,44521,6,-13,2,
525,4,2024.04.03_16.48.59,186,-22.8484688,-43.2362413,-76,4,724,5,54005262,44521,6,-13,2,
526,4,2024.04.03_16.49.00,117,-22.8484688,-43.2362413,-76,4,724,5,54005262,44521,6,-13,2,
527,4,2024.04.03_16.49.01,251,-22.8484688,-43.2362413,-76,4,724,5,54005262,44521,6,-13,2,
528,4,2024.04.03_16.49.02,196,-22.8484688,-43.2362413,-76,4,724,5,54005262,44521,6,-13,2,
529,4,2024.04.03_16.49.03,214,-22.8488874,-43.2359561,-76,4,724,5,54005262,44521,6,-13,2,
530,4,2024.04.03_16.49.05,1237,-22.8488874,-43.2359561,-76,4,724,5,54005262,44521,6,-13,2,
531,4,2024.04.03_16.49.05,236,-22.8488874,-43.2359561,-76,4,724,5,54005262,44521,6,-13,2,
532,4,2024.04.03_16.49.06,129,-22.8488874,-43.2359561,-76,4,724,5,54005262,44521,6,-13,2,
533,4,2024.04.03_16.49.07,128,-22.8488874,-43.2359561,-76,4,724,5,54005262,44521,6,-13,2,
534,4,2024.04.03_16.49.08,130,-22.8493035,-43.2356155,-76,4,724,5,54005262,44521,6,-13,2,
535,4,2024.04.03_16.49.09,121,-22.8493035,-43.2356155,-76,4,724,5,54005262,44521,6,-13,2,
536,4,2024.04.03_16.49.10,194,-22.8493035,-43.2356155,-76,4,724,5,54005262,44521,6,-13,2,
537,4,2024.04.03_16.49.12,642,-22.8493035,-43.2356155,-76,4,724,5,54005262,44521,6,-13,2,
538,4,2024.04.03_16.49.12,284,-22.8493035,-43.2356155,-76,4,724,5,54005262,44521,6,-13,2,
539,4,2024.04.03_16.49.13,204,-22.8496449,-43.2353566,-76,4,724,5,54005262,44521,6,-13,2,
540,4,2024.04.03_16.49.14,199,-22.8496449,-43.2353566,-76,4,724,5,54005262,44521,6,-13,2,
541,4,2024.04.03_16.49.15,313,-22.8496449,-43.2353566,-76,4,724,5,54005262,44521,6,-13,2,
542,4,2024.04.03_16.49.16,317,-22.8496449,-43.2353566,-76,4,724,5,54005262,44521,6,-13,2,
543,4,2024.04.03_16.49.17,247,-22.8496449,-43.2353566,-76,4,724,5,54005262,44521,6,-13,2,
544,4,2024.04.03_16.49.18,294,-22.8499177,-43.2351736,-76,4,724,5,54005262,44521,6,-13,2,
545,4,2024.04.03_16.49.19,257,-22.8499177,-43.2351736,-76,4,724,5,54005262,44521,6,-13,2,
546,4,2024.04.03_16.49.20,209,-22.8499177,-43.2351736,-76,4,724,5,54005262,44521,6,-13,2,
547,4,2024.04.03_16.49.22,1203,-22.8499177,-43.2351736,-76,4,724,5,54005262,44521,6,-13,2,
548,4,2024.04.03_16.49.23,456,-22.8499177,-43.2351736,-76,4,724,5,54005262,44521,6,-13,2,
549,4,2024.04.03_16.49.24,488,-22.8501844,-43.2349858,-76,4,724,5,54005262,44521,6,-13,2,
550,4,2024.04.03_16.49.25,349,-22.8501844,-43.2349858,-76,4,724,5,54005262,44521,6,-13,2,
551,4,2024.04.03_16.49.26,284,-22.8501844,-43.2349858,-76,4,724,5,54005262,44521,6,-13,2,
552,4,2024.04.03_16.49.26,171,-22.8501844,-43.2349858,-76,4,724,5,54005262,44521,6,-13,2,
553,4,2024.04.03_16.49.28,406,-22.8501844,-43.2349858,-76,4,724,5,54005262,44521,6,-13,2,
554,4,2024.04.03_16.49.28,216,-22.8504563,-43.2348056,-76,4,724,5,54005262,44521,6,-13,2,
555,4,2024.04.03_16.49.29,195,-22.8504563,-43.2348056,-76,4,724,5,54005262,44521,6,-13,2,
556,4,2024.04.03_16.49.30,154,-22.8504563,-43.2348056,-76,4,724,5,54005262,44521,6,-13,2,
557,4,2024.04.03_16.49.31,176,-22.8504563,-43.2348056,-76,4,724,5,54005262,44521,6,-13,2,
558,4,2024.04.03_16.49.33,251,-22.8504563,-43.2348056,-76,4,724,5,54005262,44521,6,-13,2,
559,4,2024.04.03_16.49.34,285,-22.8508363,-43.2345496,-76,4,724,5,54005262,44521,6,-13,2,
560,4,2024.04.03_16.49.35,219,-22.8508363,-43.2345496,-76,4,724,5,54005262,44521,6,-13,2,
561,4,2024.04.03_16.49.36,321,-22.8508363,-43.2345496,-76,4,724,5,54005262,44521,6,-13,2,
562,4,2024.04.03_16.49.37,265,-22.8508363,-43.2345496,-76,4,724,5,54005262,44521,6,-13,2,
563,4,2024.04.03_16.49.38,236,-22.8508363,-43.2345496,-110,1,724,5,54005250,44521,6,-16,-1,
564,4,2024.04.03_16.49.38,191,-22.8512632,-43.234235,-110,1,724,5,54005250,44521,6,-16,-1,
565,4,2024.04.03_16.49.40,597,-22.8512632,-43.234235,-108,1,724,5,54005258,44521,6,-20,-6,
566,4,2024.04.03_16.49.41,236,-22.8512632,-43.234235,-111,1,724,5,53821441,44521,6,-16,-6,
567,4,2024.04.03_16.49.42,210,-22.8512632,-43.234235,-111,1,724,5,53821441,44521,6,-16,-6,
568,4,2024.04.03_16.49.43,317,-22.8512632,-43.234235,-111,1,724,5,53821441,44521,6,-16,-6,
569,4,2024.04.03_16.49.44,374,-22.8517573,-43.2338542,-111,1,724,5,53821441,44521,6,-16,-6,
570,4,2024.04.03_16.49.45,369,-22.8517573,-43.2338542,-111,1,724,5,53821441,44521,6,-16,-6,
571,4,2024.04.03_16.49.46,458,-22.8517573,-43.2338542,-111,1,724,5,53821441,44521,6,-16,-6,
572,4,2024.04.03_16.49.47,193,-22.8517573,-43.2338542,-111,1,724,5,53821441,44521,6,-16,-6,
573,4,2024.04.03_16.49.48,300,-22.8517573,-43.2338542,-111,1,724,5,53821441,44521,6,-16,-6,
574,4,2024.04.03_16.49.49,484,-22.8521982,-43.233545,-111,1,724,5,53821441,44521,6,-16,-6,
575,4,2024.04.03_16.49.50,235,-22.8521982,-43.233545,-111,1,724,5,53821441,44521,6,-16,-6,
576,4,2024.04.03_16.49.51,252,-22.8521982,-43.233545,-111,1,724,5,53821441,44521,6,-16,-6,
577,4,2024.04.03_16.49.52,576,-22.8521982,-43.233545,-111,1,724,5,53821441,44521,6,-16,-6,
578,4,2024.04.03_16.49.53,475,-22.8521982,-43.233545,-111,1,724,5,53821441,44521,6,-16,-6,
579,4,2024.04.03_16.49.54,391,-22.8526291,-43.2332411,-111,1,724,5,53821441,44521,6,-16,-6,
580,4,2024.04.03_16.49.56,1506,-22.8526291,-43.2332411,-111,1,724,5,53821441,44521,6,-16,-6,
581,4,2024.04.03_16.49.56,539,-22.8526291,-43.2332411,-111,1,724,5,53821441,44521,6,-16,-6,
582,4,2024.04.03_16.49.57,205,-22.8526291,-43.2332411,-111,1,724,5,53821441,44521,6,-16,-6,
583,4,2024.04.03_16.49.58,353,-22.8530646,-43.2329662,-111,1,724,5,53821441,44521,6,-16,-6,
584,4,2024.04.03_16.49.59,201,-22.8530646,-43.2329662,-111,1,724,5,53821441,44521,6,-16,-6,
585,4,2024.04.03_16.50.00,157,-22.8530646,-43.2329662,-111,1,724,5,53821441,44521,6,-16,-6,
586,4,2024.04.03_16.50.01,258,-22.8530646,-43.2329662,-111,1,724,5,53821441,44521,6,-16,-6,
587,4,2024.04.03_16.50.02,194,-22.8530646,-43.2329662,-111,1,724,5,53821441,44521,6,-16,-6,
588,4,2024.04.03_16.50.03,399,-22.8530646,-43.2329662,-111,1,724,5,53821441,44521,6,-16,-6,
589,4,2024.04.03_16.50.04,333,-22.8535793,-43.2325714,-111,1,724,5,53821441,44521,6,-16,-6,
590,4,2024.04.03_16.50.05,221,-22.8535793,-43.2325714,-111,1,724,5,53821441,44521,6,-16,-6,
591,4,2024.04.03_16.50.06,403,-22.8535793,-43.2325714,-111,1,724,5,53821441,44521,6,-16,-6,
592,4,2024.04.03_16.50.07,371,-22.8535793,-43.2325714,-111,1,724,5,53821441,44521,6,-16,-6,
593,4,2024.04.03_16.50.08,239,-22.8535793,-43.2325714,-111,1,724,5,53821441,44521,6,-16,-6,
594,4,2024.04.03_16.50.09,170,-22.8540547,-43.2322147,-111,1,724,5,53821441,44521,6,-16,-6,
595,4,2024.04.03_16.50.10,162,-22.8540547,-43.2322147,-111,1,724,5,53821441,44521,6,-16,-6,
596,4,2024.04.03_16.50.11,348,-22.8540547,-43.2322147,-111,1,724,5,53821441,44521,6,-16,-6,
597,4,2024.04.03_16.50.12,237,-22.8540547,-43.2322147,-111,1,724,5,53821441,44521,6,-16,-6,
598,4,2024.04.03_16.50.13,365,-22.8540547,-43.2322147,-111,1,724,5,53821441,44521,6,-16,-6,
599,4,2024.04.03_16.50.14,309,-22.8544624,-43.2319453,-111,1,724,5,53821441,44521,6,-16,-6,
600,4,2024.04.03_16.50.15,221,-22.8544624,-43.2319453,-111,1,724,5,53821441,44521,6,-16,-6,
601,4,2024.04.03_16.50.16,182,-22.8544624,-43.2319453,-111,1,724,5,53821441,44521,6,-16,-6,
602,4,2024.04.03_16.50.17,325,-22.8544624,-43.2319453,-111,1,724,5,53821441,44521,6,-16,-6,
603,4,2024.04.03_16.50.18,673,-22.8547309,-43.2317054,-111,1,724,5,53821441,44521,6,-16,-6,
604,4,2024.04.03_16.50.19,214,-22.8547309,-43.2317054,-111,1,724,5,53821441,44521,6,-16,-6,
605,4,2024.04.03_16.50.20,398,-22.8547309,-43.2317054,-111,1,724,5,53821441,44521,6,-16,-6,
606,4,2024.04.03_16.50.21,257,-22.8547309,-43.2317054,-111,1,724,5,53821441,44521,6,-16,-6,
607,4,2024.04.03_16.50.23,1551,-22.8549846,-43.2315178,-111,1,724,5,53821441,44521,6,-16,-6,
608,4,2024.04.03_16.50.24,1273,-22.8549846,-43.2315178,-111,1,724,5,53821441,44521,6,-16,-6,
609,4,2024.04.03_16.50.25,988,-22.8549846,-43.2315178,-111,1,724,5,53821441,44521,6,-16,-6,
610,4,2024.04.03_16.50.25,579,-22.8549846,-43.2315178,-111,1,724,5,53821441,44521,6,-16,-6,
611,4,2024.04.03_16.50.26,463,-22.8549846,-43.2315178,-111,1,724,5,53821441,44521,6,-16,-6,
612,4,2024.04.03_16.50.27,399,-22.8549846,-43.2315178,-111,1,724,5,53821441,44521,6,-16,-6,
613,4,2024.04.03_16.50.28,231,-22.8549846,-43.2315178,-111,1,724,5,53821441,44521,6,-16,-6,
614,4,2024.04.03_16.50.29,246,-22.8553392,-43.2312986,-111,1,724,5,53821441,44521,6,-16,-6,
615,4,2024.04.03_16.50.30,351,-22.8553392,-43.2312986,-111,1,724,5,53821441,44521,6,-16,-6,
616,4,2024.04.03_16.50.31,242,-22.8553392,-43.2312986,-111,1,724,5,53821441,44521,6,-16,-6,
617,4,2024.04.03_16.50.32,255,-22.8553392,-43.2312986,-111,1,724,5,53821441,44521,6,-16,-6,
618,4,2024.04.03_16.50.33,197,-22.8553392,-43.2312986,-111,1,724,5,53821441,44521,6,-16,-6,
619,4,2024.04.03_16.50.34,317,-22.8558116,-43.2309517,-111,1,724,5,53821441,44521,6,-16,-6,
620,4,2024.04.03_16.50.35,233,-22.8558116,-43.2309517,-111,1,724,5,53821441,44521,6,-16,-6,
621,4,2024.04.03_16.50.36,180,-22.8558116,-43.2309517,-111,1,724,5,53821441,44521,6,-16,-6,
622,4,2024.04.03_16.50.37,430,-22.8558116,-43.2309517,-111,1,724,5,53821441,44521,6,-16,-6,
623,4,2024.04.03_16.50.38,231,-22.8558116,-43.2309517,-111,1,724,5,53821441,44521,6,-16,-6,
624,4,2024.04.03_16.50.39,189,-22.8564049,-43.2306901,-111,1,724,5,53821441,44521,6,-16,-6,
625,4,2024.04.03_16.50.40,144,-22.8564049,-43.2306901,-111,1,724,5,53821441,44521,6,-16,-6,
626,4,2024.04.03_16.50.41,141,-22.8564049,-43.2306901,-111,1,724,5,53821441,44521,6,-16,-6,
627,4,2024.04.03_16.50.42,130,-22.8564049,-43.2306901,-111,1,724,5,53821441,44521,6,-16,-6,
628,4,2024.04.03_16.50.43,179,-22.8564049,-43.2306901,-111,1,724,5,53821441,44521,6,-16,-6,
629,4,2024.04.03_16.50.44,133,-22.8569872,-43.2305042,-111,1,724,5,53821441,44521,6,-16,-6,
630,4,2024.04.03_16.50.45,132,-22.8569872,-43.2305042,-111,1,724,5,53821441,44521,6,-16,-6,
631,4,2024.04.03_16.50.46,184,-22.8569872,-43.2305042,-111,1,724,5,53821441,44521,6,-16,-6,
632,4,2024.04.03_16.50.47,151,-22.8569872,-43.2305042,-111,1,724,5,53821441,44521,6,-16,-6,
633,4,2024.04.03_16.50.48,128,-22.8569872,-43.2305042,-111,1,724,5,53821441,44521,6,-16,-6,
634,4,2024.04.03_16.50.49,204,-22.8575963,-43.2302844,-111,1,724,5,53821441,44521,6,-16,-6,
635,4,2024.04.03_16.50.50,145,-22.8576543,-43.2302523,-111,1,724,5,53821441,44521,6,-16,-6,
636,4,2024.04.03_16.50.51,282,-22.8577906,-43.2301437,-111,1,724,5,53821441,44521,6,-16,-6,
637,4,2024.04.03_16.50.52,268,-22.8578763,-43.2300473,-111,1,724,5,53821441,44521,6,-16,-6,
638,4,2024.04.03_16.50.53,155,-22.8579566,-43.2299443,-111,1,724,5,53821441,44521,6,-16,-6,
639,4,2024.04.03_16.50.54,264,-22.8580333,-43.2298321,-111,1,724,5,53821441,44521,6,-16,-6,
640,4,2024.04.03_16.50.55,322,-22.8580333,-43.2298321,-111,1,724,5,53821441,44521,6,-16,-6,
641,4,2024.04.03_16.50.56,164,-22.8580333,-43.2298321,-111,1,724,5,53821441,44521,6,-16,-6,
642,4,2024.04.03_16.50.57,501,-22.8580333,-43.2298321,-105,2,724,5,53821469,44521,6,-15,1,
643,4,2024.04.03_16.50.58,274,-22.8583683,-43.229307,-105,2,724,5,53821469,44521,6,-15,1,
644,4,2024.04.03_16.50.59,215,-22.8583683,-43.229307,-105,2,724,5,53821469,44521,6,-15,1,
645,4,2024.04.03_16.51.00,300,-22.8583683,-43.229307,-105,2,724,5,53821469,44521,6,-15,1,
646,4,2024.04.03_16.51.01,173,-22.8583683,-43.229307,-102,2,724,5,53821470,44521,6,-15,-1,
647,4,2024.04.03_16.51.02,213,-22.8583683,-43.229307,-102,2,724,5,53821470,44521,6,-15,-1,
648,4,2024.04.03_16.51.03,193,-22.8583683,-43.229307,-102,2,724,5,53821470,44521,6,-15,-1,
649,4,2024.04.03_16.51.04,167,-22.8583683,-43.229307,-102,2,724,5,53821470,44521,6,-15,-1,
650,4,2024.04.03_16.51.05,153,-22.8587744,-43.2288353,-102,2,724,5,53821470,44521,6,-15,-1,
651,4,2024.04.03_16.51.06,225,-22.8587744,-43.2288353,-102,2,724,5,53821470,44521,6,-15,-1,
652,4,2024.04.03_16.51.07,208,-22.8587744,-43.2288353,-102,2,724,5,53821470,44521,6,-15,-1,
653,4,2024.04.03_16.51.08,160,-22.8587744,-43.2288353,-102,2,724,5,53821470,44521,6,-15,-1,
654,4,2024.04.03_16.51.09,212,-22.8591725,-43.2285598,-102,2,724,5,53821470,44521,6,-15,-1,
655,4,2024.04.03_16.51.10,170,-22.8591725,-43.2285598,-102,2,724,5,53821470,44521,6,-15,-1,
656,4,2024.04.03_16.51.11,135,-22.8591725,-43.2285598,-102,2,724,5,53821470,44521,6,-15,-1,
657,4,2024.04.03_16.51.12,255,-22.8591725,-43.2285598,-102,2,724,5,53821470,44521,6,-15,-1,
658,4,2024.04.03_16.51.13,184,-22.8591725,-43.2285598,-102,2,724,5,53821470,44521,6,-15,-1,
659,4,2024.04.03_16.51.14,400,-22.8594436,-43.2285048,-102,2,724,5,53821470,44521,6,-15,-1,
660,4,2024.04.03_16.51.15,268,-22.8594436,-43.2285048,-102,2,724,5,53821470,44521,6,-15,-1,
661,4,2024.04.03_16.51.16,231,-22.8594436,-43.2285048,-102,2,724,5,53821470,44521,6,-15,-1,
662,4,2024.04.03_16.51.17,163,-22.8594436,-43.2285048,-102,2,724,5,53821470,44521,6,-15,-1,
663,4,2024.04.03_16.51.18,274,-22.8594436,-43.2285048,-102,2,724,5,53821470,44521,6,-15,-1,
664,4,2024.04.03_16.51.19,147,-22.8595576,-43.2285142,-102,2,724,5,53821470,44521,6,-15,-1,
665,4,2024.04.03_16.51.20,214,-22.8595576,-43.2285142,-98,2,724,5,53821470,44521,6,-15,13,
666,4,2024.04.03_16.51.21,167,-22.8595718,-43.2285063,-98,2,724,5,53821470,44521,6,-15,13,
667,4,2024.04.03_16.51.22,270,-22.8595718,-43.2285063,-98,2,724,5,53821470,44521,6,-15,13,
668,4,2024.04.03_16.51.23,197,-22.8595718,-43.2285063,-98,2,724,5,53821470,44521,6,-15,13,
669,4,2024.04.03_16.51.24,146,-22.8597064,-43.2284578,-98,2,724,5,53821470,44521,6,-15,13,
670,4,2024.04.03_16.51.25,142,-22.8597064,-43.2284578,-97,2,724,5,53821470,44521,6,-12,15,
671,4,2024.04.03_16.51.26,120,-22.8597205,-43.228461,-97,2,724,5,53821470,44521,6,-12,15,
672,4,2024.04.03_16.51.27,165,-22.8597205,-43.228461,-97,2,724,5,53821470,44521,6,-12,15,
673,4,2024.04.03_16.51.28,151,-22.8597205,-43.228461,-97,2,724,5,53821470,44521,6,-12,15,
674,4,2024.04.03_16.51.29,294,-22.8598067,-43.2285539,-97,2,724,5,53821470,44521,6,-12,15,
675,4,2024.04.03_16.51.30,209,-22.8598067,-43.2285539,-97,2,724,5,53821470,44521,6,-12,15,
676,4,2024.04.03_16.51.31,157,-22.8598067,-43.2285539,-97,2,724,5,53821470,44521,6,-12,15,
677,4,2024.04.03_16.51.32,281,-22.8598067,-43.2285539,-97,2,724,5,53821470,44521,6,-12,15,
678,4,2024.04.03_16.51.33,222,-22.8598067,-43.2285539,-97,2,724,5,53821470,44521,6,-12,15,
679,4,2024.04.03_16.51.34,168,-22.8598974,-43.2286911,-97,2,724,5,53821470,44521,6,-13,15,
680,4,2024.04.03_16.51.35,292,-22.8598986,-43.2286917,-97,2,724,5,53821470,44521,6,-13,15,
681,4,2024.04.03_16.51.36,146,-22.8598986,-43.2286917,-97,2,724,5,53821470,44521,6,-13,15,
682,4,2024.04.03_16.51.37,126,-22.8598986,-43.2286917,-97,2,724,5,53821470,44521,6,-13,15,
683,4,2024.04.03_16.51.38,157,-22.8598986,-43.2286917,-97,2,724,5,53821470,44521,6,-13,15,
684,4,2024.04.03_16.51.39,137,-22.8601085,-43.228579,-97,2,724,5,53821470,44521,6,-13,15,
685,4,2024.04.03_16.51.40,161,-22.8601085,-43.228579,-97,2,724,5,53821470,44521,6,-13,15,
686,4,2024.04.03_16.51.41,217,-22.8601085,-43.228579,-97,2,724,5,53821470,44521,6,-13,15,
687,4,2024.04.03_16.51.43,462,-22.8601085,-43.228579,-97,2,724,5,53821470,44521,6,-13,15,
688,4,2024.04.03_16.51.43,176,-22.8601085,-43.228579,-97,2,724,5,53821470,44521,6,-13,15,
689,4,2024.04.03_16.51.44,213,-22.8603519,-43.2284363,-110,1,724,5,53821470,44521,6,-14,10,
690,4,2024.04.03_16.51.45,183,-22.8603563,-43.2284338,-110,1,724,5,53821470,44521,6,-14,10,
691,4,2024.04.03_16.51.46,137,-22.8603563,-43.2284338,-110,1,724,5,53821470,44521,6,-14,10,
692,4,2024.04.03_16.51.47,261,-22.8603563,-43.2284338,-110,1,724,5,53821470,44521,6,-14,10,
693,4,2024.04.03_16.51.48,186,-22.8603563,-43.2284338,-110,1,724,5,53821470,44521,6,-14,10,
694,4,2024.04.03_16.51.49,145,-22.8605723,-43.2282723,-110,1,724,5,53821470,44521,6,-14,10,
695,4,2024.04.03_16.51.50,246,-22.8605723,-43.2282723,-110,1,724,5,53821470,44521,6,-14,10,
696,4,2024.04.03_16.51.51,202,-22.8605723,-43.2282723,-110,1,724,5,53821470,44521,6,-14,10,
697,4,2024.04.03_16.51.52,151,-22.8605723,-43.2282723,-110,1,724,5,53821470,44521,6,-14,10,
698,4,2024.04.03_16.51.53,289,-22.8605723,-43.2282723,-110,1,724,5,53821470,44521,6,-14,10,
699,4,2024.04.03_16.51.54,259,-22.8607304,-43.2281111,-111,1,724,5,53821470,44521,6,-14,6,
700,4,2024.04.03_16.51.55,197,-22.860733,-43.2281082,-111,1,724,5,53821470,44521,6,-14,6,
701,4,2024.04.03_16.51.57,280,-22.860733,-43.2281082,-111,1,724,5,53821470,44521,6,-14,6,
702,4,2024.04.03_16.51.57,142,-22.860733,-43.2281082,-111,1,724,5,53821470,44521,6,-14,6,
703,4,2024.04.03_16.51.58,172,-22.860733,-43.2281082,-111,1,724,5,53821470,44521,6,-14,6,
704,4,2024.04.03_16.51.59,134,-22.8609195,-43.2279684,-111,1,724,5,53821470,44521,6,-15,3,
705,4,2024.04.03_16.52.00,135,-22.8609275,-43.2279616,-111,1,724,5,53821470,44521,6,-15,3,
706,4,2024.04.03_16.52.01,136,-22.8609275,-43.2279616,-111,1,724,5,53821470,44521,6,-15,3,
707,4,2024.04.03_16.52.02,191,-22.8609275,-43.2279616,-111,1,724,5,53821470,44521,6,-15,3,
708,4,2024.04.03_16.52.04,272,-22.8609275,-43.2279616,-111,1,724,5,53821470,44521,6,-15,3,
709,4,2024.04.03_16.52.05,278,-22.861076,-43.2280221,-111,1,724,5,53821470,44521,6,-15,3,
710,4,2024.04.03_16.52.05,189,-22.861076,-43.2280221,-111,1,724,5,53821470,44521,6,-15,3,
711,4,2024.04.03_16.52.06,146,-22.861076,-43.2280221,-111,1,724,5,53821470,44521,6,-15,3,
712,4,2024.04.03_16.52.08,228,-22.861076,-43.2280221,-111,1,724,5,53821470,44521,6,-15,3,
713,4,2024.04.03_16.52.08,186,-22.861076,-43.2280221,-111,1,724,5,53821470,44521,6,-15,3,
714,4,2024.04.03_16.52.09,163,-22.8612046,-43.2281832,-108,1,724,5,53821470,44521,6,-15,-2,
715,4,2024.04.03_16.52.11,285,-22.8612057,-43.2281841,-108,1,724,5,53821470,44521,6,-15,-2,
716,4,2024.04.03_16.52.11,126,-22.8612057,-43.2281841,-108,1,724,5,53821470,44521,6,-15,-2,
717,4,2024.04.03_16.52.13,345,-22.8612057,-43.2281841,-111,1,724,5,53821442,44521,6,-15,-2,
718,4,2024.04.03_16.52.13,166,-22.8612057,-43.2281841,-111,1,724,5,53821442,44521,6,-15,-2,
719,4,2024.04.03_16.52.15,208,-22.861292,-43.2283469,-111,1,724,5,53821442,44521,6,-15,-2,
720,4,2024.04.03_16.52.16,163,-22.861292,-43.2283469,-111,1,724,5,53821442,44521,6,-15,-2,
721,4,2024.04.03_16.52.17,162,-22.861292,-43.2283469,-111,1,724,5,53821442,44521,6,-15,-2,
722,4,2024.04.03_16.52.18,293,-22.861292,-43.2283469,-111,1,724,5,53821442,44521,6,-15,-2,
723,4,2024.04.03_16.52.18,142,-22.861292,-43.2283469,-111,1,724,5,53821442,44521,6,-15,-2,
724,4,2024.04.03_16.52.20,211,-22.8613276,-43.2284485,-110,1,724,5,53821442,44521,6,-16,-3,
725,4,2024.04.03_16.52.21,153,-22.8613281,-43.2284483,-110,1,724,5,53821442,44521,6,-16,-3,
726,4,2024.04.03_16.52.23,203,-22.8613281,-43.2284483,-110,1,724,5,53821442,44521,6,-16,-3,
727,4,2024.04.03_16.52.23,1204,-22.8613281,-43.2284483,-110,1,724,5,53821442,44521,6,-16,-3,
728,4,2024.04.03_16.52.25,280,-22.8613583,-43.2284568,-110,1,724,5,53821442,44521,6,-16,-3,
729,4,2024.04.03_16.52.25,1294,-22.8613583,-43.2284568,-110,1,724,5,53821442,44521,6,-16,-3,
730,4,2024.04.03_16.52.26,261,-22.8613583,-43.2284568,-110,1,724,5,53821442,44521,6,-16,-3,
731,4,2024.04.03_16.52.27,211,-22.8613583,-43.2284568,-110,1,724,5,53821442,44521,6,-16,-3,
732,4,2024.04.03_16.52.28,175,-22.8613583,-43.2284568,-110,1,724,5,53821442,44521,6,-16,-3,
733,4,2024.04.03_16.52.29,279,-22.8613583,-43.2284568,-110,1,724,5,53821442,44521,6,-16,-3,
734,4,2024.04.03_16.52.30,146,-22.8613371,-43.22846,-110,1,724,5,53821442,44521,6,-16,1,
735,4,2024.04.03_16.52.31,189,-22.8613369,-43.22846,-110,1,724,5,53821442,44521,6,-16,1,
736,4,2024.04.03_16.52.32,287,-22.8613369,-43.22846,-110,1,724,5,53821442,44521,6,-16,1,
737,4,2024.04.03_16.52.33,125,-22.8613369,-43.22846,-110,1,724,5,53821442,44521,6,-16,1,
738,4,2024.04.03_16.52.34,162,-22.8613369,-43.22846,-110,1,724,5,53821442,44521,6,-16,1,
739,4,2024.04.03_16.52.35,169,-22.8613243,-43.2284615,-112,1,724,5,53821442,44521,6,-17,1,
740,4,2024.04.03_16.52.36,432,-22.8613238,-43.2284616,-112,1,724,5,53821442,44521,6,-17,1,
741,4,2024.04.03_16.52.37,253,-22.8613238,-43.2284616,-112,1,724,5,53821442,44521,6,-17,1,
742,4,2024.04.03_16.52.38,192,-22.8613238,-43.2284616,-112,1,724,5,53821442,44521,6,-17,1,
743,4,2024.04.03_16.52.39,414,-22.8613238,-43.2284616,-112,1,724,5,53821442,44521,6,-17,1,
744,4,2024.04.03_16.52.40,281,-22.8613183,-43.2284604,-115,1,724,5,53821442,44521,6,-16,-1,
745,4,2024.04.03_16.52.41,215,-22.8613182,-43.2284604,-115,1,724,5,53821442,44521,6,-16,-1,
746,4,2024.04.03_16.52.42,380,-22.8613182,-43.2284604,-115,1,724,5,53821442,44521,6,-16,-1,
747,4,2024.04.03_16.52.43,286,-22.8613182,-43.2284604,-115,1,724,5,53821442,44521,6,-16,-1,
748,4,2024.04.03_16.52.44,276,-22.8613182,-43.2284604,-115,1,724,5,53821442,44521,6,-16,-1,
749,4,2024.04.03_16.52.45,207,-22.8613185,-43.2284578,-109,1,724,5,53821442,44521,6,-15,-2,
750,4,2024.04.03_16.52.46,462,-22.8613185,-43.2284577,-109,1,724,5,53821442,44521,6,-15,-2,
751,4,2024.04.03_16.52.47,246,-22.8613185,-43.2284577,-109,1,724,5,53821442,44521,6,-15,-2,
752,4,2024.04.03_16.52.48,195,-22.8613185,-43.2284577,-109,1,724,5,53821442,44521,6,-15,-2,
753,4,2024.04.03_16.52.49,169,-22.8613185,-43.2284577,-109,1,724,5,53821442,44521,6,-15,-2,
754,4,2024.04.03_16.52.50,134,-22.8613187,-43.2284592,-111,1,724,5,53821442,44521,6,-17,-1,
755,4,2024.04.03_16.52.51,124,-22.8613187,-43.2284592,-111,1,724,5,53821442,44521,6,-17,-1,
756,4,2024.04.03_16.52.52,206,-22.8613187,-43.2284592,-111,1,724,5,53821442,44521,6,-17,-1,
757,4,2024.04.03_16.52.53,186,-22.8613187,-43.2284592,-111,1,724,5,53821442,44521,6,-17,-1,
758,4,2024.04.03_16.52.54,149,-22.8613187,-43.2284592,-111,1,724,5,53821442,44521,6,-17,-1,
759,4,2024.04.03_16.52.55,237,-22.8613182,-43.2284605,-109,1,724,5,53821442,44521,6,-16,-1,
760,4,2024.04.03_16.52.56,158,-22.8613182,-43.2284606,-109,1,724,5,53821442,44521,6,-16,-1,
761,4,2024.04.03_16.52.58,1248,-22.8613182,-43.2284606,-109,1,724,5,53821442,44521,6,-16,-1,
762,4,2024.04.03_16.52.59,119,-22.8613182,-43.2284606,-109,1,724,5,53821442,44521,6,-16,-1,
763,4,2024.04.03_16.52.59,1131,-22.8613182,-43.2284606,-109,1,724,5,53821442,44521,6,-16,-1,
764,4,2024.04.03_16.53.00,111,-22.8613186,-43.2284599,-107,1,724,5,53821442,44521,6,-16,-1,
765,4,2024.04.03_16.53.01,277,-22.8613186,-43.2284598,-107,1,724,5,53821442,44521,6,-16,-1,
766,4,2024.04.03_16.53.02,120,-22.8613186,-43.2284598,-107,1,724,5,53821442,44521,6,-16,-1,
767,4,2024.04.03_16.53.03,165,-22.8613186,-43.2284598,-107,1,724,5,53821442,44521,6,-16,-1,
768,4,2024.04.03_16.53.04,158,-22.8613186,-43.2284598,-107,1,724,5,53821442,44521,6,-16,-1,
769,4,2024.04.03_16.53.05,259,-22.8613186,-43.2284598,-107,1,724,5,53821442,44521,6,-16,-1,
